epoch,inclination,raan_sin,raan_cos,eccentricity,arg_perigee_sin,arg_perigee_cos,mean_motion,bstar
2024-01-01 00:18:14.850428+00:00,51.6422,0.9312429213380026,0.36439898663122383,0.0003347,-0.2846562148994899,0.9586296674519809,15.49961425,0.00029758000000000003
2024-01-01 04:40:56.161357+00:00,51.64,0.9253910761898569,0.37901366216559834,0.0003472,-0.3554104173105812,0.9347103483256823,15.499661309999999,0.00029045
2024-01-01 09:19:28.047657+00:00,51.6401,0.9189234384948987,0.39443594433660867,0.0003475,-0.3392633543401951,0.9406914352761161,15.499721220000001,0.00028679
2024-01-01 14:37:26.408347+00:00,51.6411,0.9111934356956718,0.41197878919322745,0.0003561,-0.2892957783116215,0.9572397571408499,15.49993638,0.00081463
2024-01-01 15:57:41.570200+00:00,51.6444,0.9092891396012776,0.4161649439863579,0.0003179,-0.28492223071500944,0.9585506363486401,15.50002034,0.0009165
2024-01-01 19:04:12.155247+00:00,51.6442,0.9045749747118128,0.4263145729682757,0.0003097,-0.3426170608437344,0.9394751458228157,15.50000501,0.00056216
2024-01-02 04:06:53.469198+00:00,51.6434,0.8901690713378114,0.45563035942919605,0.0003794,-0.19292442983706157,0.981213618113836,15.499960799999998,0.0002498
2024-01-02 08:54:37.619129+00:00,51.6435,0.8822131686399838,0.47085021511962766,0.0003279,-0.258554355588919,0.9659967107635506,15.49993229,7.0848e-05
2024-01-02 10:04:56.890550+00:00,51.6403,0.8801287636044779,0.4747350413399596,0.0003378,-0.2836839834377781,0.9589178262712996,15.50006585,0.00029671
2024-01-02 13:10:37.891477+00:00,51.6401,0.874783810568418,0.48451345158560677,0.0003432,-0.27641404924270524,0.9610386430218357,15.50006688,0.00023544
2024-01-02 13:48:36.792574+00:00,51.6439,0.8736873281910109,0.48648787503744917,0.000321,-0.24507726678988065,0.9695035499175862,15.500158790000002,0.00030777
2024-01-02 14:43:28.402763+00:00,51.6402,0.8720718348206918,0.489377885598105,0.0003585,-0.2326646200975016,0.9725570289473442,15.500115949999998,0.00027540999999999997
2024-01-02 15:08:42.858238+00:00,51.644,0.8713842595163668,0.49060113357707713,0.0003255,-0.24693643590220493,0.9690316798866362,15.500136949999998,0.00028599
2024-01-03 04:46:13.462754+00:00,51.6422,0.8462433847750986,0.5327965218771463,0.0003185,-0.22319737602820555,0.9747732717581683,15.50023469,0.00023413
2024-01-03 09:40:57.945227+00:00,51.6452,0.8366610853581959,0.5477209401211949,0.0003782,-0.26631996345561276,0.963884680376756,15.50039471,6.9534e-05
2024-01-03 13:02:11.020720+00:00,51.6439,0.8299918421119372,0.5577755301441908,0.0003275,-0.1922273771033912,0.9813504142211132,15.500398600000002,0.00026828
2024-01-03 14:21:08.866637+00:00,51.6422,0.8273149662257205,0.5617383257878484,0.0003397,-0.19738530031479248,0.9803259882404624,15.500438180000002,0.00028516
2024-01-04 04:01:29.013022+00:00,51.6424,0.798643912892357,0.6018038720380463,0.0003381,-0.1564947991956644,0.987678782714658,15.500562059999998,0.00025541999999999996
2024-01-04 05:47:20.619166+00:00,51.6418,0.794781260164968,0.6068959947887163,0.000403,-0.2636440905761888,0.9646200254526412,15.50055701,0.001663
2024-01-04 08:58:21.946377+00:00,51.6444,0.7877936491774836,0.6159392553780153,0.0003888,-0.2463478251812086,0.9691814840516139,15.501017369999998,0.0026263
2024-01-04 13:08:39.743818+00:00,51.6405,0.7784349126236388,0.6277253275188344,0.0003581,-0.12307841191544731,0.9923969490684519,15.50063048,0.00022717
2024-01-04 13:48:27.353357+00:00,51.6424,0.7769383270058678,0.6295767117908057,0.0003248,-0.15204058487590713,0.9883742512583946,15.50066312,0.00024868000000000004
2024-01-04 14:41:30.032172+00:00,51.6404,0.7749213230998377,0.6320577054393032,0.0003537,-0.1035008329063434,0.9946293669441362,15.50064302,0.00021718
2024-01-04 15:09:28.422988+00:00,51.6422,0.7738512641902895,0.6333673664715374,0.0003389,-0.14008560727731564,0.990139395556881,15.50068135,0.00024919
2024-01-05 01:42:12.023146+00:00,51.6422,0.749222809136918,0.6623180371007462,0.0003393,-0.11122437107057981,0.9937953206168532,15.50080655,0.00024914
2024-01-05 03:12:55.859038+00:00,51.6412,0.7455713841745936,0.666425773136049,0.0003762,-0.06417699914090089,0.9979385315645792,15.50084707,0.00025932
2024-01-05 04:37:02.308512+00:00,51.6406,0.7422437380836016,0.6701300122182874,0.000358,-0.0769643919333806,0.99703384214094,15.50081209,0.00024228
2024-01-05 08:05:50.184112+00:00,51.6416,0.7337357937188547,0.6794349012346675,0.0003685,-0.06672668150433099,0.9977712914167353,15.500884230000002,0.00025047000000000003
2024-01-05 12:21:13.347629+00:00,51.6406,0.7232805839548676,0.6905542678703142,0.0003574,-0.046307962337715065,0.9989272108738098,15.50089017,0.00022579
2024-01-05 14:20:44.918306+00:00,51.6423,0.7182319594196295,0.6958037456555114,0.000367,-0.04823613817531412,0.9988359599923964,15.50120903,0.0010148
2024-01-05 17:27:08.280298+00:00,51.6418,0.7104249382990229,0.703772979761819,0.0003268,-0.10280989761082795,0.9947010228974589,15.50107905,0.00037543
2024-01-06 02:28:57.076891+00:00,51.642,0.6871509137894575,0.7265147085078963,0.0003449,-0.039648721133253545,0.9992136803069189,15.50107936,0.00024341
2024-01-06 10:00:55.387012+00:00,51.6408,0.6672347686941377,0.744847476632418,0.0003635,0.0198640309902048,0.9998026906709244,15.501139929999999,0.0002213
2024-01-06 13:06:35.580098+00:00,51.6408,0.6588890451234697,0.7522401386633675,0.0003644,0.028797441579253985,0.9995852676777952,15.50117107,0.00021242
2024-01-06 13:32:13.623656+00:00,51.642,0.6576435082321241,0.7533292879479359,0.0003425,0.03818201122465018,0.9992708011439345,15.50126556,0.00032478000000000004
2024-01-07 01:41:01.732399+00:00,51.6415,0.6241141784076122,0.7813331506537984,0.0003694,0.10979502850584859,0.9939542503130614,15.50142423,0.00039394
2024-01-07 04:56:37.150661+00:00,51.6389,0.6148951211359112,0.7886088954629241,0.0003979,0.054150266631912095,0.9985327979709494,15.501296709999998,0.0035328
2024-01-07 08:09:47.696845+00:00,51.6422,0.6056620839668685,0.7957219615197949,0.0003875,0.05230458334502181,0.9986311784443261,15.50139213,0.0002346
2024-01-07 12:19:06.254977+00:00,51.6408,0.5937517745384142,0.8046482649160962,0.0003681,0.09634781830199414,0.9953477271328075,15.501431389999999,0.000221
2024-01-07 12:44:03.419216+00:00,51.6418,0.5925377189181098,0.8055427062914312,0.0003824,0.09635302992918562,0.9953472226431666,15.501459590000001,0.00024346
2024-01-08 02:24:16.492897+00:00,51.6432,0.552164008080861,0.8337355145248875,0.0002756,0.3167832403176653,0.9484979592249212,15.501638970000002,0.00032992
2024-01-08 05:39:48.818036+00:00,51.6439,0.5423608909720591,0.8401456206777455,0.0003493,0.09157982871722992,0.9957977379830318,15.501888279999998,0.0038927000000000002
2024-01-08 08:59:10.791737+00:00,51.6442,0.532236632460453,0.8465956337397191,0.0003821,0.08882302143499184,0.9960474240030738,15.50211367,0.0025437
2024-01-08 13:04:25.519568+00:00,51.6406,0.5197084957383573,0.8543436541915518,0.0003711,0.16612509922337218,0.9861046858260155,15.501716399999998,0.00025602999999999997
2024-01-08 13:04:25.521298+00:00,51.6405,0.5197084957383573,0.8543436541915518,0.0003675,0.17249129646847605,0.9850110418886807,15.501706299999999,0.00024304
2024-01-08 13:32:15.260944+00:00,51.6421,0.5182001742578265,0.8552593638184607,0.0003831,0.17305859346001426,0.9849115306613287,15.501717749999997,0.00023319
2024-01-09 01:51:54.449840+00:00,51.6415,0.4796753383657683,0.8774460494889049,0.0003807,0.21980193577312468,0.9755445192457324,15.50184415,0.00022957
2024-01-09 03:28:35.866854+00:00,51.6421,0.4745844951776875,0.880209950487348,0.0003486,0.18593071603584185,0.9825628574469926,15.50186174,0.00022862
2024-01-09 12:16:53.287965+00:00,51.6406,0.44651642366538435,0.8947754374126924,0.0003653,0.24455098670864922,0.9696364343916879,15.50199616,0.00026426
2024-01-09 12:52:06.726150+00:00,51.6421,0.4445679555195448,0.8957451272126308,0.0003666,0.24340849125304728,0.9699238662832848,15.50197586,0.00023226
2024-01-09 21:33:51.948302+00:00,51.6407,0.41633315981038843,0.9092121314865401,0.0003673,0.27061220745412795,0.9626884403465142,15.50210588,0.00025487
2024-01-09 21:51:29.732265+00:00,51.6416,0.4152680817415523,0.9096990822720947,0.000391,0.283322459783621,0.9590247044691593,15.50208008,0.00023380000000000002
2024-01-10 01:03:54.561619+00:00,51.6415,0.4047234778035424,0.9144391212730378,0.0003896,0.29644323077304835,0.9550504755921737,15.502128270000002,0.00023692
2024-01-10 05:41:06.929662+00:00,51.6415,0.3894695936804304,0.9210393235896068,0.0003716,0.26874498846268374,0.9632113637079829,15.502176,0.00023542
2024-01-10 08:47:14.326663+00:00,51.6415,0.37915094252407194,0.9253348381981021,0.0003737,0.2786407974957639,0.9603953904361082,15.50221648,0.00023730000000000002
2024-01-10 12:04:08.121808+00:00,51.6417,0.36819757602365294,0.9297475705858587,0.0003872,0.3431466273585832,0.939281849144563,15.50231428,0.00026814
2024-01-10 21:04:46.986252+00:00,51.6417,0.3377655887409291,0.9412302625088579,0.000384,0.36771071088459567,0.9299402309292492,15.502382990000001,0.00024486
2024-01-11 01:35:06.241348+00:00,51.6416,0.32242925966884767,0.9465935624698696,0.0003849,0.37943355227752995,0.9252189899726739,15.502449450000002,0.00024816
2024-01-11 04:30:25.475057+00:00,51.6404,0.3125620575007895,0.9498973419327339,0.0003837,0.3460662955346517,0.9382100612842111,15.502542249999998,0.00027881
2024-01-11 06:26:20.738116+00:00,51.6427,0.30588308007536913,0.9520690843229841,0.0003857,0.3306659348453905,0.943747868624255,15.502516030000002,0.00025226
2024-01-11 09:08:54.251819+00:00,51.6404,0.2966315821676473,0.9549919918306741,0.0003852,0.3544852524963039,0.9350616053301685,15.502605159999998,0.00028198000000000003
2024-01-11 12:14:33.370961+00:00,51.6404,0.2859609877531691,0.9582412605827574,0.0003845,0.3643063412739991,0.9312791685136914,15.502666039999998,0.0003017
2024-01-11 12:51:44.664753+00:00,51.6422,0.28375929579270764,0.9588955428258213,0.0004055,0.4141150607519858,0.9102245417798727,15.50266176,0.00028469
2024-01-11 21:31:30.578882+00:00,51.6404,0.25374612716094364,0.9672708529418336,0.0003843,0.3900916138208628,0.9207760492251277,15.50279841,0.00030586999999999997
2024-01-11 21:51:23.236706+00:00,51.6425,0.2524932657937735,0.9675986516778508,0.0003871,0.4405566031849811,0.8977248350079835,15.502747349999998,0.00026478
2024-01-12 01:02:45.286074+00:00,51.6418,0.24140534826549878,0.9704243699685273,0.0004253,0.480751573909684,0.8768568436086712,15.502875,0.00032806999999999997
2024-01-12 08:59:52.867670+00:00,51.6421,0.2134532723289031,0.97695327448762,0.0004254,0.41553638909990775,0.9095765549604993,15.50292054,0.00027586
2024-01-12 09:54:06.366821+00:00,51.6406,0.21036085327222034,0.9776238087375856,0.0003796,0.42089807964497966,0.9071079354471376,15.50298891,0.00031475
2024-01-12 12:03:49.949265+00:00,51.6425,0.20265740454051687,0.9792497007326074,0.0004122,0.46390378587958775,0.8858855893661357,15.50299019,0.00028836000000000004
2024-01-13 07:59:37.434615+00:00,51.6402,0.13200726644597643,0.9912487486022169,0.0004874,0.999994599611688,0.003286449065458835,15.49380128,0.0020926
2024-01-13 10:39:58.287159+00:00,51.6401,0.12247390038086246,0.9924717344718179,0.0004784,0.9973454489468633,0.07281521451578479,15.493456959999998,0.00032998
2024-01-13 11:15:03.373065+00:00,51.6419,0.12050589315995534,0.9927126118437911,0.0004859,0.9974851381183549,0.07087594255462479,15.49372261,0.0011034
2024-01-13 18:39:30.780582+00:00,51.6426,0.0939467168215516,0.9955772267375601,0.0004884,0.9996435749230007,-0.026696874632869093,15.49373177,0.00054622
2024-01-13 21:51:44.707118+00:00,51.6427,0.08246207487483788,0.9965942033783544,0.0004878,0.9986704212848515,-0.05154987537072329,15.493697250000002,0.00040202
2024-01-14 01:03:39.508995+00:00,51.6428,0.07095428463549429,0.9974795684583546,0.0004879,0.9999414908689467,-0.010817339727873871,15.49367927,0.00030733
2024-01-14 05:40:41.655085+00:00,51.6428,0.054347198418160166,0.9985220989162419,0.0004916,0.9999122128835389,0.013250151936648469,15.49370626,0.00026444
2024-01-14 08:57:47.180724+00:00,51.6431,0.042550494068339995,0.9990943175969625,0.0004979,0.999987489455671,-0.005002092776477023,15.49377144,0.000288
2024-01-14 11:26:03.037924+00:00,51.6403,0.03363487621807391,0.9994341874789929,0.0004779,0.9995359862431165,0.030460009931065447,15.49384941,0.0003332
2024-01-14 12:03:39.411081+00:00,51.6433,0.03139331439297138,0.9995071084346644,0.000495,0.9992727989795875,-0.038129689475537826,15.493842420000002,0.00031684000000000004
2024-01-14 22:27:22.478102+00:00,51.6432,-0.006042293103146251,0.9999817451804086,0.0004888,0.9994219112035688,-0.03399769707209257,15.49404381,0.00034777
2024-01-15 01:45:02.107599+00:00,51.6427,-0.017890415669514364,0.999839953706178,0.0004945,0.9995255616192658,-0.030800189442460896,15.49406907,0.00033022000000000005
2024-01-15 03:14:42.907783+00:00,51.6428,-0.023282333606585506,0.9997289297313705,0.0004918,0.9987123718850724,-0.05073064402994288,15.494083440000002,0.00032512999999999997
2024-01-15 04:56:48.570997+00:00,51.6428,-0.02939932518792787,0.9995677464176675,0.0004931,0.9989553124184896,-0.04569774382699792,15.49411179,0.00032648
2024-01-15 10:39:12.877065+00:00,51.6401,-0.049895690160708724,0.9987544343347801,0.0004787,0.9997942823328181,-0.020282825607030146,15.49424201,0.00035263
2024-01-15 11:16:22.236367+00:00,51.6428,-0.052154689898524516,0.998639018024826,0.0005098,0.9974462705993539,-0.07142084616861138,15.49428894,0.00040194000000000004
2024-01-15 20:16:17.474896+00:00,51.6426,-0.08450741651940531,0.9964228502765359,0.0005,0.9963124249997083,-0.08579948596116825,15.49439831,0.00035143
2024-01-15 21:29:20.711914+00:00,51.6401,-0.08880911398069043,0.9960486641093219,0.0004785,0.9982268655239421,-0.05952415430936938,15.494434970000002,0.00036443
2024-01-16 01:04:24.921703+00:00,51.6424,-0.10171436850496018,0.9948136444780183,0.0004992,0.9950925965261573,-0.09894808911156559,15.49449025,0.00035733
2024-01-16 07:26:43.650833+00:00,51.6426,-0.12450896460590877,0.992218482861897,0.000506,0.9938522619872574,-0.11071441343751008,15.49461731,0.00037457
2024-01-16 09:02:00.464926+00:00,51.6426,-0.13017491329812383,0.9914910448147406,0.0005018,0.992872207601343,-0.11918380499394905,15.49462555,0.00035838
2024-01-16 09:52:20.463754+00:00,51.6403,-0.13310231075283258,0.9911023029295495,0.0004736,0.9961277804403423,-0.08791726244030373,15.49467034,0.00039223999999999997
2024-01-16 10:29:13.941026+00:00,51.6424,-0.1353801035107626,0.9907937361395737,0.0004987,0.9935605888777225,-0.11330205747890577,15.494650689999999,0.00035883
2024-01-16 17:51:08.531146+00:00,51.6424,-0.16159520915646203,0.9868571266286115,0.0005028,0.9912731536296567,-0.131823878311613,15.49480455,0.00037769999999999997
2024-01-16 20:42:27.250570+00:00,51.6404,-0.17165743800621588,0.9851567002143071,0.0004757,0.991955314971883,-0.12658851882786343,15.49485633,0.00036728
2024-01-16 21:04:56.052186+00:00,51.6419,-0.1730396844841663,0.9849148529662959,0.000513,0.9883051556682002,-0.15248907921439683,15.49499681,0.00058271
2024-01-17 00:16:43.591297+00:00,51.6423,-0.18439222736787467,0.9828527389626149,0.0004974,0.9891203533433695,-0.14710855380258506,15.4949006,0.00036532
2024-01-17 04:51:53.084730+00:00,51.6425,-0.20058379768126108,0.979676548717873,0.0005026,0.9852204466708827,-0.1712911890951379,15.49498234,0.00036616
2024-01-17 08:02:01.859139+00:00,51.6426,-0.21175296021427575,0.9773232238315487,0.0005009,0.9847209513782702,-0.17413973675377623,15.495040019999998,0.00036727
2024-01-17 09:05:25.812676+00:00,51.6404,-0.21538473784230974,0.9765292697633796,0.0004762,0.9887587298207049,-0.14951981207634754,15.49508137,0.00037001
2024-01-17 09:40:29.154154+00:00,51.6429,-0.21752660471993718,0.9760543920494473,0.0005137,0.987744520863409,-0.15607934361828443,15.49509122,0.00037894000000000003
2024-01-17 19:55:31.506519+00:00,51.6404,-0.25331223267768377,0.9673845733604847,0.000481,0.982060221225018,-0.18856755258386518,15.495282120000002,0.00036845
2024-01-17 21:52:37.584764+00:00,51.6422,-0.2602062392473844,0.9655530607153254,0.0004982,0.9799167006894731,-0.19940727095534305,15.495292520000001,0.00037148
2024-01-18 04:05:42.820818+00:00,51.6428,-0.2817587418781924,0.9594852846058757,0.0005114,0.9802387335784049,-0.19781816193819246,15.49541353,0.00037663000000000003
2024-01-18 04:10:34.680873+00:00,51.6411,-0.28195131724090156,0.9594287126754757,0.0005044,0.9702640504611277,-0.24204890494023326,15.49543046,0.0007877499999999999
2024-01-18 08:43:52.421945+00:00,51.6427,-0.297733123102476,0.9546491436164628,0.0005121,0.9791533829305881,-0.2031222604629666,15.49550055,0.0003785
2024-01-18 09:51:21.036959+00:00,51.6402,-0.3014946932561528,0.9534678546958877,0.0004806,0.9765146067270961,-0.21545120758219224,15.49551262,0.00035769
2024-01-18 10:29:15.091854+00:00,51.6427,-0.3037520500602253,0.9527511175979855,0.0004949,0.9802732444308007,-0.19764707499255274,15.49554946,0.00038757000000000006
2024-01-18 22:14:17.733696+00:00,51.6399,-0.3436810018698467,0.9390864544618555,0.0004843,0.968212283419026,-0.2501299147173638,15.495729619999999,0.00035958
2024-01-19 01:45:40.707631+00:00,51.6417,-0.35563879952224764,0.9346234772754077,0.0004987,0.9741312015441165,-0.22598319003460415,15.495803120000001,0.00037822
2024-01-19 04:53:25.404849+00:00,51.6422,-0.36616505861814985,0.9305499179770889,0.0005158,0.9699531723791286,-0.24329168377004673,15.49586177,0.00038019999999999997
2024-01-19 04:59:39.219639+00:00,51.6408,-0.3664443900655933,0.9304399545319705,0.0004959,0.9773420684702279,-0.2116659660841496,15.495837299999998,0.0003563
2024-01-19 08:13:03.614028+00:00,51.6423,-0.37728321594487024,0.9260979294687449,0.0005147,0.9689544862140415,-0.247239162847804,15.49592244,0.00038062
2024-01-19 09:41:07.925298+00:00,51.6419,-0.38218996077598627,0.9240837807699311,0.0005031,0.9625172729341521,-0.27122038880475596,15.49595018,0.0003813
2024-01-19 21:27:17.288644+00:00,51.6399,-0.4208917468266647,0.9071108738479541,0.0004814,0.9461356628999403,-0.3237704547806833,15.49616182,0.00039395
2024-01-19 21:45:12.109811+00:00,51.6419,-0.4219664486725843,0.9066114472003137,0.0005033,0.9499153426393511,-0.3125073468230215,15.49616242,0.00037995
2024-01-20 02:27:48.630833+00:00,51.6421,-0.4372805839309177,0.8993251308159,0.000508,0.9453604981409458,-0.32602688317791034,15.49623959,0.00037788
2024-01-20 08:17:20.270411+00:00,51.6399,-0.45594416600628257,0.8900083805700009,0.0004757,0.9379403932309,-0.3467965091316012,15.496370240000001,0.00041045
2024-01-20 08:54:12.589935+00:00,51.6421,-0.4580042469160582,0.888950004109823,0.0005071,0.9435514813553905,-0.3312259078514969,15.49636107,0.00038035
2024-01-20 10:15:46.052630+00:00,51.6417,-0.4622981092822516,0.8867245672439978,0.0005091,0.9487674259940441,-0.3159752701915707,15.496424940000002,0.00042405
2024-01-20 16:17:07.670413+00:00,51.642,-0.4814156312190661,0.8764924358019002,0.0005059,0.9448089055435835,-0.32762193456106653,15.496551649999999,0.0004295
2024-01-20 20:40:14.245538+00:00,51.6402,-0.4951599776976882,0.868801816576384,0.0004772,0.9256713003185172,-0.3783287509119888,15.49671161,0.0005040400000000001
2024-01-20 21:04:49.973965+00:00,51.642,-0.49652559194474194,0.8680220829817198,0.0004951,0.9336116964456173,-0.35828647791946694,15.49659864,0.0003855
2024-01-21 00:09:07.951403+00:00,51.6419,-0.5060488177474615,0.862504837120579,0.0005065,0.9310303403886193,-0.3649417834064107,15.49676915,0.00046557
2024-01-21 04:24:32.575986+00:00,51.6403,-0.5191715932378062,0.8546700280078376,0.0004801,0.9166713003299043,-0.39964199873321915,15.49687883,0.00048513
2024-01-21 05:50:53.850035+00:00,51.6418,-0.5236915389894512,0.851907959811892,0.0005037,0.9109862374664642,-0.41243675290484816,15.49679194,0.00039641
2024-01-21 08:05:15.205907+00:00,51.6423,-0.5304978689474025,0.847686269230701,0.0005057,0.9211256295524419,-0.3892654294714823,15.49694343,0.00046473
2024-01-21 17:05:02.010928+00:00,51.6422,-0.5576900592536748,0.8300492743263094,0.0005061,0.9078045636736816,-0.41939345985987514,15.497141929999998,0.00046588
2024-01-21 21:25:59.856958+00:00,51.6402,-0.5705802748235537,0.8212418340429802,0.0004954,0.8813991057763895,-0.4723723280809122,15.497211209999998,0.00040311000000000004
2024-01-21 21:46:32.113642+00:00,51.6421,-0.5716318759820783,0.8205102061286074,0.0005047,0.8965954392568064,-0.44285055978726556,15.49725526,0.00047123
2024-01-22 00:58:30.832013+00:00,51.6424,-0.5810552844099526,0.813864089673005,0.0005008,0.9021926875713145,-0.4313332290617642,15.497311109999998,0.00046378
2024-01-22 05:10:17.313905+00:00,51.6402,-0.5932292215001277,0.8050335960432661,0.0004839,0.8884883179621886,-0.45889923604721844,15.49735823,0.00039245999999999997
2024-01-22 05:47:37.523319+00:00,51.6428,-0.5951005442171495,0.8036512566234513,0.0005134,0.8839305468626968,-0.46761820786087216,15.497371899999997,0.00043914
2024-01-22 08:53:32.131373+00:00,51.6431,-0.6040484485425389,0.79694759665448,0.0005033,0.884937247941928,-0.4657102824771713,15.4974399,0.00044041999999999996
2024-01-22 16:15:02.405069+00:00,51.6436,-0.6249429464876001,0.7806704257466122,0.0004878,0.8840969849697619,-0.4673034572602439,15.497611220000001,0.00044124999999999996
2024-01-22 20:38:51.284250+00:00,51.6401,-0.6371576814309685,0.7707334746807826,0.0004867,0.8648597991147775,-0.5020134737984098,15.497699190000002,0.00043035
2024-01-22 21:05:40.071259+00:00,51.6428,-0.638481745150603,0.7696369670886661,0.000496,0.8705301078809605,-0.49211516058008536,15.4977063,0.00044442
2024-01-23 01:46:11.377913+00:00,51.6425,-0.6513597524286573,0.7587690511058541,0.0004949,0.8729305918941952,-0.4878444237000665,15.49780674,0.00044611
2024-01-23 04:23:07.818449+00:00,51.6401,-0.6583781725917083,0.7526873068245556,0.0004827,0.857185278400253,-0.5150081538130059,15.49788186,0.00047998
2024-01-23 06:31:42.936691+00:00,51.6425,-0.6642667889185024,0.7474955739935198,0.0005012,0.8828467884725942,-0.4696610991807034,15.497924220000002,0.00045298
2024-01-23 08:06:03.437873+00:00,51.6426,-0.6684701529120078,0.7437389694414276,0.0004901,0.8657276717861719,-0.5005153327358655,15.497991930000001,0.00049787
2024-01-23 17:02:08.934417+00:00,51.6424,-0.6920562489141046,0.7218435760876029,0.0004905,0.8507533256551478,-0.5255651994631171,15.498214800000001,0.00050681
2024-01-23 21:24:31.020466+00:00,51.6401,-0.7032582261456871,0.7109345028611437,0.0004826,0.8240846666621515,-0.5664666470078628,15.49827667,0.00047424
2024-01-23 21:52:45.675245+00:00,51.6422,-0.7045314125018309,0.7096728040429441,0.0004895,0.8375328082004333,-0.5463870379025259,15.498279450000002,0.00047472
2024-01-24 00:58:19.016828+00:00,51.6422,-0.7123911451708828,0.7017826275151859,0.00049,0.8186942903313602,-0.5742296221711576,15.49834043,0.00046960000000000003
2024-01-24 05:32:37.626731+00:00,51.6431,-0.7238805224660867,0.6899253504504855,0.0005094,0.8213414065786725,-0.570436932394255,15.498433449999999,0.00045766000000000003
2024-01-24 07:18:52.561737+00:00,51.643,-0.7282501757048028,0.6853113756431626,0.0005044,0.8198052172080443,-0.5726424764532152,15.49847701,0.00045967999999999996
2024-01-24 17:53:54.456297+00:00,51.6422,-0.7538088696905547,0.6570937436742555,0.0004892,0.8087368376397053,-0.5881706618359411,15.498747730000002,0.00048264
2024-01-24 20:37:16.636523+00:00,51.6403,-0.7601758172407341,0.6497174207933645,0.0004816,0.78367502715524,-0.6211710326578613,15.498773299999998,0.00044681
2024-01-24 21:05:49.438740+00:00,51.6419,-0.7612463852232296,0.6484627521951946,0.0004968,0.7856593363888583,-0.6186593627716457,15.49884623,0.00052972
2024-01-25 01:46:53.973136+00:00,51.6425,-0.7721849173884765,0.6353978701237136,0.0004844,0.7934882569201646,-0.6085855618808245,15.4988775,0.00045867000000000005
2024-01-25 04:50:49.297347+00:00,51.6428,-0.7791826455438869,0.6267969407098517,0.0004911,0.7807849394134856,-0.6247998706666638,15.49894888,0.00046043
2024-01-25 05:54:22.190687+00:00,51.6403,-0.7814769155019421,0.6239341556106465,0.0004785,0.7700958847481655,-0.6379281529247163,15.49893323,0.00040034
2024-01-25 07:52:10.152189+00:00,51.6423,-0.7858590518231386,0.6184056521957392,0.0004879,0.7815084946463817,-0.6238946007103654,15.49901842,0.00045492
2024-01-25 17:06:12.605757+00:00,51.6418,-0.8060305627512232,0.5918739155520764,0.0004869,0.773494085869369,-0.6338035177601252,15.499216769999999,0.00045835
2024-01-25 21:22:50.745491+00:00,51.64,-0.8150216232220956,0.579430542585063,0.0004835,0.7426342575165445,-0.6696972148388035,15.499195050000003,0.00041508
2024-01-26 00:59:08.315817+00:00,51.6424,-0.822538294982976,0.5687097267380775,0.0005048,0.744621512334122,-0.6674869312347957,15.499348679999999,0.00044985
2024-01-26 05:32:10.821123+00:00,51.6422,-0.8317603942069661,0.5551348004121812,0.0005197,0.7171368914429689,-0.6969323345429709,15.499443009999998,0.00044884000000000005
2024-01-26 06:39:55.396783+00:00,51.6399,-0.8339465056673363,0.5518452914406713,0.0004804,0.7191348721696769,-0.6948705171681285,15.49934504,0.00037653999999999997
2024-01-26 14:24:09.092736+00:00,51.63980000000001,-0.8490011998693062,0.5283909183743398,0.0004804,0.7039304330008551,-0.7102689247709129,15.49942707,0.00032542
2024-01-26 14:40:53.740717+00:00,51.6427,-0.8495641910733194,0.5274852464722938,0.0005145,0.7192622017664216,-0.6947387171520811,15.499501279999999,0.00037706
2024-01-26 16:18:00.014969+00:00,51.6424,-0.8526164532434592,0.522537255761294,0.0004915,0.7310060356445488,-0.6823709957576162,15.499544190000002,0.00038686
2024-01-26 21:05:33.166167+00:00,51.6425,-0.861509550615867,0.5077413654584851,0.0004861,0.7397591160921426,-0.6728717932552768,15.49959111,0.00036920999999999997
2024-01-27 01:41:56.804641+00:00,51.6425,-0.8698197496360702,0.4933696414890606,0.0005167,0.7023779502549005,-0.7118041970905514,15.499616209999997,0.00033173
2024-01-27 04:44:11.715637+00:00,51.6428,-0.8751480319318293,0.4838552698957054,0.0005104,0.7031080718756072,-0.7110830044821532,15.49966631,0.00033289999999999996
2024-01-27 05:52:35.766642+00:00,51.6397,-0.877124370951423,0.48026330057903693,0.0004793,0.6734990370036091,-0.7391880999821433,15.499688529999998,0.00034741
2024-01-27 17:09:45.787381+00:00,51.6384,-0.8959095603928162,0.4442364906181737,0.000261,0.10091043896754401,-0.9948955137638211,15.49276398,0.00034741
2024-01-27 21:21:16.826106+00:00,51.6394,-0.9025071255858625,0.4306749217991966,0.0002428,0.16140746565683914,-0.9868878507866212,15.492908589999999,0.00033568
2024-01-28 05:41:24.813612+00:00,51.6473,-0.9150906230461118,0.40324825060138686,0.0003807,-0.17740594926905923,-0.9841377592410241,15.493089819999998,0.00084385
2024-01-28 13:05:27.611808+00:00,51.6418,-0.9254810146136844,0.378793996242846,0.0002595,0.2158960178244564,-0.9764163607229971,15.49326324,0.0005724
2024-01-28 14:41:16.519189+00:00,51.6419,-0.9276440899119838,0.3734654501441429,0.0002619,0.21421709409785997,-0.9767860751445367,15.49325648,0.0005096500000000001
2024-01-28 21:05:58.336217+00:00,51.6387,-0.9360134717554638,0.3519641752966964,0.0002505,0.058172126119490665,-0.9983065680154258,15.49315562,0.00025100000000000003
2024-01-28 22:07:24.967196+00:00,51.6394,-0.9372722551585873,0.3485982210366773,0.0002689,0.04517642935567135,-0.9989790239192573,15.493209369999999,0.00028585
2024-01-29 01:49:32.297644+00:00,51.6421,-0.9418558801442661,0.3360171142035324,0.0002661,0.11005350662712406,-0.9939256640609868,15.493255930000002,0.00028691000000000003
2024-01-29 04:44:42.184593+00:00,51.6422,-0.9453462716346301,0.3260681320008197,0.0002547,0.096990565684283,-0.9952853008902738,15.4933192,0.00031015
2024-01-29 17:06:38.361602+00:00,51.6414,-0.9589168360215486,0.2836873306907139,0.0002586,0.07110922657280183,-0.9974685347900544,15.493497209999997,0.00031093
2024-01-29 21:47:15.750822+00:00,51.6413,-0.9635529872194211,0.2675175523597101,0.0002488,0.06820334851188284,-0.9976714405312836,15.493518990000002,0.00027906
2024-01-29 22:53:31.318074+00:00,51.63880000000001,-0.9645855062577334,0.2637703567831536,0.0002638,0.0059113957474034775,-0.9999825275475155,15.49353245,0.00027874
2024-01-30 02:26:07.142790+00:00,51.6414,-0.967896319140694,0.2513497869382345,0.0002475,0.06371194992944323,-0.9979683298763484,15.49357173,0.00027473
2024-01-30 04:06:08.248321+00:00,51.6416,-0.9693853810534786,0.2455442587392386,0.0002343,0.06939258386830885,-0.9975894292263123,15.493598910000001,0.00027874
2024-01-30 05:05:02.700403+00:00,51.6387,-0.9702239038959474,0.242209777484121,0.0002571,-0.015421117986930086,-0.9998810874899241,15.49358139,0.00024694
2024-01-30 12:49:26.731484+00:00,51.6386,-0.9765946343390048,0.21508816838744393,0.0002582,-0.03724020386387082,-0.9993063430280913,15.49366647,0.00024690000000000004
2024-01-30 13:06:52.283809+00:00,51.641,-0.9768245689351414,0.21404149486647522,0.0002899,0.09004333281583309,-0.9959378485705909,15.49383526,0.00053423
2024-01-30 20:33:50.654579+00:00,51.6384,-0.9822063800589388,0.1878047575848798,0.0002545,-0.04912694395649031,-0.998792542712197,15.49372729,0.00021336
2024-01-30 21:01:00.238941+00:00,51.6413,-0.9825281177094592,0.18611420663212955,0.0002379,-0.03184861752745099,-0.9994927041062331,15.493744399999999,0.00023508
2024-01-31 03:17:07.497303+00:00,51.6411,-0.9864710629259997,0.16393548124078675,0.000227,-0.11031718133675422,-0.9938964329858084,15.49408518,0.0011119
2024-01-31 04:55:11.702764+00:00,51.6418,-0.9874278807721664,0.15807017515581004,0.0002401,-0.02841537090068765,-0.9995962018218039,15.49385919,0.00025568000000000005
2024-01-31 12:02:37.977215+00:00,51.639,-0.9911436058102244,0.13279439996289952,0.0002452,-0.11928257907172658,-0.992860345834195,15.493912269999997,0.00024646
2024-01-31 13:35:30.702893+00:00,51.6389,-0.9918684748690086,0.12726715428981186,0.0002561,-0.11807121572916714,-0.9930051299042904,15.493912219999999,0.00023166000000000001
2024-01-31 13:52:44.738121+00:00,51.6415,-0.9920097946409863,0.1261608787871589,0.000236,-0.08179239307765218,-0.9966493889200108,15.493935539999999,0.00023825
2024-01-31 19:59:27.782002+00:00,51.6418,-0.9945495907321754,0.10426462283278254,0.0002346,-0.02515452232864935,-0.9996835749407997,15.494017869999999,0.00024817000000000003
2024-01-31 21:47:51.377867+00:00,51.6417,-0.9952043799271858,0.09781739197988049,0.0002413,-0.016733435854069875,-0.9998599862603352,15.49402952,0.00024466
2024-02-01 02:28:42.413080+00:00,51.6414,-0.996708512155587,0.08106874734813797,0.0002372,-0.08258035247485543,-0.9965844095635495,15.49405736,0.0002309
2024-02-01 04:07:15.881388+00:00,51.6422,-0.9971726878743097,0.0751440653513271,0.0002294,-0.06958236491079173,-0.9975762098674072,15.494103049999998,0.00024546
2024-02-01 14:43:46.482810+00:00,51.6414,-0.9993140560482018,0.03703265294967966,0.0002352,-0.10889116419793544,-0.9940536778059916,15.4942082,0.00023917
2024-02-01 16:19:10.024889+00:00,51.6418,-0.9995109909691217,0.031269456853685575,0.0002367,-0.093903276480724,-0.9955813249886645,15.49423973,0.00024475
2024-02-01 19:31:36.308349+00:00,51.6417,-0.9998052823008188,0.01973315695422717,0.000243,-0.10914099369474294,-0.9940262790768281,15.494265270000001,0.00024049000000000002
2024-02-02 00:15:07.192222+00:00,51.6417,-0.9999962791477405,0.002727946237433894,0.0002423,-0.11675047357343067,-0.9931612794105394,15.494320440000001,0.00024101
2024-02-02 03:23:26.509932+00:00,51.6421,-0.99996343090164,-0.00855200908682736,0.0002368,-0.11339396378307669,-0.9935501039089887,15.494365369999999,0.00024312000000000002
2024-02-02 12:01:48.606532+00:00,51.6382,-0.9992184478662146,-0.03952838782233464,0.0002336,-0.21192694344062055,-0.9772855113240532,15.49448907,0.0002506
2024-02-02 12:16:27.594321+00:00,51.6427,-0.9991787705229831,-0.04051894046220848,0.0002166,-0.18696126587272974,-0.982367286234261,15.49477716,0.00059636
2024-02-02 17:07:55.903004+00:00,51.63980000000001,-0.9983211567359461,-0.057921222478488396,0.0002331,-0.17785938854749397,-0.9840559119813831,15.494543610000001,0.00021794
2024-02-02 21:19:03.443526+00:00,51.6383,-0.9973385818450514,-0.0729092117863153,0.0002417,-0.247995029169754,-0.9687613047118949,15.494575779999998,0.00021721
2024-02-02 22:04:08.999923+00:00,51.6411,-0.9971287139684641,-0.07572534436763374,0.0002294,-0.19489859744717153,-0.980823397311221,15.49458647,0.0002461
2024-02-03 02:31:36.212741+00:00,51.6413,-0.9957862218598736,-0.09170496362814035,0.0002442,-0.17037116383028325,-0.9853799604899193,15.49465079,0.00025105
2024-02-03 05:30:16.079320+00:00,51.6413,-0.9947447153558203,-0.10238628458767313,0.0002397,-0.18900632246543073,-0.9819758704103139,15.49468764,0.00025182
2024-02-03 12:47:47.814700+00:00,51.63850000000001,-0.9917290578490998,-0.1283490390214778,0.0002333,-0.31797490757023544,-0.9480991288655951,15.494728020000002,0.00021912
2024-02-03 13:08:46.322297+00:00,51.6412,-0.9915513726523687,-0.12971459205194893,0.00024,-0.20524599948708733,-0.9787104166680493,15.494777119999998,0.0002517
2024-02-03 16:20:11.214257+00:00,51.6409,-0.9899988045114613,-0.1410757493897427,0.0002386,-0.182333342492675,-0.9832367732217143,15.494799069999997,0.00024713
2024-02-03 21:00:43.293307+00:00,51.6414,-0.987482997513613,-0.157725488179716,0.0002407,-0.18732645302398326,-0.9822977145435356,15.49484991,0.00024666
2024-02-04 00:15:26.201091+00:00,51.6413,-0.9855740832817118,-0.16924457558046993,0.000237,-0.23254410062297637,-0.9725858529021749,15.49488476,0.00024639
2024-02-04 04:42:38.136664+00:00,51.6414,-0.9827328128591368,-0.18503031786701513,0.0002369,-0.2439806276015755,-0.969780105670941,15.494933999999999,0.00024538
2024-02-04 12:20:33.042034+00:00,51.6412,-0.9772766332916366,-0.21196787969445732,0.0002262,-0.2756088344870106,-0.9612698738401779,15.49502007,0.00024504
2024-02-04 13:33:45.646573+00:00,51.638,-0.9763624465346278,-0.21613970712693223,0.0002306,-0.3970934292797506,-0.9177781912983375,15.49499748,0.00025619
2024-02-04 17:07:34.431746+00:00,51.6408,-0.9734839645877,-0.228755263744058,0.0002364,-0.28203169316326215,-0.9594050886103657,15.495064839999998,0.00024197
2024-02-04 21:18:07.092594+00:00,51.6386,-0.9699625133941359,-0.24325444006252162,0.0002316,-0.4432354731022439,-0.8964052182935071,15.495095310000002,0.00026506999999999995
2024-02-04 21:38:42.725763+00:00,51.6411,-0.9696325928741475,-0.24456621769197356,0.0002283,-0.2671660556717529,-0.9636505065099057,15.49510382,0.0002378
2024-02-05 00:53:42.485840+00:00,51.6407,-0.9667064782445329,-0.255887836600438,0.0002253,-0.270445862794063,-0.9627351844082436,15.49513905,0.00023644
2024-02-05 05:41:46.132788+00:00,51.6412,-0.9621419210236194,-0.27254893837433924,0.0002268,-0.3135533014832478,-0.9495706014451771,15.495175230000001,0.00023378
2024-02-05 09:41:04.986830+00:00,51.6382,-0.9581563720718236,-0.2862452910672266,0.0002431,-0.4556707535511672,-0.8901483945714397,15.49527405,0.00029506
2024-02-05 13:09:00.622361+00:00,51.6414,-0.9544816680373581,-0.2982695850746811,0.0001983,-0.40370977113573275,-0.9148871081666493,15.495323,0.00027809
2024-02-05 14:19:41.555141+00:00,51.6379,-0.9532370972314259,-0.30222348760777173,0.0002378,-0.45751855582944967,-0.889200073702052,15.49536073,0.00031823
2024-02-05 16:20:57.588578+00:00,51.6399,-0.9509917750686656,-0.3092161764069734,0.0001707,-0.46112925037841157,-0.8873329783375822,15.495339550000002,0.00025657999999999996
2024-02-05 20:31:10.175224+00:00,51.6383,-0.9462649920310052,-0.3233922770515116,0.0002433,-0.4889805791387229,-0.8722946710975363,15.4954548,0.00032092
2024-02-05 20:55:50.052572+00:00,51.6414,-0.945747335814351,-0.32490302676345933,0.0002186,-0.3513171652132866,-0.9362565083493414,15.495363550000002,0.00023611
2024-02-06 00:15:06.978826+00:00,51.6409,-0.9418013269108998,-0.33616998769799267,0.0002115,-0.4164045678800596,-0.9091794299524274,15.495473560000002,0.00028234
2024-02-06 04:56:51.823122+00:00,51.6401,-0.9359931985217276,-0.35201808521873695,0.000181,-0.43029526723901773,-0.902688198101483,15.4955221,0.00027300999999999996
2024-02-06 10:26:59.159621+00:00,51.6377,-0.9288580507694776,-0.3704358534493206,0.0002478,-0.49409209714858754,-0.8694095694983526,15.49565939,0.00031916000000000003
2024-02-06 13:32:43.289076+00:00,51.6376,-0.9246730150542334,-0.3807621504699667,0.0002433,-0.5038493589960086,-0.8637915393422833,15.495699410000002,0.00030639
2024-02-06 13:56:38.204728+00:00,51.641,-0.9240917851350767,-0.3821706067267174,0.0001994,-0.555194318516426,-0.8317206674641922,15.495755510000002,0.00034694
2024-02-06 17:08:56.173045+00:00,51.6407,-0.9196166296066413,-0.39281707517739306,0.0002084,-0.4874253909178713,-0.8731646398523937,15.49574963,0.00030519
2024-02-06 21:17:03.494388+00:00,51.6379,-0.9137136232622964,-0.4063587265765143,0.0002238,-0.5869419687582329,-0.8096290047362492,15.49581948,0.0003117
2024-02-06 21:52:10.728180+00:00,51.6408,-0.9128021042183013,-0.40840215295054627,0.0002218,-0.5023228820058473,-0.8646801271067467,15.49575856,0.00027232
2024-02-07 01:00:37.765744+00:00,51.6408,-0.9081292900431107,-0.4186898524753087,0.0001855,-0.43954415415993714,-0.8982209842482113,15.49581779,0.00027711
2024-02-07 05:43:00.992370+00:00,51.64,-0.9009036243198628,-0.4340191927637941,0.0001898,-0.4079671793292165,-0.9129965939641631,15.495899380000001,0.00028688000000000005
2024-02-07 12:56:05.915036+00:00,51.6406,-0.8893150325721819,-0.45729506102858686,0.0002248,-0.43665734048282945,-0.8996279047486591,15.496007049999998,0.00029018
2024-02-07 14:18:35.028847+00:00,51.6371,-0.8870946325150241,-0.4615876005299908,0.0002261,-0.6062674239611503,-0.7952608444048473,15.49610024,0.0003278
2024-02-07 17:45:30.169714+00:00,51.6399,-0.8812440626262009,-0.472661508995675,0.0002409,-0.5039835293739128,-0.8637132638322828,15.49610019,0.00029951
2024-02-07 21:23:53.999826+00:00,51.63980000000001,-0.8749765461953163,-0.4841653060764636,0.0002192,-0.5378750335340148,-0.8430245834498437,15.49617868,0.00030992
2024-02-07 22:02:54.457459+00:00,51.6374,-0.8738969701349281,-0.486111186447085,0.0002237,-0.6542868864062532,-0.7562464348853558,15.49624056,0.00035370000000000003
2024-02-08 00:14:27.133739+00:00,51.63980000000001,-0.8699729821174714,-0.49309939199479214,0.0002067,-0.5866960676581361,-0.8098072142148894,15.49623054,0.00031432
2024-02-08 05:47:13.586212+00:00,51.6368,-0.8600108397570561,-0.5102757641710639,0.0002285,-0.6810008169786325,-0.7322826553144866,15.49640152,0.00040632
2024-02-08 13:44:11.631832+00:00,51.63980000000001,-0.8449865980654385,-0.5347874803039026,0.0002186,-0.5580174241577642,-0.8298292320329128,15.4964422,0.0003188
2024-02-08 16:49:01.845989+00:00,51.6393,-0.8390088105355971,-0.5441178326829976,0.0002242,-0.6097357718355397,-0.7926047492566006,15.49651223,0.00032668000000000004
2024-02-08 22:48:43.133477+00:00,51.6374,-0.827126679458185,-0.5620155301488359,0.0002215,-0.7247854171849953,-0.6889746722746579,15.49662013,0.00032098
2024-02-09 00:57:09.038894+00:00,51.6397,-0.8227179119527669,-0.5684498547383747,0.0002493,-0.5781937405534896,-0.8158995026256383,15.496655929999998,0.0003347
2024-02-09 08:20:42.028239+00:00,51.6389,-0.8072848925975419,-0.5901619287820717,0.0002053,-0.6364067668946997,-0.7713536329405829,15.4967846,0.00033857
2024-02-09 12:44:28.220369+00:00,51.6364,-0.7979017625737278,-0.6027875059104482,0.0002163,-0.7682611790818029,-0.6401365172491239,15.49686393,0.0003479
2024-02-09 12:56:52.696315+00:00,51.63980000000001,-0.797393332855835,-0.6034599180700102,0.0002129,-0.6581114527778864,-0.7529205241740855,15.496865509999997,0.00034014
2024-02-09 16:13:05.748691+00:00,51.6394,-0.7902523473487695,-0.6127815495833404,0.0002248,-0.6239177882595596,-0.781489982976941,15.496949370000001,0.00035708
2024-02-09 22:39:44.305058+00:00,51.6397,-0.7758096939937097,-0.6309669711683699,0.000224,-0.6987112669858088,-0.7154037778674962,15.49703011,0.00034406
2024-02-10 00:09:12.319756+00:00,51.6401,-0.7723955808402112,-0.6351417689764332,0.0002106,-0.6870697570309335,-0.7265914594691119,15.497057889999999,0.00034507
2024-02-10 09:10:29.276248+00:00,51.63980000000001,-0.7513470658272058,-0.6599072561147123,0.0002119,-0.675237549450635,-0.7376003333865172,15.497207110000002,0.00034593000000000004
2024-02-10 13:30:13.404956+00:00,51.6367,-0.7410448854511094,-0.6714554920072902,0.0002182,-0.8278459827184081,-0.5609554607069915,15.49722792,0.00031945000000000004
2024-02-10 13:56:42.733813+00:00,51.6394,-0.7399082445366922,-0.6727078040773947,0.0002219,-0.7106595070943644,-0.7035361149055499,15.497272179999998,0.0003424
2024-02-10 17:02:18.612096+00:00,51.6402,-0.732400312876553,-0.6808742774538683,0.0002194,-0.7829415978460681,-0.6220952132609974,15.497287339999998,0.00032440999999999997
2024-02-10 21:51:30.491706+00:00,51.63980000000001,-0.7204300792568962,-0.693527577607338,0.000208,-0.723098566909818,-0.690744860663449,15.49739039,0.00034051999999999997
2024-02-11 00:57:45.548050+00:00,51.6402,-0.7127193248160055,-0.70144933105237,0.0002027,-0.7264655351596306,-0.6872029003323775,15.49741253,0.00033156
2024-02-11 08:21:05.033948+00:00,51.64,-0.693795353256019,-0.7201722070452009,0.0002104,-0.77679765883173,-0.6297502657669491,15.49753635,0.00033438
2024-02-11 12:43:04.942004+00:00,51.6368,-0.6823786507975049,-0.7309988898321097,0.0002126,-0.8877205886915126,-0.46038261958201065,15.49764199,0.00038645000000000004
2024-02-11 13:09:37.574765+00:00,51.6397,-0.6812142264631039,-0.7320841329138851,0.0002092,-0.7803343677555001,-0.6253625144663085,15.497610299999998,0.00033337
2024-02-11 19:44:19.999680+00:00,51.64,-0.6636716691986347,-0.7480240073039754,0.0002007,-0.7994959914504421,-0.6006714240370309,15.49771839,0.00033523
2024-02-11 20:27:21.620439+00:00,51.6376,-0.6617477141415259,-0.7497265920510392,0.0002097,-0.9123953587365747,-0.4093100406244112,15.497775409999997,0.00038159
2024-02-12 00:09:51.408862+00:00,51.6406,-0.6516695847238145,-0.7585029679216102,0.0001921,-0.7519123017927714,-0.6592631420098475,15.497839580000003,0.00037609
2024-02-12 12:21:01.285333+00:00,51.6404,-0.6177539379316574,-0.7863714594070221,0.0001911,-0.7728753543708512,-0.634557867027217,15.49814353,0.00043257
2024-02-12 13:28:45.265744+00:00,51.6382,-0.6145729964351149,-0.7888599571868028,0.0002083,-0.938464694626802,-0.345375182864987,15.498153889999998,0.00044466
2024-02-12 18:56:49.000137+00:00,51.6401,-0.5988726535671045,-0.8008442700110271,0.0001947,-0.8550748059077277,-0.5185046540792685,15.498197330000002,0.00037741
2024-02-12 21:13:00.978222+00:00,51.6383,-0.5923535256525209,-0.805678161952419,0.0002082,-0.9413133552219921,-0.33753394981944507,15.498296980000001,0.00039975
2024-02-12 21:52:28.404769+00:00,51.6408,-0.5903831161593313,-0.8071231480722119,0.0001923,-0.8471924013063842,-0.5312862083366389,15.498269370000001,0.00038616000000000003
2024-02-12 23:21:21.095699+00:00,51.6413,-0.586054208922631,-0.8102718458666012,0.0001816,-0.950150697597119,-0.3117910387674863,15.49838033,0.00045077
2024-02-13 06:44:33.788836+00:00,51.6401,-0.5643115822502902,-0.8255618923728093,0.0001877,-0.8620239757688792,-0.50686750260755,15.49850622,0.00042812
2024-02-13 11:20:49.255599+00:00,51.6405,-0.5505302799852299,-0.8348151956088152,0.000192,-0.8585234679321024,-0.5127742729601752,15.498541370000002,0.00039514
2024-02-13 12:41:31.730198+00:00,51.6376,-0.5465317450259183,-0.8374383867956643,0.0001968,-0.9813708741632842,-0.19212289645950953,15.498610109999998,0.00043612
2024-02-13 12:59:31.577288+00:00,51.6405,-0.5455769617524063,-0.8380607250104335,0.0001963,-0.857018045499734,-0.5152863957915208,15.49857412,0.00039526000000000003
2024-02-13 16:13:42.151592+00:00,51.6404,-0.5357486902846398,-0.8443774871811145,0.0001871,-0.956781613897954,-0.2908073989891357,15.49865809,0.00040392
2024-02-13 20:25:46.616730+00:00,51.6383,-0.5229880758925566,-0.852339998166343,0.0002098,-0.9543279708344099,-0.29876098152716957,15.49875579,0.00043773
2024-02-13 21:08:02.180245+00:00,51.6408,-0.5207608252748275,-0.8537026196862,0.0001942,-0.8902557347533594,-0.4554610046302056,15.498740509999998,0.00039978
2024-02-13 22:24:12.138921+00:00,51.6409,-0.51684414416491,-0.8560795118693367,0.0001873,-0.9674080012238676,-0.25322274615058055,15.49881632,0.00043854
2024-02-14 05:41:57.999833+00:00,51.6399,-0.49416037889252484,-0.8693707609143502,0.000194,-0.9790280532309477,-0.20372547947377767,15.49894424,0.00041667
2024-02-14 09:10:11.020785+00:00,51.6399,-0.48323807139438313,-0.8754889869981444,0.0001884,-0.9921793182536701,-0.12482067308616127,15.499034940000001,0.00043079
2024-02-14 13:27:06.437070+00:00,51.6376,-0.46976587423884636,-0.8827910417537167,0.0001978,-0.9872320787376203,-0.15928848894818842,15.499114970000003,0.00041805
2024-02-14 13:37:05.088863+00:00,51.63980000000001,-0.469160244694717,-0.883113053237236,0.0001788,-0.9404620678500165,-0.3398986598021107,15.49911455,0.00042328
2024-02-14 17:19:00.000186+00:00,51.6399,-0.4573555937232455,-0.8892839034245799,0.0001819,-0.9521080488635564,-0.3057617753893244,15.49917998,0.00042058000000000004
2024-02-14 21:11:20.563277+00:00,51.6378,-0.4449931420948606,-0.8955339767359713,0.0001952,-0.9934784612652114,-0.11401994124760699,15.49922637,0.00038814
2024-02-14 21:36:15.227147+00:00,51.6402,-0.44356555723383495,-0.8962419296349828,0.0001848,-0.970549375135749,-0.2409022839734135,15.49926046,0.00041775000000000004
2024-02-14 23:21:39.091096+00:00,51.6399,-0.43787694272841293,-0.8990349175792997,0.0001777,-0.9733428434403133,-0.22935498495460196,15.49930392,0.00042119
2024-02-15 04:06:42.466160+00:00,51.6393,-0.4224695663375205,-0.9063771099926274,0.0001836,-0.9988573289936906,-0.04779159251991982,15.499388820000002,0.00040694000000000006
2024-02-15 11:06:57.226195+00:00,51.6374,-0.3995156033692285,-0.9167263946590178,0.000194,-0.9959662439775049,-0.08972870698578658,15.49947145,0.00036486
2024-02-15 14:12:38.630579+00:00,51.6374,-0.3892734677941902,-0.9211222325356638,0.0001947,-0.9976181680314542,-0.06897819085453846,15.499508609999998,0.00035420000000000004
2024-02-15 14:32:18.475276+00:00,51.6397,-0.3881381634866017,-0.9216011968553687,0.0001841,-0.9996926408747275,0.024791607065962187,15.49954571,0.00036203
2024-02-15 20:24:01.303762+00:00,51.63750000000001,-0.36864864761099164,-0.9295688111240539,0.0001978,-0.9999965409965612,0.0026302081501173575,15.49961763,0.00036468000000000004
2024-02-15 21:03:50.635280+00:00,51.6405,-0.3663209686129045,-0.9304885533710253,0.0001736,-0.9874681278508567,-0.15781855555898416,15.49971812,0.00041607
2024-02-15 23:55:41.252741+00:00,51.6406,-0.3566825618820765,-0.9342256419352012,0.0001825,-0.9999374003706004,-0.011189072351428318,15.499760269999998,0.00041037
2024-02-16 05:56:50.180912+00:00,51.6397,-0.3363672307321688,-0.9417308989778195,0.0001913,-0.9977522680555331,0.06701053342601877,15.499834690000002,0.00038748
2024-02-16 13:25:17.805513+00:00,51.6377,-0.3109800039916951,-0.950416454569956,0.0001987,-0.9979270907317296,0.06435465471670594,15.49994312,0.00040525
2024-02-16 13:36:51.892998+00:00,51.64,-0.3101853351721769,-0.9506761056448848,0.0001737,-0.9936802610826249,0.11224766694576097,15.49998244,0.00039763
2024-02-16 21:09:30.383428+00:00,51.6379,-0.28437511776755464,-0.9587130918031157,0.0002083,-0.9964979689788329,0.08361697089144593,15.5000464,0.00034307
2024-02-16 21:36:08.316864+00:00,51.6403,-0.2827265273944845,-0.9592005581250752,0.0001833,-0.9947937426646065,0.10190882962405484,15.500115900000003,0.00039139000000000003
2024-02-16 21:44:52.416657+00:00,51.6404,-0.28223429868223027,-0.9593455063986851,0.0001925,-0.9919033109559672,0.12699536099633632,15.50011105,0.00038803
2024-02-17 05:08:18.353174+00:00,51.6404,-0.25656941025444874,-0.9665258080991342,0.0001864,-0.9844587679101107,0.17561587139238563,15.50024589,0.00038762000000000003
2024-02-17 06:45:43.178401+00:00,51.6403,-0.2509004066632141,-0.9680129058727646,0.0001917,-0.9767250932820747,0.21449496999492196,15.500275989999999,0.00038766
2024-02-17 13:08:26.293921+00:00,51.6392,-0.22859045261276156,-0.9735226782023585,0.0001858,-0.9909405890181228,0.1343009643912359,15.500397159999999,0.00038779000000000005
2024-02-17 14:10:44.630956+00:00,51.6381,-0.22508199824845432,-0.9743398247349242,0.0002066,-0.9685835951728905,0.24868819666795225,15.50064128,0.00027750999999999996
2024-02-17 17:35:26.370254+00:00,51.6387,-0.21303379680612178,-0.9770448308129817,0.0002042,-0.9972734177556156,0.07379519115791543,15.500967160000002,0.0014828
2024-02-17 20:22:05.659087+00:00,51.6377,-0.2032846074490667,-0.9791196905252589,0.0001996,-0.9835535072215515,0.1806169937524857,15.50071356,0.00022883999999999998
2024-02-17 20:57:16.515632+00:00,51.64,-0.20111211465020723,-0.979568230059,0.0001723,-0.9962984852783693,0.0859612018996183,15.50057742,0.00039798000000000004
2024-02-18 01:00:36.382448+00:00,51.6377,-0.18688411034993438,-0.9823819671078625,0.0002007,-0.9785035863534994,0.206229802631287,15.5007731,0.00024373
2024-02-18 05:57:47.310355+00:00,51.6399,-0.16927037779163046,-0.985569652131334,0.0002026,-0.9813752330409226,0.1921006298112398,15.501080869999997,0.00057918
2024-02-18 10:28:01.029774+00:00,51.64,-0.15327559339889113,-0.9881834811755446,0.0001931,-0.9705737564835165,0.2408040349028136,15.50102298,0.00039608
2024-02-18 13:23:17.771725+00:00,51.6378,-0.14289841613928192,-0.9897373604471464,0.0002059,-0.9619580872679013,0.27319706868830196,15.5010163,0.00032059
2024-02-18 13:45:07.019421+00:00,51.6402,-0.14156644821895997,-0.9899287553852896,0.0001954,-0.9693395087029877,0.24572528739926308,15.50101946,0.00032678000000000004
2024-02-18 17:02:47.014355+00:00,51.6407,-0.12982188747645762,-0.9915373303774548,0.0001742,-0.9935819281613909,0.11311477370835579,15.50111483,0.00037375000000000006
2024-02-18 21:44:49.409954+00:00,51.6404,-0.1129430933879149,-0.9936014581591397,0.0001936,-0.9631001168160964,0.2691433911297498,15.50122253,0.00044844000000000004
2024-02-19 05:08:01.977805+00:00,51.6405,-0.0865106713672378,-0.9962509240846855,0.0002007,-0.9420621364829657,0.3354384161141209,15.501277760000002,0.00033496
2024-02-19 06:41:30.528394+00:00,51.6404,-0.08091566295461804,-0.9967209516653167,0.0002025,-0.9357982944493809,0.3525358876846864,15.501307300000002,0.00033816
2024-02-19 09:44:31.410253+00:00,51.6406,-0.06997062469436889,-0.9975490522675463,0.0001804,-0.9513838972908493,0.3080075972694094,15.50131483,0.00031053
2024-02-19 14:30:58.479250+00:00,51.6401,-0.052778657169813316,-0.9986062353837729,0.0001899,-0.9489140176570391,0.3155347636853607,15.501374459999997,0.00030539
2024-02-19 17:50:35.039032+00:00,51.6399,-0.040811913233473336,-0.9991668467969819,0.0001866,-0.9670143816289842,0.2547217810135465,15.501429429999998,0.00030947
2024-02-19 20:19:59.134084+00:00,51.6379,-0.03188176194315256,-0.9994916474165255,0.0001998,-0.9398465354543817,0.3415969698261326,15.501439740000002,0.00027278000000000003
2024-02-19 20:56:34.626340+00:00,51.6399,-0.029643564783657546,-0.9995605329678223,0.0001866,-0.9648841234563695,0.2626758997354601,15.501475389999998,0.00030947
2024-02-20 04:04:09.001613+00:00,51.6379,-0.004003774607105767,-0.9999919848623265,0.0002035,-0.9262427275509165,0.3769275920638321,15.50154164,0.00027369
2024-02-20 05:55:39.845265+00:00,51.6397,0.002729691560187278,-0.999996274385053,0.0001745,-0.9530190005766196,0.3029105223328188,15.50164985,0.00033903
2024-02-20 08:56:37.656378+00:00,51.6404,0.013600931497064456,-0.9999075030533635,0.0001763,-0.9541499920559944,0.2993289038157624,15.50165587,0.00030995
2024-02-20 13:21:08.504351+00:00,51.6383,0.02943945038525471,-0.9995665654477516,0.0002053,-0.9132321258626438,0.4074396695124277,15.50170603,0.00030673
2024-02-20 13:45:13.034597+00:00,51.6401,0.030950216198210433,-0.9995209273033177,0.000187,-0.9451144109719708,0.3267395754620255,15.501716949999999,0.00030622
2024-02-20 18:23:11.041740+00:00,51.6404,0.04764340852678646,-0.9988644080274107,0.0001924,-0.9355488677500835,0.35319727639314646,15.50178443,0.00030564000000000003
2024-02-20 21:30:24.077653+00:00,51.6402,0.058882999761990046,-0.9982648908676642,0.0001894,-0.9098642599742047,0.41490604770428785,15.50183938,0.00030940000000000004
2024-02-21 04:49:27.081700+00:00,51.6384,0.0851004298258669,-0.9963723786032271,0.0002159,-0.8688000881367045,0.4951630103851201,15.501936269999998,0.00030824000000000004
2024-02-21 05:07:16.541761+00:00,51.6396,0.08621333513325925,-0.9962766989371981,0.0001931,-0.9406144346498777,0.33947678172194784,15.501939600000002,0.00030039
2024-02-21 11:31:34.870081+00:00,51.64,0.10923120820851966,-0.9940163696606344,0.000189,-0.9120864869223676,0.4099978541085475,15.50204849,0.00030993
2024-02-21 12:33:36.026481+00:00,51.63850000000001,0.11284771397475761,-0.9936122953399235,0.0002144,-0.8562679861197525,0.5165318343978649,15.50204617,0.00029075
2024-02-21 12:59:43.504803+00:00,51.64,0.11450716662805396,-0.9934224221300901,0.0001952,-0.9059105544387577,0.4234690866597735,15.502066369999998,0.00030865
2024-02-21 16:14:08.660843+00:00,51.6402,0.12610028012185848,-0.9920174995196349,0.0001934,-0.858935766525405,0.5120833418335485,15.50210645,0.00030413
2024-02-21 18:44:55.056192+00:00,51.6384,0.13498063316069886,-0.990848236952328,0.0002161,-0.8420402852906919,0.539414643801566,15.502131259999999,0.0002788
2024-02-21 19:19:46.236883+00:00,51.6404,0.13712817501121416,-0.9905533118505504,0.0001796,-0.9371724361023696,0.348866485936884,15.502174959999998,0.00031475
2024-02-22 05:56:03.441999+00:00,51.6401,0.1748580911816714,-0.9845936461039663,0.0002171,-0.8598754384142703,0.5105038985275885,15.50235092,0.00032753
2024-02-22 12:06:00.051275+00:00,51.6408,0.1967077005413477,-0.9804621770102789,0.0002154,-0.8121049142488045,0.5835114465483449,15.502371069999999,0.00028281000000000004
2024-02-22 13:18:51.410868+00:00,51.6386,0.20092575708164662,-0.9796064720800731,0.0002179,-0.7941314953796896,0.6077459732865518,15.502397289999998,0.00028315
2024-02-22 14:04:04.999891+00:00,51.6402,0.20369984850946704,-0.9790333864160201,0.0001939,-0.8563635323862825,0.5163734117853943,15.502423800000003,0.00030431999999999996
2024-02-22 16:51:17.506086+00:00,51.6407,0.21345668253785832,-0.9769525293891879,0.0001939,-0.8391929974030176,0.5438337182537867,15.50280903,0.0016624
2024-02-22 19:30:09.956735+00:00,51.6386,0.2227226867998226,-0.9748818414478075,0.0002188,-0.7806573368009291,0.624959296673696,15.50247552,0.00027137
2024-02-23 01:36:22.000301+00:00,51.6409,0.24419727246648087,-0.9697255756758875,0.000208,-0.7769789816759447,0.6295265379901088,15.50258736,0.00029972
2024-02-23 08:02:19.182320+00:00,51.6411,0.26661098854131615,-0.9638042232678907,0.0002036,-0.7074941931036572,0.7067191568965744,15.502706169999998,0.00031983
2024-02-23 10:58:25.764113+00:00,51.63880000000001,0.2767008601622787,-0.9609561040887639,0.0002172,-0.741351848622424,0.671116559581206,15.50269604,0.00028007
2024-02-23 14:04:04.776959+00:00,51.639,0.2874006407724429,-0.9578104570757145,0.0002163,-0.7457911756297756,0.6661797973165783,15.50277471,0.0003235
2024-02-23 17:49:37.411986+00:00,51.6406,0.30047608287158833,-0.9537893497110074,0.0001898,-0.7835926250152097,0.6212749777850167,15.50282332,0.00030204
2024-02-23 18:42:33.277239+00:00,51.6389,0.3033861975104073,-0.9528676797752016,0.0002187,-0.733500954064978,0.6796884215475258,15.502852430000003,0.00033052
2024-02-23 19:19:38.608600+00:00,51.6413,0.30553909359736153,-0.9521795325902058,0.0001883,-0.7382929098119821,0.6744802290070158,15.50283358,0.00029442000000000004
2024-02-24 07:32:57.011995+00:00,51.6395,0.34707806004751374,-0.9378362438259967,0.000528,-0.9901525939167745,0.13999228821575513,15.492145659999998,-0.0038084000000000004
2024-02-24 10:11:10.183476+00:00,51.6389,0.35601558374347414,-0.9344800180484296,0.0006022,-0.9544790651078553,0.29827791448720187,15.49278503,0.00036457
2024-02-24 13:16:56.395197+00:00,51.6389,0.36641191136095097,-0.930452745287376,0.0005929,-0.9541766320781284,0.2992439720295798,15.49284069,0.00039041
2024-02-24 17:55:35.648828+00:00,51.639,0.3819109236897778,-0.9241991378303817,0.0005932,-0.950001484178041,0.3122453843686395,15.49289791,0.00032879999999999997
2024-02-24 18:21:04.863185+00:00,51.6403,0.3833815242492461,-0.9235900642949364,0.0005698,-0.9624533414183634,0.2714471690635715,15.493199379999998,0.0012541
2024-02-25 01:40:11.999697+00:00,51.6408,0.40761339622943515,-0.9131545976527224,0.0005822,-0.9241758064953051,0.38196737908982814,15.493295300000002,0.00080516
2024-02-25 05:08:08.347193+00:00,51.6408,0.41893234019050046,-0.9080174526640503,0.0005751,-0.9261966702457023,0.377040751147371,15.49330859,0.0006807600000000001
2024-02-25 06:18:39.832147+00:00,51.639,0.4227052590954822,-0.90626721442024,0.0005966,-0.9344918234584555,0.35598459501682217,15.493135279999999,0.00038243
2024-02-25 08:19:31.880078+00:00,51.6416,0.42935604368984565,-0.9031353097664842,0.0005735,-0.9441655256472857,0.32947148613982447,15.49326744,0.0005226499999999999
2024-02-25 12:54:19.075382+00:00,51.6433,0.44400974610623084,-0.8960219558485609,0.000582,-0.8916166290951828,0.4527911071575315,15.493373039999998,0.001035
2024-02-25 18:41:43.300040+00:00,51.6387,0.4626571206814265,-0.886537302476761,0.0005956,-0.9167298810554574,0.3995076034070529,15.49340278,0.00043012000000000004
2024-02-25 19:19:24.374198+00:00,51.6421,0.4646998718204621,-0.88546825416276,0.0005772,-0.9218266250106769,0.3876024682860326,15.493453690000003,0.00046093
2024-02-26 00:52:53.000250+00:00,51.6431,0.4823164099704043,-0.8759970780049788,0.0005856,-0.9059238576654232,0.42344062643137836,15.493543890000002,0.00043828000000000004
2024-02-26 07:15:07.100075+00:00,51.6427,0.50228364354916,-0.8647029209057758,0.0005952,-0.8969221400582741,0.44218850581317204,15.493669189999999,0.00043374
2024-02-26 10:36:19.397097+00:00,51.6422,0.5126738762443139,-0.8585834243779866,0.0005895,-0.9040788202254534,0.4273657529795202,15.493717529999998,0.00042269000000000003
2024-02-26 13:16:17.084045+00:00,51.63850000000001,0.5208532017393123,-0.8536462629437953,0.0005931,-0.8934301963932132,0.44920205272547953,15.493790140000002,0.00044427000000000003
2024-02-26 13:51:00.950110+00:00,51.6422,0.5226726659458562,-0.8525334505302719,0.0005907,-0.8941120325683759,0.44784335790145147,15.493793729999998,0.0004296
2024-02-26 18:32:07.448366+00:00,51.6423,0.5369727849642378,-0.8435995662681143,0.0005776,-0.8899598333919503,0.4560389182394108,15.493906049999998,0.00044062
2024-02-27 01:55:32.006777+00:00,51.642,0.5592232889091947,-0.8290170765078264,0.0005776,-0.8837288762413043,0.46799922360756285,15.49405637,0.00044041999999999996
2024-02-27 06:27:28.072211+00:00,51.6423,0.5726925544356869,-0.8197702349402104,0.0005881,-0.8707318768543525,0.4917580692064918,15.494136659999999,0.00043372
2024-02-27 09:48:14.186595+00:00,51.63980000000001,0.5825259311354762,-0.8128121182381242,0.0005651,-0.8923314983190345,0.4513806565502192,15.494057989999998,0.00074624
2024-02-27 12:29:27.244608+00:00,51.6384,0.5902929559553968,-0.8071890894638257,0.0005967,-0.8614882816394906,0.5077774518407031,15.494192309999999,0.00039393
2024-02-27 12:50:40.941300+00:00,51.6422,0.5913743919802746,-0.806397128287273,0.0005758,-0.8633893865745935,0.5045381721439391,15.494249069999999,0.00042705
2024-02-27 17:08:05.015608+00:00,51.6382,0.6037048312434502,-0.7972079256588693,0.0006015,-0.8535489786034253,0.5210126112917512,15.49426064,0.00035692000000000005
2024-02-27 17:46:19.517948+00:00,51.6416,0.6055829195513684,-0.7957822111279197,0.0005779,-0.8563013405047654,0.5164765379470222,15.49434197,0.00042529
2024-02-27 20:42:05.372354+00:00,51.6403,0.6139532377875084,-0.7893423983356241,0.0005896,-0.8374107232655774,0.5465741308915218,15.49439104,0.00042201
2024-02-28 05:55:47.535748+00:00,51.6407,0.6398146526093106,-0.7685292514318679,0.0005696,-0.8516940094563726,0.5240394205173197,15.49450098,0.00037421
2024-02-28 09:08:47.250811+00:00,51.63980000000001,0.6486699937479327,-0.761069799171572,0.0005668,-0.8579349149547483,0.5137583884488787,15.494501999999999,0.00031546000000000005
2024-02-28 13:40:02.517311+00:00,51.6407,0.6609753367744712,-0.7504076253449683,0.0005684,-0.851882366398102,0.5237331704407979,15.49459715,0.00035398000000000005
2024-02-28 16:21:12.785478+00:00,51.6383,0.6681676474812797,-0.7440107491557716,0.0006008,-0.8164984922924727,0.5773475661021867,15.49459234,0.00029881000000000005
2024-02-28 16:56:27.091974+00:00,51.641,0.6697723876023751,-0.742566460867587,0.0005676,-0.8398151020232737,0.5428725397491002,15.494656840000001,0.00035623
2024-02-29 04:56:09.127678+00:00,51.6408,0.7012042354073338,-0.7129604619099269,0.0005792,-0.8078674938169511,0.5893641594412732,15.494814400000001,0.00032672
2024-02-29 09:49:44.985217+00:00,51.6412,0.713660138559104,-0.7004921174658573,0.0005811,-0.7977460306814134,0.6029935907885335,15.49483648,0.0002956
2024-02-29 13:03:05.617728+00:00,51.6413,0.721740899533296,-0.692163328948355,0.0005835,-0.7901860333772299,0.6128670595288666,15.494877819999997,0.00029352
2024-02-29 16:08:46.793186+00:00,51.6411,0.7294069548009877,-0.6840800350017167,0.0005838,-0.786562260452119,0.6175109800096295,15.494925680000001,0.00029629
2024-02-29 22:30:08.593355+00:00,51.6415,0.7448812474647489,-0.6671970677208942,0.0006182,-0.7591043175014377,0.650968997073345,15.495092509999997,0.00034409
2024-03-01 07:12:10.617709+00:00,51.6417,0.7653888697100332,-0.6435680835187508,0.0005875,-0.7471024186953928,0.6647089408000272,15.49506288,0.00025294
2024-03-01 07:24:09.004317+00:00,51.6412,0.7658626685862329,-0.6430041779537471,0.0005881,-0.7544644892374306,0.6563408675983105,15.49509182,0.00027549000000000003
2024-03-01 11:41:38.924459+00:00,51.638,0.7756665121609261,-0.6311429805615395,0.0006022,-0.7283482479535175,0.6852071436456579,15.495138960000002,0.00027465000000000004
2024-03-01 13:41:00.209172+00:00,51.6414,0.780213200665192,-0.6255136781140577,0.0005881,-0.7369695080863398,0.6759259901431356,15.495176980000002,0.00027844999999999996
2024-03-01 16:20:15.692366+00:00,51.6379,0.7861104687395076,-0.6180860222801933,0.0006025,-0.7200632170416367,0.6939084690819453,15.495192479999998,0.00026754000000000003
2024-03-01 16:57:34.902993+00:00,51.6411,0.7875538607684175,-0.6162458246420499,0.000556,-0.7581957916570896,0.6520269484564877,15.49529377,0.00031417
2024-03-02 03:20:17.403656+00:00,51.641,0.8100334530642211,-0.5863836669935941,0.0005743,-0.7089777129123422,0.7052308860178945,15.495415130000001,0.00030357
2024-03-02 09:53:44.772852+00:00,51.6401,0.823631592193872,-0.5671252069342246,0.0005854,-0.6870799020945877,0.7265818660947242,15.49537354,0.00022965
2024-03-02 12:27:34.348339+00:00,51.6379,0.8287856867745881,-0.5595661581954134,0.0006007,-0.6826796896668691,0.730717757630364,15.495440169999998,0.00027831
2024-03-02 13:05:56.035673+00:00,51.6409,0.8301388120806246,-0.5575567708111611,0.0005565,-0.6976879377115124,0.7164018017648035,15.49547905,0.00028027
2024-03-02 16:10:11.511857+00:00,51.6406,0.8362459616080137,-0.5483545310237607,0.0005722,-0.6850202535929938,0.7285240230544154,15.49550514,0.00027535
2024-03-03 04:08:59.195050+00:00,51.6395,0.8591001729736257,-0.5118074763001086,0.0005914,-0.6411670684095536,0.7674013228989762,15.49564967,0.00027669
2024-03-03 10:39:26.644884+00:00,51.6407,0.8708657362182056,-0.4915209756268014,0.0005836,-0.6494984789352468,0.7603628909019697,15.495719659999999,0.00026733000000000003
2024-03-03 13:13:27.950864+00:00,51.6383,0.8753227835720021,-0.4835390620826429,0.0006066,-0.6259316390809483,0.7798779283948466,15.495747299999998,0.00026195
2024-03-03 13:52:02.689828+00:00,51.6409,0.8764873943811401,-0.48142480979999336,0.0005862,-0.6313027148029766,0.7755365125397975,15.495758849999998,0.00026640999999999996
2024-03-03 14:46:20.004367+00:00,51.6382,0.8780046968714571,-0.478652015844142,0.0006077,-0.6241687242307752,0.7812895773604858,15.49586312,0.00041935000000000003
2024-03-04 00:21:10.982886+00:00,51.64,0.8940166529381405,-0.4480337311735406,0.0005776,-0.6104617777997422,0.7920457170173816,15.49593378,0.00029364
2024-03-04 04:42:07.935540+00:00,51.63850000000001,0.9008968066511812,-0.4340333440712871,0.0006089,-0.5870507697848568,0.8095501180872047,15.49599232,0.00030654
2024-03-04 09:44:52.466787+00:00,51.64,0.9086641876977232,-0.41752771644004283,0.000577,-0.5949111718336555,0.8037914515765311,15.496038420000001,0.0002786
2024-03-04 12:26:27.638019+00:00,51.63850000000001,0.9126402278400705,-0.40876376371692275,0.0006107,-0.5609684644120739,0.8278371711485054,15.496071270000002,0.00025486
2024-03-04 13:03:56.875386+00:00,51.6406,0.9136057881851339,-0.4066011114035722,0.0005868,-0.571756458652082,0.8204233980022937,15.49607833,0.00027572999999999996
2024-03-04 16:10:12.789702+00:00,51.641,0.9180870174261289,-0.3963788950405849,0.000582,-0.5643879463338232,0.825509688636717,15.49612634,0.0002783
2024-03-05 01:06:59.523279+00:00,51.6406,0.9303727844664791,-0.36661489593862717,0.0005873,-0.5466077462720491,0.8373887816990333,15.496285050000001,0.00029901
2024-03-05 08:56:34.746436+00:00,51.6404,0.9403445511517383,-0.3402236398594839,0.0005838,-0.5410566706234703,0.840986134947447,15.496360200000002,0.00028247
2024-03-05 13:12:17.285184+00:00,51.6386,0.9454185236343965,-0.32585858154874203,0.0006174,-0.4893931060483992,0.872063293432478,15.49650055,0.00034205000000000005
2024-03-05 14:45:09.034565+00:00,51.6384,0.9472136351454784,-0.3206030714052636,0.0006161,-0.48921501744966867,0.8721632110457999,15.49654576,0.0003631
2024-03-05 15:22:15.154737+00:00,51.6409,0.9479458469000237,-0.3184315803198497,0.0005857,-0.5068238710041503,0.8620496295343838,15.496480700000001,0.00029788
2024-03-06 05:09:39.424028+00:00,51.6406,0.962597703274954,-0.27093479224673905,0.0005859,-0.46963644526438136,0.8828599035404404,15.49668492,0.00029947000000000003
2024-03-06 09:53:09.966604+00:00,51.6405,0.9670663765517545,-0.2545243079610669,0.0005866,-0.46552338676277877,0.8850355791587773,15.49676577,0.00030527
2024-03-06 12:25:13.071374+00:00,51.63850000000001,0.9693232094528765,-0.2457895758895702,0.0006091,-0.4535083523904639,0.8912520262597369,15.49679907,0.00027284000000000005
2024-03-06 13:05:12.034745+00:00,51.6406,0.9699353355612635,-0.24336278439740747,0.0005858,-0.456636825317429,0.8896531963433952,15.4968202,0.00030854
2024-03-06 14:35:23.849084+00:00,51.6408,0.9712378517351773,-0.23811139274893547,0.0005846,-0.4500953239501502,0.8929805145456475,15.49684585,0.00030971
2024-03-06 21:57:48.485672+00:00,51.6419,0.977207029380847,-0.21228853414318044,0.0006183,-0.38606543970145313,0.9224713959078209,15.49708792,0.00056044
2024-03-07 05:38:19.642860+00:00,51.6411,0.9827137542581021,-0.18513151323301633,0.0005911,-0.406047730480743,0.913851870147147,15.49706093,0.00030895
2024-03-07 09:04:10.816623+00:00,51.6412,0.9849169669713521,-0.17302765146632654,0.000568,-0.4185693899615976,0.9081848191789907,15.49704815,0.00026457000000000005
2024-03-07 13:10:58.991222+00:00,51.6384,0.9873615818671004,-0.15848377409973882,0.0006102,-0.3820818985227372,0.9241284666220713,15.49708011,0.00024692000000000003
2024-03-07 13:36:56.429002+00:00,51.6417,0.9876208104962113,-0.15686023930495147,0.0005893,-0.3847222775771999,0.923032377078839,15.49716982,0.00030772
2024-03-08 05:10:09.060962+00:00,51.6428,0.9948529803664357,-0.10132890730694961,0.0006192,-0.3170232691496683,0.9484177596490151,15.49729332,0.00026225
2024-03-08 06:12:25.799615+00:00,51.6383,0.9952171756675384,-0.09768711919351514,0.0006123,-0.33409146703299447,0.9425406578263569,15.49728281,0.00024307999999999998
2024-03-08 08:15:21.286386+00:00,51.6416,0.9959183379943112,-0.09025887239850117,0.0005854,-0.35064056614969197,0.936510113864353,15.497316000000001,0.00025433
2024-03-08 12:23:51.718848+00:00,51.6382,0.9971478460578036,-0.0754729958480702,0.0006124,-0.3186780867143774,0.9478630054222307,15.49734902,0.00023352
2024-03-08 12:57:57.909319+00:00,51.6417,0.9973073142738981,-0.07333567273697171,0.000597,-0.3122752293913831,0.9499916742311793,15.49743686,0.0002869
2024-03-08 20:05:18.000099+00:00,51.6418,0.9988596633387578,-0.04774277908525488,0.000619,-0.28505104809948045,0.9585123368936822,15.497511510000002,0.00027957
2024-03-08 21:41:00.408461+00:00,51.6381,0.999113964315755,-0.04208665238833078,0.0006143,-0.2942271550461445,0.9557355184534329,15.497451730000002,0.00022858
2024-03-09 00:57:44.519047+00:00,51.6424,0.9995425550154918,-0.030243688814405045,0.0006291,-0.25159134868677924,0.9678335565922311,15.49752749,0.00026241999999999997
2024-03-09 05:45:04.737022+00:00,51.6418,0.9999160550471121,-0.012956961797448978,0.0005741,-0.27610037403016735,0.9611288069038414,15.49756209,0.00025016
2024-03-09 12:19:10.027196+00:00,51.6418,0.9999428236586918,0.010693428518601895,0.0005813,-0.2512281555153512,0.9679278970441727,15.497654389999997,0.00025699
2024-03-09 13:09:34.390071+00:00,51.6379,0.9999069800779785,0.013639325178944514,0.0006091,-0.2570923134625744,0.9663868492267791,15.497635259999997,0.00023938
2024-03-09 15:17:50.261867+00:00,51.6415,0.9997704418931282,0.021425767589961318,0.0005822,-0.25515382174636153,0.9669004743241292,15.497679330000002,0.00025229
2024-03-09 17:48:08.471813+00:00,51.6379,0.9995390645611119,0.030358827650248988,0.0006093,-0.24138502369207718,0.97042942573748,15.497685949999997,0.00024346
2024-03-09 19:18:10.000230+00:00,51.6414,0.9993580540334809,0.035825686851953274,0.0006205,-0.20867303432128048,0.9779854624416202,15.497714309999997,0.00024615
2024-03-10 00:09:37.257420+00:00,51.6414,0.9985780915188469,0.05330849030480333,0.0006208,-0.1961891705759113,0.98056606577463,15.49777058,0.00024605
2024-03-10 05:02:21.701759+00:00,51.6414,0.9974862513119973,0.07086027408597143,0.0006084,-0.19038922859868138,0.981708684709267,15.497826339999998,0.00024649
2024-03-10 08:16:22.391023+00:00,51.6413,0.996593051893437,0.08247598994692361,0.0006127,-0.17626875050096497,0.984342078546289,15.497864209999998,0.00024679000000000004
2024-03-10 12:22:24.184421+00:00,51.6378,0.995274121775895,0.09710521367682055,0.0006078,-0.19694213333243327,0.9804151141830026,15.497898259999998,0.00023885
2024-03-10 12:59:38.385619+00:00,51.6408,0.995048113295395,0.09939442754639137,0.0006212,-0.1574686838880216,0.9875239812756824,15.49791744,0.00024583
2024-03-10 20:06:40.466318+00:00,51.6379,0.9921812788098127,0.1248050879544768,0.0006096,-0.1757516078927402,0.9844345444584502,15.497983240000002,0.00023877000000000002
2024-03-10 20:22:02.445867+00:00,51.641,0.9920570661362469,0.1257886224153129,0.0006182,-0.14524729926510432,0.9893953820673479,15.49800053,0.0002449
2024-03-11 01:10:11.390031+00:00,51.6407,0.9897323717484499,0.1429329644035559,0.0006199,-0.13030988940068733,0.9914733141766251,15.49805646,0.00024476
2024-03-11 04:22:23.929812+00:00,51.6407,0.9880175812570029,0.15434137205254372,0.0006144,-0.12876963464310778,0.9916745339040831,15.498088649999998,0.000243
2024-03-11 05:23:47.719084+00:00,51.6381,0.9874526981952121,0.15791506839752653,0.0006091,-0.14930064329419987,0.988791847616038,15.498105669999998,0.00023992
2024-03-11 09:07:10.235727+00:00,51.6404,0.9852341956337031,0.1712120899761757,0.0006156,-0.11358124154993614,0.9935287119997968,15.49814699,0.00024434
2024-03-11 11:35:12.459848+00:00,51.6381,0.9836859561035447,0.1798942460576633,0.0006142,-0.1254302007068427,0.9921024467012675,15.49818691,0.00024812
2024-03-11 12:10:02.989044+00:00,51.6404,0.9832962301835908,0.1820124273414838,0.000615,-0.0954739649056029,0.99543192736882,15.49818778,0.00024633
2024-03-11 13:33:03.176636+00:00,51.6403,0.98237674793595,0.186911543556804,0.0006109,-0.09643467841022263,0.9953393154095326,15.49820711,0.00024712000000000003
2024-03-11 21:13:15.551347+00:00,51.6393,0.9768451109430656,0.21394772545327495,0.0006386,-0.07289180493320056,0.9973398541989487,15.49837074,0.00030084
2024-03-12 05:03:39.650964+00:00,51.63980000000001,0.9704049855774817,0.24148325814923002,0.000602,-0.06596042855841792,0.9978222396120412,15.498395819999999,0.00024906
2024-03-12 09:52:19.928935+00:00,51.6399,0.9660720305636449,0.2582727855633185,0.0006091,-0.04932044065776883,0.9987830065301089,15.49846986,0.00025518000000000003
2024-03-12 11:21:56.746079+00:00,51.6401,0.9646683245574945,0.2634673102975709,0.0006074,-0.03267721731834348,0.9994659571332731,15.49849155,0.00025624999999999997
2024-03-12 13:00:09.938898+00:00,51.64,0.9631015260343947,0.2691383483456419,0.0006228,-0.03341334399481581,0.9994416183264954,15.4985265,0.00026384000000000005
2024-03-12 20:05:05.254362+00:00,51.6384,0.9559427442450864,0.2935531804037783,0.000618,-0.03369767245366296,0.9994320721645897,15.498617029999998,0.00026115
2024-03-12 20:21:47.154822+00:00,51.6399,0.955642523055687,0.2945290616013312,0.0005801,-0.02316717294679388,0.999731605030897,15.4986829,0.00030959
2024-03-13 01:10:17.850145+00:00,51.64,0.9503876840914005,0.3110679185119938,0.0006205,0.004928789851590321,0.99998785344153,15.498695540000002,0.00027305
2024-03-13 04:14:41.549862+00:00,51.6401,0.9468734519950794,0.3216063834984032,0.0006182,0.012602688895314833,0.9999205829627711,15.49870622,0.00025949
2024-03-13 12:10:30.565358+00:00,51.6401,0.9373002393967959,0.3485229708738138,0.0006175,0.025782637037006995,0.9996675725597074,15.49881203,0.00026262000000000003
2024-03-13 20:50:40.784646+00:00,51.6387,0.9259971484856366,0.3775305033986921,0.0006188,0.031072330484789742,0.9995171385615377,15.49889788,0.00026396
2024-03-13 21:10:13.768306+00:00,51.6397,0.9255411648826648,0.3786470019789406,0.0005991,0.03877672771419993,0.999247899866584,15.49892078,0.00020518
2024-03-14 04:34:55.234850+00:00,51.6389,0.9151173654702673,0.40318755860611216,0.0006125,0.04748127660376333,0.9988721281385705,15.498994339999998,0.00025994
2024-03-14 04:59:04.580157+00:00,51.6402,0.914489973104966,0.40460856279925467,0.0006102,0.0767694934032195,0.9970488678508256,15.49901188,0.00026012999999999996
2024-03-14 09:53:09.051662+00:00,51.64,0.9072048793296327,0.42068908581101405,0.0006168,0.0876217015125995,0.9961538221700688,15.499072570000001,0.00026068
2024-03-14 10:46:18.676123+00:00,51.6389,0.9058979894592706,0.4234959653806059,0.0006153,0.0633984257931763,0.9979882963276409,15.49908421,0.00027264
2024-03-14 11:21:56.826425+00:00,51.64,0.9049548292025135,0.4255076463508614,0.0006154,0.10821450814913934,0.9941275673805852,15.49909089,0.00026085
2024-03-14 23:17:00.655873+00:00,51.6411,0.8858791119610011,0.4639161551306315,0.0002465,-0.39016232319495486,0.9207460896246671,15.48890645,-0.007906
2024-03-15 09:05:51.464840+00:00,51.6399,0.868970288608869,0.49486426170720677,0.0005059,-0.481908140427825,0.8762217437323704,15.490055509999998,0.0012410000000000001
2024-03-15 09:59:45.806500+00:00,51.63880000000001,0.8673826803770789,0.49764172431768045,0.0004696,-0.5226920091817214,0.852521591244219,15.489814890000002,0.00021951999999999999
2024-03-15 11:57:16.252990+00:00,51.6392,0.8638539689047984,0.5037423154822588,0.0004869,-0.4668018940021159,0.8843619122033904,15.490082530000002,0.0009518
2024-03-15 21:13:22.186837+00:00,51.6392,0.8465473259886346,0.5323134648508268,0.0004705,-0.506295675221068,0.862359953414143,15.48997533,0.00012839
2024-03-16 01:59:18.975251+00:00,51.6389,0.8372943221607456,0.5467524285061546,0.0004807,-0.5017402355693237,0.8650183443204194,15.48985152,-9.2788e-05
2024-03-16 05:00:07.835336+00:00,51.6393,0.8313124952865854,0.5558053033035858,0.000475,-0.4801745076107884,0.8771729830773044,15.48990109,-3.6016e-06
2024-03-16 08:17:34.179087+00:00,51.6403,0.8246863015593905,0.5655904030482608,0.000448,-0.4808280922739689,0.8768148867806567,15.490072920000001,0.00021954000000000003
2024-03-16 10:46:11.713136+00:00,51.6387,0.8196492726754419,0.5728656647091176,0.000474,-0.46900918817433157,0.8831932865506024,15.49011864,0.00023524
2024-03-16 11:23:51.889651+00:00,51.6407,0.8183253046202011,0.574755335615299,0.0004432,-0.47576237807664135,0.8795738511386403,15.49013115,0.00024369
2024-03-16 20:03:36.042052+00:00,51.6387,0.8000512851045471,0.5999316137715721,0.0004725,-0.4467522214955504,0.8946577292958412,15.49021926,0.0002376
2024-03-16 20:24:31.479821+00:00,51.6405,0.7992631934346395,0.6009811541310277,0.0004579,-0.4369964611754053,0.8994632248848046,15.49026824,0.00026956999999999996
2024-03-17 04:16:40.997011+00:00,51.6406,0.7819351610927214,0.6233597707960465,0.0004481,-0.4111039166083517,0.9115884870649,15.49029762,0.00022913
2024-03-17 09:06:32.339815+00:00,51.6407,0.7709880725499705,0.6368495834855209,0.0004452,-0.4004018105971823,0.9163396695933764,15.49035261,0.00023132
2024-03-17 09:59:42.118932+00:00,51.63880000000001,0.768983549197597,0.639268567241865,0.0004762,-0.41353988990668167,0.910486001790236,15.49037162,0.00023571
2024-03-17 10:36:39.376228+00:00,51.6409,0.7675288791391119,0.6410143677699108,0.000446,-0.39948200332364286,0.9167410370549194,15.49037779,0.00023745
2024-03-17 19:17:05.900074+00:00,51.6387,0.747192902376876,0.6646072273438051,0.0004787,-0.3890628539547128,0.9212112112173917,15.490478829999999,0.00024969
2024-03-17 19:36:39.479024+00:00,51.6407,0.7463675968383008,0.6655339288043997,0.0004538,-0.3699202665466415,0.9290635050404583,15.49048727,0.00024276
2024-03-18 00:15:36.074021+00:00,51.6408,0.7351252426012994,0.6779313222520263,0.0004511,-0.3578464840070819,0.9337804313026533,15.49053635,0.0002414
2024-03-18 03:31:16.173408+00:00,51.6409,0.7271212732363579,0.6865090341773644,0.0004489,-0.34732848312341474,0.9377435282694239,15.490568760000002,0.00023986
2024-03-18 08:10:46.297614+00:00,51.641,0.7155110837757808,0.6986013806127266,0.0004512,-0.33296766502337993,0.9429382450875976,15.49062275,0.00024081
2024-03-18 09:13:11.134554+00:00,51.63880000000001,0.712949447331596,0.7012154344775732,0.0004704,-0.36731465289251963,0.9300967400063543,15.490635839999998,0.00025097000000000005
2024-03-18 09:13:11.142319+00:00,51.63880000000001,0.7129469996236331,0.7012179231363523,0.0004752,-0.36402188124996787,0.9313903961128407,15.49064139,0.00025993
2024-03-18 09:48:59.624369+00:00,51.6414,0.711395858593775,0.7027915283891986,0.0004423,-0.3316062935695899,0.9434178639738803,15.490655510000002,0.00025100000000000003
2024-03-19 01:05:03.773193+00:00,51.6411,0.6717425691421568,0.7407846656095783,0.0004418,-0.3050886935369919,0.9523239412489278,15.490812090000002,0.00024272
2024-03-19 04:19:28.854036+00:00,51.6413,0.6630356275735073,0.7485878415845434,0.0004546,-0.2800954241446931,0.9599721628116122,15.49086273,0.00024642
2024-03-19 07:32:01.667616+00:00,51.6413,0.6543555184608011,0.756187050576705,0.0004547,-0.2676773118170913,0.9635086178848509,15.490907659999998,0.00024956
2024-03-19 08:52:21.888181+00:00,51.6399,0.6508033707114135,0.7592463188390594,0.0004192,-0.2933346077695249,0.9560098367091726,15.49103008,0.00034394000000000004
2024-03-19 22:48:14.320799+00:00,51.6395,0.6118846425982392,0.7909470172852447,0.0005039,-0.30197392036510395,0.9533161864876364,15.49111491,-3.8758e-05
2024-03-20 08:13:59.013688+00:00,51.6418,0.5847085064734314,0.8112434668196775,0.0004337,-0.22309699812700953,0.9747962502116619,15.491507509999998,0.00039767000000000003
2024-03-20 09:12:56.684179+00:00,51.63880000000001,0.5818476258562135,0.8132978177060897,0.000475,-0.23711961785595384,0.9714804613721505,15.491547999999998,0.00041095
2024-03-20 09:50:36.545267+00:00,51.6417,0.5799951284350509,0.8146199426675048,0.0004364,-0.20797144206651547,0.9781348983063501,15.491547259999999,0.00040511000000000003
2024-03-20 20:03:11.420620+00:00,51.6389,0.5496936701410493,0.835366308278508,0.000469,-0.20611537788905235,0.9785276955700606,15.49173494,0.00042076000000000006
2024-03-20 22:02:44.229391+00:00,51.6417,0.5436696650388786,0.8392992882854802,0.0004366,-0.2015668649374527,0.9794747566728235,15.4917961,0.00042212
2024-03-21 04:15:21.789796+00:00,51.6412,0.5247735499625605,0.8512418700109223,0.0004279,-0.1670819398633334,0.9859430132474724,15.491862230000002,0.00039122
2024-03-21 06:01:16.330947+00:00,51.6422,0.5193371600406947,0.8545694320538653,0.0004527,-0.17395755557285295,0.9847531512308645,15.491897690000002,0.00039262000000000005
2024-03-21 09:03:15.548245+00:00,51.6422,0.5099770339863369,0.8601880171256158,0.0004539,-0.16328119284890164,0.9865795720882526,15.49195992,0.00039666
2024-03-21 18:03:12.475882+00:00,51.6423,0.48181790944197855,0.8762713633007536,0.0004694,-0.06554071440509172,0.9978498959038229,15.49207026,0.00036920999999999997
2024-03-21 20:49:26.081491+00:00,51.639,0.4731597651735776,0.8809766379540861,0.0004635,-0.15502937655113722,0.9879098604661084,15.49221119,0.00048814
2024-03-21 21:03:29.794758+00:00,51.6414,0.47236155972416466,0.8814048768273037,0.0004647,-0.10821624322889803,0.9941273785091245,15.492188369999997,0.00040314
2024-03-22 01:56:02.094725+00:00,51.6418,0.45680451288090346,0.8895671065252134,0.0004648,-0.12202351839933531,0.9925272091773842,15.49227032,0.00040003
2024-03-22 05:11:11.254268+00:00,51.6421,0.44636337271561116,0.8948517975050083,0.000458,-0.11490074140220898,0.9933769775997543,15.492331040000002,0.0003973
2024-03-22 07:39:38.983663+00:00,51.6394,0.4384527169436729,0.898754257294346,0.0004709,-0.13419373351413272,0.990955115979295,15.49243177,0.00043234
2024-03-22 09:38:06.370378+00:00,51.6421,0.43198658452477606,0.9018800312628162,0.0004653,-0.0657775669758078,0.9978343107363783,15.49243647,0.00041057
2024-03-22 22:03:55.963019+00:00,51.6412,0.3912339309680087,0.9202912643610823,0.0004787,-0.003647730047210484,0.9999933470106203,15.4927558,0.00044999
2024-03-23 03:02:00.999746+00:00,51.6407,0.374705303999982,0.9271439667895602,0.0004798,-0.02451418405826765,0.999699482234515,15.492815230000001,0.00042255
2024-03-23 05:59:09.193355+00:00,51.6404,0.3648572842701867,0.9310634576198252,0.0004702,-0.04806878092760146,0.9988440280144515,15.49306998,0.00056436
2024-03-23 10:26:13.280368+00:00,51.6407,0.3498673195048208,0.936799262778591,0.0004536,-0.021521738563961775,0.99976838056081,15.49314288,0.0005250599999999999
2024-03-23 12:59:09.000102+00:00,51.6426,0.34125083458218347,0.9399722697489342,0.0004638,-0.03176313966225962,0.9994954241810193,15.49327493,0.0005812300000000001
2024-03-23 19:23:17.145295+00:00,51.6413,0.3195200163647152,0.9475795265529391,0.0004928,-0.03245742248637159,0.9994731190610087,15.49347484,0.00059931
2024-03-23 20:48:51.997548+00:00,51.6397,0.31471152988515044,0.949187364516273,0.0004765,-0.026628830991332935,0.9996453898058226,15.49350003,0.0006038
2024-03-23 21:14:24.272157+00:00,51.64,0.31323342222425526,0.9496761675443274,0.0004897,-0.027637259847281187,0.9996180179789347,15.49351596,0.0006058400000000001
2024-03-24 01:29:17.423807+00:00,51.63980000000001,0.2986693712420255,0.9543566454328765,0.000462,-0.04937273674606838,0.9987804227487659,15.493585769999997,0.0005542899999999999
2024-03-24 04:33:16.079604+00:00,51.6401,0.28814780072305507,0.9575859465021751,0.0004674,0.0031607860123300242,0.9999950047034156,15.493673679999999,0.00045123000000000006
2024-03-24 05:10:08.130450+00:00,51.6416,0.2860027986435052,0.9582287822686619,0.0004041,-0.0900068297266945,0.9959411481621541,15.49389649,0.0006649500000000001
2024-03-24 09:11:54.332717+00:00,51.6395,0.27210894523136037,0.9622664505868822,0.0004688,0.0054087489798163415,0.9999853726102564,15.49388632,0.00068101
2024-03-24 09:38:32.153863+00:00,51.641,0.2705651612987347,0.9627016638042076,0.0004152,-0.0284502633731932,0.9995952093292544,15.49417556,0.0011898
2024-03-24 18:53:11.894213+00:00,51.6428,0.23827412186985383,0.9711979421555371,0.0004957,0.18185110437933674,0.9833260780819431,15.49397646,0.00052256
2024-03-24 20:02:03.009122+00:00,51.6395,0.23437696755846074,0.972145790032596,0.0004701,0.03832327942397967,0.9992653933035965,15.49428533,0.0008893600000000001
2024-03-24 20:17:19.468605+00:00,51.6409,0.23344196964315153,0.9723707352697971,0.000445,0.04877132359444314,0.9988099709128089,15.494183000000001,0.0006192299999999999
2024-03-25 03:06:10.999878+00:00,51.6412,0.2095178751252019,0.9778048169256583,0.0004435,0.0700437486710427,0.9975439204727318,15.49434966,0.0005886900000000001
2024-03-25 04:27:13.226412+00:00,51.6413,0.20472668635800415,0.9788191783434116,0.000468,0.06975125051001616,0.9975644154901923,15.494374440000001,0.0005886200000000001
2024-03-25 07:29:04.976158+00:00,51.6423,0.19409053359595735,0.9809836210500339,0.0004753,0.04519735191351235,0.9989780775272329,15.49490802,0.0016427
2024-03-25 13:01:55.000408+00:00,51.6419,0.17441815307897265,0.9846716751671697,0.0004395,0.12360840452131606,0.9923310749602144,15.49461198,0.00058613
2024-03-25 16:27:47.149624+00:00,51.6406,0.1622565708090373,0.9867486028514516,0.0004509,0.10295051912715457,0.9946864785506282,15.49472235,0.0005915200000000001
2024-03-25 19:41:03.533838+00:00,51.6412,0.15083984620359728,0.9885582131555405,0.0004687,0.10377337406670109,0.9946009686476344,15.49500208,0.0007470700000000001
2024-03-26 02:18:45.999940+00:00,51.6414,0.12720483310435898,0.9918764693422726,0.0004748,0.11068145598756642,0.9938559328697859,15.49514551,0.00065603
2024-03-26 03:36:00.668747+00:00,51.6409,0.12258649193924297,0.9924578338619883,0.0004598,0.10607490568051235,0.9943581419110875,15.49516301,0.00064944
2024-03-26 05:11:46.672221+00:00,51.6404,0.11687007687340538,0.9931472122155931,0.0004475,0.11026687557644844,0.993902015367012,15.495164820000001,0.0006233100000000001
2024-03-26 06:42:45.267840+00:00,51.6411,0.1114671977539367,0.9937681137090708,0.0004735,0.1155578150076267,0.9933007557586288,15.49527695,0.00065257
2024-03-26 13:01:10.585642+00:00,51.6401,0.08888386634392165,0.9960419962550554,0.000479,0.13078055638592156,0.9914113404996883,15.49538877,0.00057406
2024-03-26 15:40:41.376297+00:00,51.6405,0.07934469868421855,0.9968472394457992,0.0004848,0.12700401698081934,0.9919022026746063,15.495506100000002,0.00062597
2024-03-26 20:01:05.667168+00:00,51.63980000000001,0.06379903885267044,0.997962766159878,0.0004623,0.13956888057000594,0.9902123648876716,15.495565480000002,0.0005233
2024-03-26 20:28:28.773122+00:00,51.6414,0.062093750186884185,0.9980703212638521,0.0004767,0.14385015699421835,0.9895994807662031,15.49563839,0.00061573
2024-03-27 02:48:49.661290+00:00,51.6412,0.03930515929395709,0.9992272536579838,0.0004736,0.15692746415764192,0.9876101310704807,15.49574017,0.00055067
2024-03-27 04:14:31.818633+00:00,51.6416,0.03414596392264789,0.9994168565457525,0.0004719,0.16167960570533707,0.9868433032143283,15.495821089999998,0.00059492
2024-03-27 05:53:03.359330+00:00,51.6416,0.028235674119912034,0.9996012938702081,0.0004719,0.16748115063745672,0.9858752782077221,15.49587019,0.00059668
2024-03-27 11:29:46.064837+00:00,51.6396,0.008108710842569762,0.9999671238638156,0.0004559,0.1823522192499924,0.9832332724916314,15.495924199999997,0.00045586
2024-03-27 12:13:52.819984+00:00,51.6411,0.005370352293946157,0.9999855795541448,0.0004676,0.1563861972955762,0.9876959842458757,15.49609731,0.0006324999999999999
2024-03-27 18:10:09.474223+00:00,51.6407,-0.016023182145050226,0.999871620576335,0.0004552,0.17111063514297092,0.9852518208767589,15.49624834,0.00062523
2024-03-27 19:14:05.737060+00:00,51.6395,-0.019750606845276783,0.999804937739979,0.0004566,0.2007359726350102,0.9796453793543235,15.496126689999999,0.0004602
2024-03-27 19:40:17.236402+00:00,51.6409,-0.02138737914503091,0.9997712638465394,0.0005077,0.14974760176486573,0.9887242566892304,15.496059360000002,0.00030367
2024-03-28 00:23:14.952200+00:00,51.6415,-0.03835816034305393,0.9992640549599974,0.0004805,0.22271077635463482,0.9748845624459933,15.496260749999998,0.0005187600000000001
2024-03-28 03:35:28.921061+00:00,51.642,-0.049869542813665194,0.998755740258626,0.0004738,0.241305418093431,0.9704492234005623,15.496365230000002,0.00054545
2024-03-28 04:31:16.891677+00:00,51.63980000000001,-0.0531620905379296,0.9985858962200683,0.0004611,0.20986430001157974,0.977730522987111,15.49636341,0.00048707000000000004
2024-03-28 06:41:44.578770+00:00,51.6421,-0.06102937671113447,0.9981359702857374,0.0004656,0.24953166038981386,0.9683666405154107,15.496419880000001,0.00050977
2024-03-28 10:42:44.038664+00:00,51.6395,-0.07541208341164245,0.9971524545802991,0.0004612,0.23119777467039887,0.9729067730196226,15.49653001,0.00049882
2024-03-28 11:26:20.707593+00:00,51.6409,-0.07814938102736708,0.9969416604019713,0.0004793,0.20249503600652927,0.9792832891419696,15.49668479,0.00060398
2024-03-28 17:18:08.131669+00:00,51.6407,-0.09917907608452516,0.9950696010164415,0.0004817,0.22688248863920057,0.9739221408043268,15.496831430000002,0.00059802
2024-03-28 19:59:54.420844+00:00,51.6395,-0.10870725753352173,0.9940738061932527,0.0004577,0.24160350730558253,0.9703750539135069,15.496719589999998,0.00045212999999999997
2024-03-28 20:29:38.247378+00:00,51.6414,-0.11061380610376877,0.9938634644151267,0.0004927,0.25978659789625436,0.9656660517764357,15.496898749999998,0.0005896
2024-03-29 04:26:49.705719+00:00,51.6422,-0.13898125218467558,0.9902950123782204,0.0004691,0.3047496019644367,0.9524325068489197,15.49696763,0.00052946
2024-03-29 05:53:54.864945+00:00,51.6418,-0.14410577437667826,0.9895622900006336,0.0004831,0.3306033423892488,0.9437697971439101,15.496931680000001,0.00046105
2024-03-29 13:01:22.484632+00:00,51.63880000000001,-0.1693942267899485,0.9855483732066304,0.0004544,0.2896883681263146,0.9571210212780371,15.497051950000001,0.00045287
2024-03-29 16:28:42.767910+00:00,51.6413,-0.18169320908101155,0.9833552652901412,0.0004806,0.3586514495251037,0.9334715516573293,15.497180800000002,0.00047713000000000003
2024-03-29 19:40:48.258322+00:00,51.6392,-0.19297923084270552,0.9812028416506741,0.0005597,0.15587763945503008,0.9877763722209231,15.4970458,0.00047713000000000003
2024-03-29 20:45:40.171390+00:00,51.6393,-0.19679497245718358,0.9804446638212564,0.0004546,0.2981146538620602,0.954530069276345,15.49720105,0.00041069
2024-03-30 00:46:11.000057+00:00,51.6412,-0.21098701315844512,0.9774888645291455,0.0004744,0.3794093299709874,0.9252289232027749,15.49732147,0.00045239
2024-03-30 05:05:29.409210+00:00,51.6412,-0.22617530594236077,0.9740866136960714,0.0004789,0.3874319192105732,0.9218983175908348,15.497413329999999,0.00045226
2024-03-30 06:27:56.153089+00:00,51.6413,-0.23099740073594743,0.9729543673026172,0.0004779,0.3917221641002133,0.9200835538974955,15.497441659999998,0.00045175
2024-03-30 12:14:14.788041+00:00,51.63880000000001,-0.25110483071688866,0.9679598979248276,0.0004476,0.33483656736760775,0.9422762191382511,15.497509369999998,0.00040863
2024-03-30 12:29:27.623041+00:00,51.6426,-0.2520017987839847,0.9677267658846871,0.0005089,0.33217430172409307,0.9432180200113393,15.49762769,0.0005588699999999999
2024-03-30 17:00:43.097747+00:00,51.6423,-0.2677630743851039,0.9634847876307323,0.0004845,0.3380776939385969,0.9411182034479837,15.49762788,0.00042970000000000004
2024-03-30 20:29:35.036734+00:00,51.6412,-0.279862525922389,0.9600400859257597,0.0004304,0.3959381992661787,0.918277159882492,15.497787980000002,0.00048154000000000003
2024-03-31 02:48:01.318764+00:00,51.6412,-0.30158289007902217,0.953439961618761,0.0004443,0.40481444764942315,0.9143988533316807,15.49788071,0.00046397
2024-03-31 04:17:28.942959+00:00,51.641,-0.3067088168829594,0.9518033944288364,0.0004484,0.4055707784648071,0.9140636431099589,15.49790207,0.00045978
2024-03-31 09:47:41.000333+00:00,51.6412,-0.325554952495595,0.9455231212961378,0.0005066,0.3115008172125421,0.9502458844298767,15.49815133,0.00078509
2024-03-31 11:28:51.000401+00:00,51.6395,-0.33124566947486406,0.9435445439692548,0.000524,0.263625571152579,0.9646250868780454,15.49801208,0.00044843
2024-03-31 12:59:56.222014+00:00,51.6389,-0.3363392888658603,0.9417408787799367,0.0004518,0.39937799978153105,0.9167863509512472,15.497919490000001,0.00034953
2024-03-31 21:12:09.222035+00:00,51.6413,-0.36402838357271033,0.9313878547379925,0.0004756,0.3910990050177593,0.9203486123606199,15.49802212,0.00031236999999999997
2024-04-01 00:23:59.819709+00:00,51.6413,-0.37471663117241905,0.9271393888314708,0.0004507,0.43308339670207807,0.9013538547657022,15.498150899999999,0.00039595000000000006
2024-04-01 03:29:41.700173+00:00,51.6418,-0.3850267347725628,0.9229054195909668,0.0004501,0.4395864813385635,0.8982002702206122,15.49820833,0.00039566000000000004
2024-04-01 05:05:59.757225+00:00,51.6417,-0.39036479639955907,0.920660266185052,0.0004621,0.4359851958432979,0.8999538371524848,15.49819946,0.00036514
2024-04-01 12:29:17.132332+00:00,51.6419,-0.41473135866100075,0.9099438994483123,0.0004684,0.43890912940375837,0.898531455279132,15.49828787,0.00033758
2024-04-01 17:17:46.036596+00:00,51.6419,-0.43043548048967595,0.9026213475957799,0.0004712,0.45907755783740356,0.8883961930861959,15.49834328,0.00032397999999999997
2024-04-01 20:22:04.963577+00:00,51.642,-0.4403967800123705,0.8978032502473667,0.0004628,0.4708763907040138,0.8821991978445463,15.4983735,0.00031371
2024-04-02 04:18:00.249126+00:00,51.6418,-0.4658662704339833,0.884855139597398,0.0004518,0.48653819500819484,0.8736593070517636,15.498477989999998,0.00030335000000000003
2024-04-02 08:19:48.621810+00:00,51.6391,-0.4786259647096825,0.8780188983761829,0.0004615,0.47574395622063625,0.8795838152896729,15.498490359999998,0.00026389
2024-04-02 09:02:22.266257+00:00,51.6416,-0.48091225824537864,0.8767687265575399,0.0004616,0.4917033585384844,0.8707627732063278,15.4985401,0.00030019000000000004
2024-04-02 16:29:07.257980+00:00,51.6412,-0.5042563552101479,0.8635540100249534,0.0004524,0.5210453848356742,0.8535289725260907,15.49863807,0.00029686000000000003
2024-04-02 20:42:36.856513+00:00,51.6394,-0.5172923154807818,0.8558087755711151,0.0004622,0.4941937599690715,0.869351785877059,15.49864324,0.00025787
2024-04-02 21:05:54.327267+00:00,51.6418,-0.5185434556092555,0.8550512760325033,0.0004571,0.5288576012841681,0.8487105734960275,15.498700919999997,0.00029763
2024-04-03 02:00:33.546240+00:00,51.6411,-0.5335835180135646,0.8457473791294111,0.0004492,0.5384869755811945,0.8426338333638271,15.49874912,0.00028786
2024-04-03 02:54:00.817075+00:00,51.6391,-0.5362422937857347,0.8440640984874394,0.0004623,0.5117310042268824,0.8591457264707463,15.498711819999999,0.00024412000000000001
2024-04-03 12:11:06.574256+00:00,51.6391,-0.5641674859240557,0.8256603707494568,0.0004639,0.5395307400395062,0.8419659022504551,15.49881015,0.00022911
2024-04-03 15:24:34.388341+00:00,51.6407,-0.57377800527432,0.8190108672437884,0.0004487,0.5694230059639092,0.8220446704887916,15.49889263,0.0002655
2024-04-03 17:17:44.428719+00:00,51.641,-0.5793380775863993,0.8150873522871614,0.0004455,0.5725122636987897,0.8198961567872406,15.49893982,0.00028334
2024-04-03 19:55:21.181730+00:00,51.6391,-0.5869589254597242,0.8096167116748307,0.0004631,0.5487996082933199,0.83595394008109,15.49889734,0.00022312999999999999
2024-04-03 20:21:47.095196+00:00,51.641,-0.5883118040828631,0.8086341701763331,0.0004432,0.575433555393529,0.8178485332426552,15.4989764,0.00028196
2024-04-04 01:12:41.582578+00:00,51.6414,-0.602347352248665,0.7982340930071972,0.0004423,0.5856411890157124,0.8105704150339208,15.49903147,0.00027879
2024-04-04 02:41:49.130881+00:00,51.6412,-0.6066102016425707,0.7949994108571148,0.0004444,0.5756176773381827,0.8177189551036442,15.49904998,0.0002787
2024-04-04 11:42:32.759411+00:00,51.641,-0.6320888122656614,0.7748959500530284,0.000452,0.5764665441495406,0.817120752077859,15.49914185,0.00026976
2024-04-04 13:18:14.353938+00:00,51.6407,-0.6365010007690253,0.7712758754298161,0.0004623,0.5665414362267001,0.8240332523862055,15.4990598,0.00020105
2024-04-04 16:29:37.359728+00:00,51.6407,-0.6453617011881774,0.7638771332089355,0.0004496,0.6059925653468102,0.7954703078961477,15.49918859,0.00026548
2024-04-04 20:40:55.122242+00:00,51.6386,-0.6567344981033083,0.7541218727772029,0.0004618,0.5900435682933123,0.8073714061791483,15.499121309999998,0.00019367
2024-04-04 21:04:17.260322+00:00,51.6418,-0.6578669965804564,0.7531341280344489,0.000472,0.6221976947464875,0.7828601590655618,15.499229519999998,0.00026216
2024-04-05 00:28:07.285718+00:00,51.6407,-0.6669773280482656,0.7450780119353921,0.0004747,0.5993016728164803,0.8005232694677703,15.49917132,0.00021009000000000002
2024-04-05 01:44:20.265782+00:00,51.6414,-0.6704214389739036,0.741980521418292,0.0004526,0.6499959961358178,0.7599376323142617,15.49924905,0.00024749
2024-04-05 09:00:17.000068+00:00,51.6408,-0.6896031126198298,0.7241875082221747,0.0004731,0.6155817025546403,0.7880730724240806,15.499247090000003,0.00020243
2024-04-05 10:36:32.370915+00:00,51.6384,-0.6937262184905069,0.7202388032998926,0.0004625,0.616618256251014,0.7872622981306541,15.499264839999999,0.00021567
2024-04-05 15:29:12.413186+00:00,51.6405,-0.7063189653815641,0.707893720230881,0.0004749,0.6342421663754293,0.7731344478106006,15.49930392,0.00019958
2024-04-05 18:46:48.316209+00:00,51.6405,-0.7146936708424217,0.6994376004031982,0.0004729,0.6623624957110759,0.7491835050742874,15.49939191,0.00023008000000000002
2024-04-05 19:53:36.957391+00:00,51.6382,-0.7174226795664718,0.6966381405318427,0.000463,0.6319779050100199,0.7749864047705265,15.499358000000003,0.00021868000000000001
2024-04-05 20:38:56.999608+00:00,51.6407,-0.7193858702443623,0.6946106605090088,0.0004704,0.6644741988548111,0.7473112062964512,15.499407399999999,0.00022841000000000002
2024-04-06 01:12:48.503241+00:00,51.6407,-0.7307094170700055,0.6826886170174604,0.0004652,0.6827970124287769,0.7306081301342989,15.49944193,0.00022239999999999998
2024-04-06 05:39:04.156117+00:00,51.6407,-0.7414677981720429,0.6709884531598905,0.0004729,0.6341382588373955,0.773219676856892,15.499563530000001,0.00038739000000000004
2024-04-06 11:22:04.085770+00:00,51.6377,-0.7551273662941447,0.6555781118018421,0.0004661,0.6638439839443234,0.7478710884777728,15.49954506,0.00025315
2024-04-06 11:40:30.500851+00:00,51.6405,-0.7558786088529202,0.6547117905449497,0.0004778,0.6676064867224919,0.7445143241644524,15.499536979999998,0.00022294
2024-04-06 16:28:23.600925+00:00,51.6404,-0.7670845388202114,0.6415460313204218,0.0004785,0.6763619120624594,0.7365694562709032,15.49958112,0.00021525
2024-04-06 19:06:17.380800+00:00,51.6378,-0.7731056660180345,0.6342772494507518,0.0004664,0.673385497918279,0.7392915332893726,15.49963256,0.00024207999999999999
2024-04-06 19:33:44.021396+00:00,51.6405,-0.774180579015642,0.6329647944988768,0.0004792,0.6822063943017974,0.7311596512210863,15.499609769999998,0.00021418
2024-04-07 09:16:58.321613+00:00,51.6406,-0.8045218190104305,0.5939230949678149,0.0004819,0.7113136713550098,0.7028747121240435,15.49976152,0.00021801
2024-04-07 12:07:34.102867+00:00,51.6374,-0.8105254386291104,0.5857034346280445,0.0004677,0.7062473023209458,0.7079652166345368,15.499815340000001,0.00022092000000000002
2024-04-07 12:29:25.291088+00:00,51.6407,-0.8113342823207298,0.5845824854809681,0.0004857,0.7106865204180237,0.7035088270207575,15.49980932,0.00022303
2024-04-07 17:16:57.409823+00:00,51.6404,-0.8213075547235714,0.5704856707700796,0.0004765,0.7203041822567319,0.6936583345015475,15.499870610000002,0.00022816
2024-04-07 19:51:46.905403+00:00,51.6378,-0.8265347375045575,0.5628857145977967,0.0004688,0.7106914318188441,0.703503865475721,15.49989589,0.00020864
2024-04-07 20:37:42.000095+00:00,51.6404,-0.8281249101045731,0.5605436051408423,0.0004744,0.7297507187698348,0.6837133086717777,15.4999058,0.00022775
2024-04-08 01:05:17.287020+00:00,51.6406,-0.8370251185888735,0.5471644641707666,0.0004749,0.7418295589203876,0.6705884770199851,15.49995964,0.00022949
2024-04-08 02:27:31.401798+00:00,51.6404,-0.8397174968473603,0.5430235036242939,0.0004733,0.7445003416836019,0.6676220796476102,15.499975259999998,0.00022983000000000001
2024-04-08 10:06:00.804949+00:00,51.6405,-0.8543536317209426,0.5196920934218991,0.0004747,0.7567646409237777,0.6536874469098407,15.50005864,0.00022975000000000003
2024-04-08 12:53:02.582013+00:00,51.63720000000001,-0.8594822539002601,0.5111655849434006,0.0004643,0.74460403731195,0.6675064251516566,15.500081630000002,0.00022046
2024-04-08 20:37:14.943915+00:00,51.6377,-0.8733967866845294,0.48700929458187825,0.0004729,0.744358167925054,0.6677805910950521,15.500158630000001,0.00021384
2024-04-09 01:53:05.628774+00:00,51.6387,-0.8824924214355926,0.47032661641538465,0.0004839,0.7718887362991884,0.635757641538379,15.50024904,0.00024486
2024-04-09 12:05:39.147667+00:00,51.63720000000001,-0.8991831284919352,0.43757250991744906,0.0004678,0.7713336392517028,0.6364309993697069,15.50034628,0.00024529
2024-04-09 13:52:51.544723+00:00,51.6397,-0.9020081645625015,0.43171897232179535,0.0004852,0.7877721483615394,0.6159667541887669,15.500344840000002,0.00021993
2024-04-09 19:49:51.075856+00:00,51.63720000000001,-0.9110258243553008,0.41234930260368413,0.0004675,0.7911669618327622,0.6116002276849777,15.50042696,0.00025052
2024-04-10 00:56:13.474158+00:00,51.6391,-0.9184719226420476,0.395486191058829,0.0004827,0.8051039962347597,0.5931336740118707,15.50046419,0.00022725000000000002
2024-04-10 12:51:04.677965+00:00,51.6371,-0.9345893340953365,0.35572851529675753,0.0004662,0.8097437228496444,0.5867836937966139,15.500613649999998,0.00024286
2024-04-10 13:00:29.812619+00:00,51.639,-0.9348077016200853,0.3551542777326125,0.000467,0.841448545144911,0.5403372519764973,15.500628129999999,0.00025036000000000004
2024-04-10 19:23:38.423031+00:00,51.6395,-0.942729431389459,0.33355841945918174,0.0004564,0.8549833915275481,0.5186553771166856,15.50069188,0.00024301000000000002
2024-04-10 21:00:12.457144+00:00,51.6401,-0.9446630008984906,0.3280423977681211,0.0004668,0.8424646211116433,0.5387516702296293,15.500694200000002,0.00022725000000000002
2024-04-11 00:16:09.268047+00:00,51.6403,-0.9484564842697215,0.31690739569583953,0.0004747,0.8367490222829201,0.5475865901467796,15.500733940000002,0.00022809
2024-04-11 04:19:27.209869+00:00,51.6374,-0.9529624153486665,0.30308849356720136,0.0004701,0.8230570745670617,0.5679586710361154,15.50080873,0.00024499
2024-04-11 12:28:01.892627+00:00,51.6402,-0.9614721271795734,0.2749024347960314,0.0004789,0.8475640288004147,0.53069314776395,15.500886300000001,0.00023308
2024-04-11 17:11:48.132402+00:00,51.63980000000001,-0.9660174657243457,0.25847679956915426,0.0004742,0.8529673805604352,0.5219642207085365,15.500938140000002,0.0002332
2024-04-11 19:47:49.039303+00:00,51.6384,-0.9683718664818978,0.24951137891159508,0.0004749,0.8492869625873453,0.5279314872018538,15.50100109,0.0002397
2024-04-11 20:22:42.175203+00:00,51.6407,-0.9689082973473341,0.24742011100856368,0.000456,0.8437241903819435,0.536776946751939,15.50099341,0.00021690000000000001
2024-04-12 01:03:20.369650+00:00,51.6413,-0.9729394481126504,0.23106023090582054,0.0004532,0.8652975591453517,0.5012585501885197,15.50107604,0.00024729
2024-04-12 10:04:37.681240+00:00,51.6402,-0.9799441858508047,0.19927215715499141,0.0004721,0.8858815410081657,0.4639115166720887,15.50116232,0.00024444
2024-04-12 11:37:07.754576+00:00,51.6413,-0.981034400214548,0.19383370603608147,0.0004685,0.8586863073249867,0.5125015371806981,15.50123439,0.000268
2024-04-12 12:49:00.247298+00:00,51.6377,-0.9818453351501809,0.18968325662490318,0.0004711,0.853238743007072,0.5215205148713823,15.501220759999999,0.00024865
2024-04-12 19:52:25.000027+00:00,51.6403,-0.9863664284573324,0.16456387456646182,0.0004707,0.893930620161061,0.44820536179128984,15.501300310000001,0.0002526
2024-04-12 20:33:10.537355+00:00,51.6381,-0.9867497355919628,0.1622496820002788,0.0004725,0.8584053104375692,0.5129720489584014,15.50131378,0.0002488
2024-04-13 00:16:03.443818+00:00,51.6402,-0.9888488421374492,0.14892268935063657,0.0004682,0.9017767131232427,0.4322022208048461,15.50137232,0.00025929
2024-04-13 05:46:07.999966+00:00,51.64,-0.9916078769298601,0.12928193381387645,0.0004701,0.9041213317066888,0.4272758096978152,15.50144222,0.00025990000000000003
2024-04-13 12:09:46.598105+00:00,51.63980000000001,-0.9943240256799779,0.10639422895797826,0.000465,0.9141655452945079,0.4053410364081029,15.50152777,0.00026181
2024-04-13 12:27:07.593706+00:00,51.63980000000001,-0.9944343445963204,0.10535812397383816,0.0004666,0.9157166029739667,0.4018247168079864,15.501529870000002,0.00026142
2024-04-13 19:45:40.267883+00:00,51.6382,-0.9968540214489449,0.07925944688847184,0.0004662,0.900134102394672,0.43561289892074856,15.501641349999998,0.00029845
2024-04-13 20:11:31.096888+00:00,51.6395,-0.9969856934348568,0.07758561133494936,0.00048,0.9114894440112273,0.4113234657250954,15.50161748,0.00026011000000000003
2024-04-13 20:22:54.902795+00:00,51.6399,-0.9970371993969482,0.07692088805188206,0.0004733,0.9119368697637623,0.41033053209025394,15.501621469999998,0.00026139
2024-04-13 23:28:23.939031+00:00,51.6402,-0.9978327031893351,0.06580194864792491,0.0004777,0.9151870176182206,0.40302943165861566,15.501660039999999,0.00026049
2024-04-14 13:05:45.278017+00:00,51.6394,-0.9998586689355383,0.016811964622065433,0.0005013,0.9175028266708319,0.39772925847997825,15.50189462,0.00030635
2024-04-14 17:57:07.179251+00:00,51.6396,-0.999999769524946,-0.0006789330268673595,0.0004994,0.911387474946537,0.41154935367532214,15.50196624,0.00031461
2024-04-14 18:58:08.286812+00:00,51.63850000000001,-0.9999908278068337,-0.004283024889435933,0.0004661,0.9169096843638731,0.39909476408460004,15.501979790000002,0.00032138
2024-04-14 19:34:26.520662+00:00,51.6402,-0.9999787640433743,-0.006517013294884347,0.0004968,0.916816321351918,0.39930919461331793,15.50199969,0.00032293
2024-04-14 21:00:28.665786+00:00,51.63980000000001,-0.9999313842730995,-0.011714382001752953,0.0004992,0.9203513427243272,0.3910925797628077,15.50200171,0.00030182
2024-04-15 02:42:17.151248+00:00,51.6384,-0.9994827615077444,-0.03215912699146853,0.0004667,0.9232243016521035,0.3842614849799363,15.502108930000002,0.0003313
2024-04-15 11:59:15.496238+00:00,51.6382,-0.9978472641269438,-0.06558077061435931,0.0004667,0.9282114025517136,0.37205321148053627,15.502268639999999,0.00034083000000000003
2024-04-15 12:27:19.484931+00:00,51.63620000000001,-0.997726581929296,-0.06739189648380421,0.0004824,0.9583589659660946,0.2855662661316948,15.501710740000002,-0.0025995000000000002
2024-04-15 15:31:49.190288+00:00,51.6368,-0.9969267751539264,-0.07833903867927344,0.0004648,0.8901356694964362,0.45569561100599965,15.50222503,0.00027686
2024-04-15 18:10:34.182035+00:00,51.6381,-0.99613606202298,-0.08782337921846244,0.0004682,0.9328674292806354,0.36021987644678727,15.50239458,0.00037303
2024-04-15 18:45:02.580754+00:00,51.63980000000001,-0.9959438182801656,-0.0899772795183555,0.0004721,0.9193064544794703,0.39354242814769735,15.502293459999999,0.00028324
2024-04-16 04:09:05.620603+00:00,51.6379,-0.9923315064288973,-0.12360494063165661,0.0004478,0.9309672690773045,0.36510264845211077,15.502657949999998,0.0005045
2024-04-16 08:27:10.518910+00:00,51.6391,-0.9902988930808122,-0.13895359787683817,0.0004622,0.9147165117991167,0.4040961556882921,15.50259838,0.00032655
2024-04-16 13:05:40.685847+00:00,51.6392,-0.9878309950563102,-0.1555311068759561,0.0004804,0.9267451668018281,0.37569055858439115,15.502742720000002,0.00039419
2024-04-16 17:50:32.744255+00:00,51.6387,-0.9850233825850602,-0.17242081011492258,0.000484,0.9339583153566052,0.35738195978008175,15.502837769999998,0.00040476
2024-04-16 19:22:11.898616+00:00,51.6387,-0.9840624302074746,-0.17782332089509256,0.0004895,0.928334729030319,0.3717453844719585,15.502801399999997,0.0003395
2024-04-16 20:28:36.797098+00:00,51.63750000000001,-0.9833517768497155,-0.18171208811333162,0.0004718,0.9444842277466544,0.3285567584722705,15.502928920000002,0.00047028
2024-04-16 22:01:26.243051+00:00,51.6371,-0.9823205934561356,-0.1872064413207664,0.0004703,0.9500989876247719,0.3119485754325281,15.50297692,0.0005054300000000001
2024-04-17 01:36:11.181330+00:00,51.6384,-0.9798177394131364,-0.19989296518719984,0.0004986,0.94057354541492,0.3395900553102334,15.50291806,0.00034469
2024-04-17 12:16:31.151413+00:00,51.6383,-0.9713976318268046,-0.2374587140563088,0.0004847,0.9571139425701533,0.289711754918259,15.503256359999998,0.00043361
2024-04-17 18:08:08.007089+00:00,51.6373,-0.9661855314234508,-0.2578478599251582,0.0004687,0.9590761157317701,0.28314837847471497,15.503410219999997,0.00046905000000000004
2024-04-17 18:46:24.143216+00:00,51.6382,-0.9655648675057648,-0.26016242357145836,0.000491,0.9576919961642268,0.28779513630876125,15.503408369999999,0.00044091000000000003
2024-04-17 21:40:56.937789+00:00,51.6382,-0.9627823714522501,-0.2702778296878632,0.0004912,0.9592701056531849,0.28249046780400805,15.503472759999998,0.00044221
2024-04-18 03:22:05.000175+00:00,51.6383,-0.9570390755647629,-0.28995897613652893,0.0004931,0.9631963526540563,0.26879878391451595,15.50359438,0.00044232
2024-04-18 10:01:39.056178+00:00,51.6383,-0.9498018309788382,-0.3128521725499864,0.0005046,0.9592898248705606,0.2824234974286119,15.503792589999998,0.00047792
2024-04-18 11:09:09.336965+00:00,51.6367,-0.9485521286737616,-0.316621002443735,0.0004691,0.9703480604890196,0.24171189773198604,15.5037834,0.00042848
2024-04-18 14:41:51.033426+00:00,51.638,-0.944396457795718,-0.3288089574553902,0.0004687,0.9726779081549708,0.23215875384587628,15.503850189999998,0.00044806
2024-04-18 16:35:11.999917+00:00,51.6382,-0.9421452415180908,-0.33520492819291675,0.0004283,0.9715301022814687,0.23691614626478905,15.503996440000002,0.0007701400000000001
2024-04-18 19:22:33.906422+00:00,51.63850000000001,-0.9387164125055582,-0.3446904363232244,0.0004796,0.9737976553781039,0.227416196389148,15.503962529999999,0.00045173
2024-04-18 20:26:04.041016+00:00,51.6374,-0.9374346011698137,-0.3481614116032855,0.0004684,0.9629454123262269,0.2696963716475863,15.503999729999999,0.00046443
2024-04-18 21:00:59.982334+00:00,51.6387,-0.9366605754168364,-0.3502384422929626,0.0004832,0.974712855388889,0.22346106940502838,15.504003159999998,0.00045334000000000005
2024-04-19 11:54:14.069951+00:00,51.6373,-0.9165617573383728,-0.3998931669643705,0.0004652,0.9724692473430504,0.2330312489174812,15.504385190000002,0.00052126
2024-04-19 12:24:36.263245+00:00,51.639,-0.9157825143946068,-0.40167447806537543,0.0004667,0.9719117312124114,0.2353456749797909,15.504354800000002,0.00045835
2024-04-19 19:38:18.428638+00:00,51.6371,-0.9050580310518384,-0.4252880910965761,0.0004638,0.975716468091354,0.2190373801325558,15.504697940000002,0.00070664
2024-04-19 20:12:23.736112+00:00,51.6394,-0.904148176452903,-0.4272190012357716,0.000486,0.9868943293024109,0.1613678493094101,15.504567390000002,0.00047403
2024-04-19 21:48:49.361741+00:00,51.6396,-0.9016763622498033,-0.43241153749635486,0.0004773,0.9892998513902782,0.14589655252669076,15.504624310000002,0.00048771
2024-04-20 03:23:55.000303+00:00,51.6399,-0.8927667403754508,-0.45051919745932306,0.0004811,0.992995853550024,0.11814920580545306,15.50471139,0.00046456
2024-04-20 12:39:14.768921+00:00,51.63720000000001,-0.877273531351716,-0.4799907824007557,0.0004678,0.9865330805159862,0.16356185694604555,15.505101369999998,0.0004969600000000001
2024-04-20 12:59:04.560858+00:00,51.6389,-0.8766805800609464,-0.4810729264300815,0.0004738,0.9719958739173754,0.23499791719842444,15.504977870000001,0.00029838
2024-04-20 16:21:16.703703+00:00,51.6402,-0.8707696385954874,-0.4916912003486378,0.0004819,0.990623068683834,0.13662333545710267,15.50516065,0.00045585
2024-04-20 19:32:54.036392+00:00,51.6401,-0.8650726327742725,-0.5016466286391136,0.000471,0.9971742614692296,0.07512318059890982,15.50541366,0.00067977
2024-04-20 20:23:17.875674+00:00,51.63720000000001,-0.8635487294174,-0.5042653982989453,0.0004671,0.9890815493115491,0.14736922613444656,15.50532816,0.0004937
2024-04-20 21:00:13.404111+00:00,51.63880000000001,-0.8623793931367754,-0.5062625626026943,0.0004839,0.9930932569262101,0.11732767383568321,15.50524539,0.00050451
2024-04-21 09:11:04.519670+00:00,51.6384,-0.8393078281250637,-0.5436564812894156,0.0004722,0.9989806790508781,0.0451398148317711,15.50559183,0.00051791
2024-04-21 11:51:22.943500+00:00,51.63750000000001,-0.8340976891785127,-0.5516167554625813,0.0004655,0.9933017641529809,0.11554914681890144,15.505806619999998,0.0006049299999999999
2024-04-21 17:07:55.471866+00:00,51.6401,-0.823426645661726,-0.567422734135916,0.0004765,0.998091073040131,0.061759290131929157,15.50596519,0.00059977
2024-04-21 19:35:24.858829+00:00,51.6377,-0.8183905032786023,-0.5746624958559554,0.000461,0.9963886983502762,0.08490913849428798,15.50604088,0.00063401
2024-04-21 20:11:02.049208+00:00,51.6406,-0.8171147152895214,-0.5764751009864384,0.000477,0.9978630306687125,0.06534043177583243,15.506034160000002,0.00058509
2024-04-22 01:41:46.000314+00:00,51.6401,-0.8055013373918568,-0.5925939549640463,0.000481,0.9984984816481923,0.05477939527098333,15.506222289999998,0.00060309
2024-04-22 03:34:44.406034+00:00,51.6394,-0.8014490491431031,-0.5980630582368518,0.0004696,0.9990704723332837,-0.043106743228287114,15.506178370000002,0.00055558
2024-04-22 08:22:19.966070+00:00,51.6393,-0.7909801222726623,-0.6118418473507056,0.0004631,0.9993593664422343,-0.03578905844215486,15.50634351,0.00056494
2024-04-22 09:30:39.181253+00:00,51.638,-0.7885155184555664,-0.6150148592958947,0.0004649,0.9979431214192941,0.06410558799290494,15.5064835,0.00063008
2024-04-22 14:33:45.765207+00:00,51.6403,-0.7771360760195081,-0.6293325983524144,0.0004788,0.9995482905141677,0.030053534404541456,15.506612439999998,0.0006074100000000001
2024-04-22 18:47:27.947899+00:00,51.6382,-0.7674930769459964,-0.6410572336694804,0.0004657,0.9986444741755194,0.05205011237932538,15.506762189999998,0.0005991
2024-04-22 19:19:11.245723+00:00,51.6414,-0.7662362497982023,-0.6425589541008567,0.000476,0.9986341893156908,0.0522470662314453,15.506730260000001,0.00059522
2024-04-23 02:29:34.999599+00:00,51.6413,-0.7493441726749118,-0.6621807237289168,0.0004775,0.9992138878934402,0.03964348926211525,15.50694515,0.00059775
2024-04-23 04:04:16.090731+00:00,51.6382,-0.745615581565851,-0.6663763235036325,0.0004676,0.9982336119013964,0.059410908680917945,15.50705748,0.0006067399999999999
2024-04-23 07:20:28.807885+00:00,51.6414,-0.7376286170237437,-0.6752066523277442,0.0004675,0.9758340731510079,0.2185128409899826,15.50729061,0.00078083
2024-04-23 10:37:30.779047+00:00,51.6401,-0.7296003447157491,-0.6838737727027263,0.000479,0.9988855956022684,-0.04719710688486504,15.50723751,0.0006169900000000001
2024-04-23 13:44:36.351754+00:00,51.6404,-0.7218423682204878,-0.6920575087677596,0.0004647,0.9994033101136449,0.034540175649376274,15.50736739,0.00063805
2024-04-23 18:33:23.145964+00:00,51.6424,-0.7098178864269733,-0.704385241262439,0.0004552,0.9950486337097607,0.09938921748529081,15.50756717,0.00066497
2024-04-23 19:32:14.837570+00:00,51.6382,-0.7073054488654666,-0.7069080576745612,0.0004658,0.9998732652531286,0.01592022085420953,15.50757217,0.00063236
2024-04-24 03:32:48.730258+00:00,51.6406,-0.6865306079976538,-0.7271009037832177,0.0004825,0.9868937660163429,-0.16137129421951021,15.507776200000002,0.00062408
2024-04-24 09:47:58.459180+00:00,51.6414,-0.6699758380604649,-0.7423829041776068,0.0004739,0.9890279849105413,-0.14772828119149722,15.508106039999998,0.0007048400000000001
2024-04-24 13:01:19.998064+00:00,51.6404,-0.6612987733150083,-0.7501226115856429,0.0004715,0.9915339313085944,-0.12984784581857234,15.508145810000002,0.00064747
2024-04-24 18:44:09.536342+00:00,51.6381,-0.645758912578523,-0.7635413720456825,0.0004657,0.9996687415093984,-0.025737273535003536,15.508349700000002,0.00065571
2024-04-24 19:20:55.616068+00:00,51.6402,-0.6440328425258329,-0.7649978416623773,0.0004913,0.9862518776713711,-0.16524900541212,15.508411,0.0007073800000000001
2024-04-25 02:43:56.337594+00:00,51.6409,-0.6233979826123521,-0.781904697053835,0.0004878,0.9920599199341991,-0.1257661133221132,15.50857184,0.00064829
2024-04-25 04:20:16.477717+00:00,51.6411,-0.6188513170922689,-0.7855081459368605,0.0004809,0.9948411244600139,-0.10144524179642513,15.50863281,0.00065138
2024-04-25 07:31:32.809997+00:00,51.63980000000001,-0.6098229195934414,-0.792537700515585,0.000515,0.9950500213480347,-0.09937532397570244,15.50884989,0.00074591
2024-04-25 11:44:51.048663+00:00,51.6381,-0.5977175009343715,-0.8017067974495224,0.0004594,0.9984815113729815,-0.0550878520758124,15.50886937,0.00060093
2024-04-25 13:17:38.373485+00:00,51.6382,-0.5932362467209584,-0.8050284191110462,0.0004591,0.9983862238405007,-0.05678862602234392,15.50890866,0.0005921800000000001
2024-04-25 13:43:16.041226+00:00,51.6399,-0.5919442527342564,-0.8059789089392368,0.0004941,0.9946351459698691,-0.10344528216161926,15.508937639999997,0.0006085700000000001
2024-04-25 16:46:45.563807+00:00,51.6394,-0.583025177089514,-0.8124540866287404,0.000489,0.9986581570266659,-0.0517869230993993,15.509183469999998,0.0011788
2024-04-25 18:22:37.252424+00:00,51.6396,-0.5783717284506639,-0.8157733409035818,0.0004566,0.9949255863060253,-0.10061350661621805,15.509265670000001,0.0010654
2024-04-26 01:54:39.867853+00:00,51.64,-0.5559445832467176,-0.8312193575456683,0.0005117,0.9919400630123411,-0.12670797682495308,15.509244589999998,0.0005877500000000001
2024-04-26 09:55:52.966283+00:00,51.6383,-0.531658771616873,-0.8469586474928027,0.0003899,0.9090063819077173,-0.41678219449856674,15.505685969999998,0.0005942800000000001
2024-04-26 12:29:34.780435+00:00,51.6376,-0.5238684640189609,-0.8517991737530711,0.0003669,0.9257260961892502,-0.37819465204337716,15.505875770000001,0.00057094
2024-04-26 12:53:50.319754+00:00,51.6386,-0.522590826201529,-0.8525836195764046,0.0003839,0.8876289699256908,-0.4605592380450716,15.506054690000001,0.001752
2024-04-26 15:35:11.548595+00:00,51.6376,-0.51431979545867,-0.8575984771437923,0.0003692,0.9187126507508732,-0.39492665819149775,15.50595335,0.0005500199999999999
2024-04-26 17:33:30.270220+00:00,51.6382,-0.5081563050511201,-0.8612648661339861,0.0003808,0.9394835172564573,-0.34259410503310744,15.506075250000002,0.00067739
2024-04-27 03:57:37.977703+00:00,51.6373,-0.4755551201660452,-0.8796859255915479,0.0003671,0.9120041767073965,-0.41018091333978934,15.506295839999998,0.00054028
2024-04-27 04:15:07.138940+00:00,51.6382,-0.47456298744957165,-0.8802215465114097,0.0003846,0.9116767199967107,-0.4109082114244484,15.50643903,0.00071462
2024-04-27 11:41:39.022065+00:00,51.637,-0.45084170963496856,-0.8926039171174518,0.0003687,0.9056665035093242,-0.42399078341538904,15.506466400000003,0.00045746
2024-04-27 12:05:02.495884+00:00,51.6394,-0.44953727701079793,-0.8932615723167079,0.0003646,0.9124453585822208,-0.40919856744832656,15.50650339,0.0005314
2024-04-27 12:11:24.985260+00:00,51.6394,-0.4491942560590939,-0.893434116386607,0.0003645,0.9123038952284447,-0.4095138614882371,15.50650615,0.0005314
2024-04-27 16:20:03.516854+00:00,51.636900000000004,-0.43584068437377205,-0.900023831820359,0.0003708,0.9005404639713294,-0.4347722078862709,15.50657426,0.00044774
2024-04-27 16:44:53.509054+00:00,51.6395,-0.4344594054856776,-0.9006914149613238,0.0003617,0.8905457033253319,-0.4548937791273803,15.506671400000002,0.00057861
2024-04-28 03:09:40.220912+00:00,51.6366,-0.4003762214101829,-0.9163508505639661,0.000369,0.8899391380859831,-0.4560793028660449,15.506815289999999,0.00044291
2024-04-28 06:25:01.443636+00:00,51.6401,-0.38952103361292917,-0.9210175700675397,0.0003495,0.920041843949835,-0.391820118653174,15.50691066,0.00047924
2024-04-28 11:15:55.723696+00:00,51.638,-0.3734071638098296,-0.9276675536071632,0.0004617,0.8053761725712327,-0.5927640514188692,15.507099270000001,0.0016259000000000002
2024-04-28 13:02:37.858273+00:00,51.6392,-0.36742503640858504,-0.9300531396754435,0.0003802,0.8806163255807913,-0.4738300192269225,15.506966100000001,0.00038092
2024-04-28 13:59:16.457582+00:00,51.6365,-0.3643160935866711,-0.9312753534555437,0.0003659,0.8795489390730871,-0.47580843180360616,15.50697861,0.00035449000000000006
2024-04-28 17:42:41.061599+00:00,51.63880000000001,-0.3517174816710018,-0.9361061975475905,0.0003551,0.8860329036723413,-0.46362236099001897,15.507083150000001,0.00041008
2024-04-28 21:43:16.231019+00:00,51.6366,-0.338194313182812,-0.9410763021832003,0.0003603,0.8705017626385699,-0.49216529869866166,15.507152649999998,0.00037214999999999997
2024-04-29 01:03:26.983575+00:00,51.6391,-0.32677091646309786,-0.9451035753576785,0.0003374,0.8861437351350069,-0.4634104883156819,15.507283580000001,0.00045347
2024-04-29 04:18:35.648049+00:00,51.63720000000001,-0.3156573174403813,-0.9488732570508784,0.0003226,0.9358456634208017,-0.3524101222389611,15.50740895,0.0005638300000000001
2024-04-29 05:27:15.772030+00:00,51.6367,-0.3118192301689477,-0.9501414461525425,0.0003612,0.859705210138542,-0.510790516416119,15.507291389999999,0.00033314
2024-04-29 13:31:42.582706+00:00,51.6383,-0.2839333443149956,-0.958844020675992,0.0003669,0.8478501119196589,-0.5302359736172395,15.507418810000003,0.00033481
2024-04-29 16:52:03.126156+00:00,51.63880000000001,-0.2723658947095658,-0.9621937535647681,0.0003785,0.8336063548532489,-0.5523589821377753,15.50754503,0.00040532000000000003
2024-04-29 23:11:55.638819+00:00,51.6391,-0.2503107242211733,-0.9681655547166877,0.0003387,0.8486736502021348,-0.5289168511709421,15.50771109,0.00043122
2024-04-30 00:15:48.247763+00:00,51.6392,-0.24659478213658934,-0.9691186787091703,0.0003404,0.8459987305232366,-0.5331849097199509,15.507733269999997,0.00043164
2024-04-30 04:39:13.160467+00:00,51.6366,-0.23129625995937494,-0.9728833640929447,0.000363,0.8320548205903497,-0.5546934067864526,15.507610990000002,0.00026556999999999997
2024-04-30 08:15:37.679900+00:00,51.6389,-0.21852816932880048,-0.9758306406389395,0.0003613,0.8311417249359058,-0.5560606379438912,15.507736610000002,0.00035672
2024-04-30 12:23:11.963602+00:00,51.6367,-0.20407404671847967,-0.9789554552970956,0.0003599,0.8271060799575822,-0.5620458455474977,15.507696640000002,0.00024636
2024-04-30 12:58:32.801103+00:00,51.6384,-0.20188824119848944,-0.9794085654443607,0.000362,0.8198591838488604,-0.5725652090886073,15.5077668,0.0003149
2024-04-30 17:01:35.145101+00:00,51.6366,-0.18765732794657097,-0.9822345581723101,0.00036,0.8169033712502487,-0.5767745504440868,15.507760949999998,0.00025181
2024-04-30 17:38:41.385410+00:00,51.6387,-0.18536648472990083,-0.9826694593498261,0.0003607,0.8121436124073514,-0.5834575844274695,15.50781852,0.00029742
2024-04-30 22:23:54.393212+00:00,51.6391,-0.16851346479407964,-0.9856993518223974,0.0003539,0.8108861373804916,-0.585203957782367,15.50784137,0.00026311
2024-05-01 05:23:56.734928+00:00,51.6364,-0.14364807429659276,-0.9896288348420738,0.00036,0.8059138163970682,-0.592032871165371,15.50791225,0.00026195
2024-05-01 10:31:19.405926+00:00,51.6389,-0.1252726284921633,-0.9921223556349612,0.0003719,0.7639176809726627,-0.6453137040985176,15.5079493,0.00023796
2024-05-01 11:35:07.383835+00:00,51.6366,-0.12153499876974365,-0.9925871468410411,0.0003571,0.8002627451738735,-0.5996495132048186,15.50796085,0.00023233000000000002
2024-05-01 12:11:04.709772+00:00,51.6389,-0.11936748917744673,-0.9928501410220336,0.0003711,0.7611977164960221,-0.6485198812690646,15.50797335,0.00024946
2024-05-01 14:40:42.687548+00:00,51.6366,-0.11045421973260783,-0.9938812128938049,0.0003518,0.7982992685897434,-0.6022609714808694,15.50798832,0.00022469000000000002
2024-05-01 15:04:56.261277+00:00,51.6391,-0.10897270652669093,-0.9940447420676032,0.000373,0.7661240904344537,-0.6426926777675166,15.508016250000003,0.00025398
2024-05-02 00:13:42.400125+00:00,51.639,-0.07605948114882104,-0.9971032821766119,0.0003682,0.7532053116847097,-0.657785495773462,15.50811915,0.00024206
2024-05-02 05:01:25.990172+00:00,51.6391,-0.0587767190726452,-0.9982711541936166,0.0004033,0.7842092219358032,-0.6204964917151765,15.50827938,0.000296
2024-05-02 08:05:57.890126+00:00,51.6389,-0.04772708902846393,-0.9988604131573485,0.0003746,0.7401688384369155,-0.6724210664508863,15.50819236,0.00023406
2024-05-02 13:00:01.736931+00:00,51.6394,-0.03005353440454105,-0.9995482905141677,0.0003829,0.7095547487107956,-0.7046503094315362,15.508280030000002,0.00025084
2024-05-02 16:02:16.514031+00:00,51.6404,-0.019171267278979227,-0.9998162143668795,0.0003641,0.770041325593411,-0.6379940100646262,15.508291520000002,0.00023848
2024-05-03 04:12:38.536125+00:00,51.6394,0.024835226862577064,-0.9996915581851656,0.0003744,0.7006851554779281,-0.7134706110926166,15.50849459,0.00025946000000000004
2024-05-03 08:53:09.842779+00:00,51.63720000000001,0.041624545453850054,-0.9991333230434066,0.0003919,0.7258319460519985,-0.6878720710207449,15.5085171,0.00039038
2024-05-03 13:43:17.757974+00:00,51.6392,0.05911123964083616,-0.9982514018763629,0.0003719,0.7142455094108606,-0.6998952437946839,15.50861405,0.00025737
2024-05-03 15:03:17.386859+00:00,51.6394,0.0638582590429837,-0.9979589784916008,0.0003577,0.725770714451054,-0.6879366758977215,15.508779290000001,0.00037341999999999996
2024-05-03 20:41:13.000118+00:00,51.6395,0.08417872468347837,-0.9964506722917412,0.0003705,0.695467717816268,-0.7185573418144384,15.50870272,0.00025706000000000004
2024-05-04 05:00:00.714232+00:00,51.6397,0.11403901464380943,-0.9934762720563934,0.0003792,0.6628592273156461,-0.748744044892849,15.50883865,0.00026484999999999996
2024-05-04 09:57:04.999688+00:00,51.6384,0.13172872231265595,-0.9912858032464075,0.0003503,0.7041188355036926,-0.7100821540419981,15.50894915,0.00025759
2024-05-04 12:16:18.318451+00:00,51.637,0.13991797770327813,-0.9901630974316428,0.0003499,0.6962523811489507,-0.7177970616716234,15.508923950000002,0.00019642000000000002
2024-05-04 14:23:19.396325+00:00,51.6394,0.14754185118507043,-0.9890558134649846,0.0003397,0.7183788866046544,-0.6956520504394831,15.50901757,0.00026636
2024-05-04 15:59:38.118632+00:00,51.6399,0.15329973923063664,-0.9881797356512725,0.0003752,0.6228109942166346,-0.7823723317467759,15.50905169,0.00028945
2024-05-05 00:59:41.479588+00:00,51.6392,0.18519497373223434,-0.9827017969375639,0.0003543,0.7246423055232569,-0.689125191127083,15.50910867,0.00025701
2024-05-05 04:11:15.266410+00:00,51.6393,0.19661700454603753,-0.9804803687597949,0.0003714,0.6630186424834932,-0.7486028851930414,15.50918459,0.00027855
2024-05-05 09:09:44.000051+00:00,51.6391,0.21416083490335533,-0.9767984115432916,0.0003679,0.646996077479038,-0.7624933283162146,15.50919423,0.00024961
2024-05-05 12:05:33.299218+00:00,51.6392,0.2244918683082472,-0.9744759622809958,0.0003597,0.6348195215085566,-0.7726604526644594,15.509269440000002,0.000273
2024-05-05 13:00:54.486715+00:00,51.6365,0.22763713821286913,-0.9737460312146361,0.0003436,0.6622108037983823,-0.7493175904332559,15.50916801,0.00021296000000000002
2024-05-05 15:10:40.877191+00:00,51.6393,0.23532362294154197,-0.9719170707862205,0.0003588,0.6159378804177769,-0.7877947241930834,15.509306710000002,0.00027172000000000003
2024-05-05 19:12:03.309119+00:00,51.6364,0.24930855811123498,-0.9684241027837427,0.0003395,0.6551839567340719,-0.7554693791533088,15.50923849,0.00023358000000000002
2024-05-05 20:39:08.000071+00:00,51.6392,0.25439602918039633,-0.9671001294267554,0.0003586,0.6781109269948602,-0.7349595707861565,15.50923016,0.00019268
2024-05-06 00:10:02.183818+00:00,51.63880000000001,0.26667490987165554,-0.9637865388377991,0.0003555,0.6484614235686228,-0.7612475170030804,15.509281109999998,0.00020067
2024-05-06 04:48:29.238642+00:00,51.6386,0.2827650319449081,-0.9591892079820306,0.0003554,0.6686025453952782,-0.7436199542044007,15.509388790000001,0.00028427000000000004
2024-05-06 12:12:41.933948+00:00,51.63620000000001,0.30824503604871145,-0.9513069944825007,0.0003419,0.6167254250264111,-0.7871783470891413,15.509481180000002,0.00029676999999999997
2024-05-06 12:42:43.007622+00:00,51.6392,0.31000613143854017,-0.9507345573137176,0.0003574,0.6400828809408328,-0.7683058671691136,15.50942079,0.00021129000000000002
2024-05-06 18:23:50.255247+00:00,51.6361,0.32940062638448014,-0.9441902495458805,0.0003419,0.5979343616203396,-0.80154506997029,15.50958113,0.00031917
2024-05-06 19:53:04.999769+00:00,51.6393,0.334507630525133,-0.942393041740261,0.000358,0.6338224175968774,-0.7734785988969892,15.50957674,0.0002731
2024-05-07 01:29:12.239808+00:00,51.6397,0.3535450470704558,-0.9354175002061642,0.0003628,0.5610363704008623,-0.8277911518537912,15.509613159999999,0.00023083
2024-05-07 03:40:32.482279+00:00,51.63590000000001,0.3608222207958944,-0.9326346149376609,0.0003455,0.5682760965133262,-0.8228379415969932,15.50975267,0.00035954000000000004
2024-05-07 08:50:20.334626+00:00,51.63880000000001,0.3782011148215004,-0.9257234558699343,0.0003617,0.5970008503097194,-0.8022406027679427,15.509777380000001,0.00028705
2024-05-07 11:24:27.476060+00:00,51.636,0.3866980852444689,-0.9222063710841849,0.0003441,0.5539249515852287,-0.8325666027479736,15.50980907,0.00027264
2024-05-07 12:02:40.049946+00:00,51.6393,0.3888634755524095,-0.9212953909476052,0.0003655,0.551497376255883,-0.8341766263705049,15.50988239,0.00034798
2024-05-07 13:32:00.657603+00:00,51.639,0.39382800880721897,-0.9191841488401228,0.0003594,0.598801366611267,-0.8008975735663575,15.50986096,0.000296
2024-05-07 20:41:09.214944+00:00,51.6357,0.41735484380320215,-0.9087436020979761,0.0003453,0.5308883984131421,-0.8474417433843633,15.509933189999998,0.00026490000000000004
2024-05-07 22:31:19.380016+00:00,51.6394,0.4234216527136021,-0.9059327259864729,0.0003631,0.5458972514166051,-0.8378521294929051,15.510053210000002,0.00034104000000000003
2024-05-08 04:55:29.825176+00:00,51.63880000000001,0.44428652695451076,-0.8958847481493916,0.000329,0.5691604197584028,-0.822226499561063,15.50997299,0.00024093
2024-05-08 08:21:40.000043+00:00,51.6381,0.4553584515098544,-0.8903081941881404,0.0003336,0.5389222230519835,-0.8423555291566075,15.5100321,0.00024687
2024-05-08 11:13:13.385007+00:00,51.6383,0.46449277100495756,-0.8855769112189726,0.0003585,0.535779637976071,-0.8443578503988877,15.5101558,0.00028795
2024-05-08 12:08:58.222749+00:00,51.6355,0.46738369343271086,-0.884054570212268,0.0003334,0.5319011781934297,-0.8468064339838481,15.510147750000002,0.00027067000000000004
2024-05-08 12:43:07.973771+00:00,51.63880000000001,0.4692635101307586,-0.8830581849797664,0.0003587,0.5714342350593477,-0.8206478629729917,15.51017554,0.00028684
2024-05-08 19:52:52.426834+00:00,51.6355,0.4918674847181404,-0.8706700738379894,0.0003349,0.5116155387091565,-0.8592144904221177,15.51025615,0.00028217
2024-05-09 02:30:41.601008+00:00,51.6387,0.5126304187754313,-0.8586093720348771,0.0003711,0.47899523848656156,-0.8778174989752722,15.5103355,0.00027245000000000004
2024-05-09 04:06:28.852997+00:00,51.6387,0.5175716038572555,-0.8556398979013474,0.000352,0.5013823838442047,-0.8652258116646212,15.51035806,0.00027305
2024-05-09 05:09:33.246431+00:00,51.6354,0.5207340051590631,-0.8537189794487416,0.0003313,0.49979291028114564,-0.8661449340801473,15.51038566,0.00028765
2024-05-09 08:48:19.938820+00:00,51.6381,0.5320046311463273,-0.8467414436762029,0.0003466,0.49292476729472334,-0.8700719359842857,15.51043222,0.00027777000000000005
2024-05-09 11:20:40.317486+00:00,51.6355,0.5396571116251323,-0.841884910110889,0.0003287,0.48136820770993954,-0.8765184816112667,15.510474619999998,0.00030288
2024-05-09 12:00:55.924138+00:00,51.6382,0.5417771605377083,-0.8405221640859319,0.0003491,0.4872501257253323,-0.8732624548099202,15.510484460000002,0.00028073
2024-05-09 13:30:13.151809+00:00,51.6383,0.5462861717755223,-0.8375986022713054,0.0003524,0.4837483467827012,-0.8752071394732812,15.51050683,0.0002814
2024-05-09 20:37:20.644589+00:00,51.6354,0.5675405746745494,-0.8233454293904121,0.0003351,0.4438189459358798,-0.896116478605524,15.51063072,0.00034953
2024-05-09 20:53:11.139654+00:00,51.6382,0.5684139563563153,-0.8227427144735837,0.0003532,0.4676382634884271,-0.8839199367145921,15.51061136,0.00028208
2024-05-10 04:44:34.027566+00:00,51.6381,0.5915010532486696,-0.806304225466861,0.0003548,0.4471831360018004,-0.894442420100699,15.51071505,0.00028049000000000005
2024-05-10 08:14:47.999904+00:00,51.638,0.6016533205167441,-0.7987573360609441,0.0003517,0.44324955374780367,-0.8963982558563871,15.51076013,0.00027956
2024-05-10 12:05:07.233215+00:00,51.6355,0.6125774000625106,-0.7904106078062559,0.0003353,0.4083400195361458,-0.9128299011564094,15.510855329999998,0.00034415000000000004
2024-05-10 12:40:32.630860+00:00,51.6384,0.6143320242095592,-0.7890476310278015,0.0003491,0.4315615356236237,-0.9020834999988525,15.51082051,0.00027874
2024-05-10 19:49:00.121436+00:00,51.6357,0.6343919350049231,-0.7730115605867156,0.0003327,0.3998611726798213,-0.9165757156848081,15.51107517,0.00047533
2024-05-10 20:04:09.655951+00:00,51.6384,0.6351687302815043,-0.7723734097394741,0.0003508,0.40699492570718376,-0.9134304190515028,15.510917329999998,0.00027645999999999997
2024-05-11 05:27:39.350578+00:00,51.63980000000001,0.6609661687664861,-0.7504157006260951,0.0003244,0.42758980381214,-0.903972875519999,15.511232429999998,0.00044309
2024-05-11 08:47:14.398359+00:00,51.6381,0.6699589937542283,-0.7423981052560829,0.0003535,0.3850170701084975,-0.9229094515309009,15.51115688,0.00029475000000000004
2024-05-11 11:53:03.678138+00:00,51.6377,0.6781596698680705,-0.7349145951499599,0.0003376,0.33019316111282787,-0.9439133839258336,15.51165706,-0.000135
2024-05-11 18:56:51.000287+00:00,51.6378,0.6966782078865548,-0.7173837708339785,0.0003156,0.40873349919613844,-0.9126537824579923,15.51210649,0.0010367
2024-05-11 20:33:22.047532+00:00,51.636,0.7008059338254378,-0.7133519770176965,0.0003357,0.33195863743752557,-0.9432939430689786,15.51198265,0.00069802
2024-05-11 20:52:02.016191+00:00,51.6377,0.7016309220404283,-0.7125405597134091,0.0003185,0.40197973906525536,-0.9156485621574629,15.51218265,0.0010116
2024-05-12 04:43:19.456617+00:00,51.6368,0.7215705422207151,-0.6923409222336226,0.000322,0.3190370541175594,-0.9477422424372512,15.51211809,0.00045049
2024-05-12 09:36:40.535438+00:00,51.6383,0.733649221618319,-0.6795283802894729,0.0003345,0.3249525455327729,-0.9457303226352485,15.512343090000002,0.0005767099999999999
2024-05-12 12:38:23.832685+00:00,51.6381,0.7410214467814115,-0.6714813589445233,0.0003333,0.3160845582567369,-0.948731021961253,15.51259398,0.0010113
2024-05-12 19:44:53.876262+00:00,51.63590000000001,0.7579863602498937,-0.652270402268199,0.0003273,0.3085322614922012,-0.9512138790085581,15.51239452,0.00031596
2024-05-12 20:01:14.579331+00:00,51.63850000000001,0.7586576299588401,-0.6514895244785105,0.0003298,0.3754641008085124,-0.9268369376562715,15.512578620000001,0.00051995
2024-05-13 02:24:33.918029+00:00,51.6376,0.7734808113498888,-0.6338197176433673,0.0003165,0.38249960275848255,-0.9239556558025948,15.51248642,0.00026040000000000004
2024-05-13 05:26:26.714118+00:00,51.6386,0.7804031252379814,-0.6252767084409843,0.0003032,0.4296618151561476,-0.902989880672383,15.512848129999998,0.000598
2024-05-13 08:47:08.809171+00:00,51.638,0.7878871665568331,-0.6158196268186368,0.0002966,0.3367288046339693,-0.9416016738142399,15.51283459,0.00054399
2024-05-13 11:12:33.907974+00:00,51.636,0.7931907511701715,-0.6089732607086284,0.0003266,0.2646793399217326,-0.964336480186556,15.512683550000002,0.00036575
2024-05-13 11:49:05.252153+00:00,51.6379,0.7945513495350573,-0.6071969638857058,0.0003539,0.31911645086633966,-0.9477155115257273,15.512606090000002,0.00025217
2024-05-13 17:19:57.999630+00:00,51.6378,0.8065261269735711,-0.5911984493459121,0.000267,0.3783772184293073,-0.9256514898025607,15.513053820000001,0.00054029
2024-05-13 20:29:09.492596+00:00,51.6361,0.8131373353069375,-0.5820718803807078,0.0003255,0.2473879806566463,-0.9689165015761816,15.51282702,0.0003544
2024-05-13 20:45:59.333185+00:00,51.638,0.8137839654469959,-0.5811674952897508,0.0002651,0.3258338304380046,-0.9454270542681216,15.513136490000003,0.0005377100000000001
2024-05-14 01:36:06.061261+00:00,51.6376,0.8237642055761011,-0.566932565312291,0.0003509,0.2626590592905992,-0.9648887078687248,15.512945979999998,0.00040406
2024-05-14 05:48:41.821340+00:00,51.6384,0.8323335347814271,-0.5542751003592484,0.0002707,0.2774705991130857,-0.9607341290012681,15.51327964,0.00051384
2024-05-14 09:33:34.750367+00:00,51.638,0.8397118102724854,-0.5430322970955829,0.0003403,0.22760484744649906,-0.9737535794126027,15.51308311,0.00038569
2024-05-14 10:24:02.210671+00:00,51.6363,0.8413381888316809,-0.5405090674664274,0.0003233,0.20207456109969918,-0.9793701403230364,15.513056470000002,0.00033698
2024-05-14 10:59:11.758271+00:00,51.638,0.8425116328561968,-0.5386781492709586,0.0003304,0.24741672887906885,-0.9689091610005457,15.51306217,0.00033405
2024-05-14 16:28:44.999602+00:00,51.6379,0.8530284116897746,-0.5218644736423629,0.0003304,0.24642056074154656,-0.9691629931254194,15.51315473,0.00033495000000000004
2024-05-14 19:57:03.946733+00:00,51.6377,0.8595045568882868,-0.5111280824688366,0.000328,0.23234039761950512,-0.9726345354931678,15.51322185,0.00033913
2024-05-14 21:13:22.631816+00:00,51.6364,0.8618080428426305,-0.5072345584557059,0.0003221,0.18400110120578567,-0.9829260372759785,15.513275999999998,0.00037535000000000004
2024-05-15 03:46:31.494132+00:00,51.6377,0.8736058041018153,-0.48663425592494064,0.0003256,0.20911339506253943,-0.9778913988809894,15.513362940000002,0.00034202
2024-05-15 04:59:29.815023+00:00,51.6377,0.8757376767588139,-0.48278724248376254,0.0003277,0.2009548225023303,-0.9796005100616562,15.513383769999999,0.00034195
2024-05-15 08:40:12.736997+00:00,51.6378,0.8820578025893799,-0.4711412027101795,0.000328,0.15044300136054617,-0.988618684499555,15.513572939999998,0.00040125
2024-05-15 11:08:13.905320+00:00,51.6363,0.8861849806223782,-0.46333160923825967,0.0003175,0.14721385975053464,-0.9891046858130589,15.513526490000002,0.00037954
2024-05-15 11:45:25.111886+00:00,51.6382,0.8872701939705074,-0.461250043784863,0.0003258,0.11607095607603607,-0.9932409240237713,15.51380412,0.0010229
2024-05-15 19:10:19.971276+00:00,51.6378,0.8993068132606621,-0.4373182543902697,0.0003286,0.14839455289316184,-0.9889282363607779,15.51363823,0.00034526
2024-05-15 20:24:47.579633+00:00,51.63620000000001,0.9012041380699235,-0.43339485636731573,0.0003214,0.11646619227163897,-0.9931946566800214,15.51371133,0.00040303
2024-05-15 22:21:52.627105+00:00,51.6383,0.9042778757385944,-0.42694440323032123,0.0003237,0.13225466025944363,-0.9912157710809787,15.51374613,0.00037494
2024-05-16 04:53:14.000083+00:00,51.6377,0.9140969091980952,-0.40549579602566693,0.000331,0.11619923650808257,-0.9932259246691755,15.513835949999999,0.00035601
2024-05-16 07:50:31.589658+00:00,51.638,0.9183635183435755,-0.3957378528465645,0.0003268,0.12074152477196613,-0.9926839800237237,15.51388706,0.00035451
2024-05-16 10:56:42.910959+00:00,51.63880000000001,0.9227057120759434,-0.38550508284901547,0.0003062,0.035834407894813555,-0.999357741357332,15.51408839,0.00013427
2024-05-16 19:55:54.315246+00:00,51.6382,0.9347624441688697,-0.3552733777972125,0.0003516,0.08366740807890731,-0.9964937354671918,15.514116780000002,0.00035836
2024-05-17 00:43:09.885811+00:00,51.6381,0.940761878010885,-0.33906797088700785,0.0003586,0.043359579348609144,-0.9990595311985726,15.514230909999998,0.00036612
2024-05-17 05:25:17.886127+00:00,51.6378,0.9463828941076211,-0.3230470828540062,0.0003375,0.02558373513551776,-0.9996726826799438,15.51434944,0.00037613
2024-05-17 08:28:22.689711+00:00,51.6383,0.9498842485305461,-0.3126018464333821,0.0003284,0.018501179765048625,-0.9998288385255255,15.514423730000003,0.0003819
2024-05-17 09:30:57.757253+00:00,51.63620000000001,0.9510138996793664,-0.30914812407104114,0.0003261,0.004495953006438447,-0.9999898931522078,15.514585780000003,0.00043594
2024-05-17 10:08:13.198277+00:00,51.6391,0.9517380652921669,-0.30691147758583914,0.0003463,0.05715106491000702,-0.9983655421636166,15.5145962,0.00046131
2024-05-17 17:29:44.932114+00:00,51.6391,0.959557542006938,-0.28151256380062945,0.0003428,0.03138284757728634,-0.9995074371298799,15.51476363,0.00046004
2024-05-17 20:42:34.018266+00:00,51.6392,0.9627625564658383,-0.27034840459555787,0.0003361,0.014916775872261373,-0.999888738709251,15.514856230000001,0.00046789
2024-05-17 23:54:06.037325+00:00,51.639,0.965815065493967,-0.2592320567848124,0.0003368,0.004536095169886398,-0.9999897118673821,15.5149272,0.00046629
2024-05-18 04:51:38.999793+00:00,51.6389,0.9703041703520785,-0.2418880257420044,0.0003334,-0.010578243303520422,-0.9999440488190384,15.515036879999998,0.00046391
2024-05-18 08:42:15.177893+00:00,51.6363,0.9735410274825878,-0.22851229246617627,0.0003348,-0.057968267190338554,-0.9983184261541753,15.515152290000001,0.0004548
2024-05-18 09:17:06.775883+00:00,51.6386,0.9740498890793028,-0.2263334124352786,0.0003248,-0.039390614197321254,-0.9992238885821124,15.51507783,0.00043127
2024-05-18 16:23:19.999956+00:00,51.6382,0.9795271418335135,-0.20131214173881284,0.0003376,0.0015952302597422889,-0.9999987276193997,15.515249459999998,0.00043801
2024-05-18 21:04:15.162526+00:00,51.6363,0.9827747696104814,-0.18480733810394354,0.0003412,-0.07800844094005505,-0.9969526985479812,15.51546802,0.00043391
2024-05-18 21:11:06.735832+00:00,51.6383,0.982869148151535,-0.1843047411540895,0.000356,-0.020055978959992213,-0.9997988586250518,15.51537721,0.00044415
2024-05-19 04:52:15.490000+00:00,51.6379,0.9875994470689242,-0.15699468828325092,0.0003255,-0.09361656575136389,-0.9956083259077942,15.515687110000002,0.0005136100000000001
2024-05-19 09:26:14.449074+00:00,51.6364,0.9900423388540895,-0.14076990898741176,0.000308,-0.1240569654902158,-0.9922750975981204,15.515730210000001,0.00040448000000000003
2024-05-19 17:26:38.005709+00:00,51.638,0.9937078541814754,-0.11200312735833538,0.0003153,-0.12429768853594701,-0.9922449720833161,15.516003599999998,0.00050507
2024-05-19 20:40:33.605200+00:00,51.6386,0.9949511921440215,-0.1003599783339479,0.0003296,-0.09871188639278132,-0.9951160552843967,15.516036809999997,0.000481
2024-05-20 04:48:26.999990+00:00,51.6383,0.9974691552971398,-0.0711005220150359,0.0003314,-0.12226257043212713,-0.9924977903609303,15.516218680000001,0.00047805
2024-05-20 08:37:25.952144+00:00,51.6363,0.9983474380636249,-0.05746645031491612,0.0003127,-0.2014078782300439,-0.9795074612206238,15.516220409999999,0.00041629
2024-05-20 09:14:15.062793+00:00,51.63850000000001,0.9984783368843514,-0.05514536039105887,0.0003297,-0.1341522243655846,-0.9909607362038951,15.51632182,0.00047719
2024-05-20 16:37:01.415980+00:00,51.6382,0.9995933202378864,-0.028516558975415062,0.0003332,-0.14660444323978974,-0.9891951967242619,15.51649364,0.00047562
2024-05-20 21:24:51.518001+00:00,51.6383,0.9999374784606937,-0.01118209147117549,0.0003259,-0.14141440440776548,-0.9899504867547654,15.51657978,0.00046751
2024-05-21 00:28:46.290133+00:00,51.6387,0.9999999943325929,-0.00010646508417065465,0.0003311,-0.15701537248326766,-0.9875961587632572,15.51663725,0.00046315
2024-05-21 05:19:45.924379+00:00,51.6386,0.9998484557094933,0.017408779834936595,0.0003364,-0.18407829946864418,-0.9829115828317073,15.51673454,0.00045846
2024-05-21 08:24:02.699128+00:00,51.6384,0.9995941659012304,0.028486900432014805,0.0003163,-0.21867123122380355,-0.975798592248967,15.51672766,0.00042455
2024-05-21 19:00:10.651668+00:00,51.63880000000001,0.9977733872048786,0.06669533556181657,0.0003306,-0.22782238040259653,-0.9737027077027641,15.51691453,0.00040282
2024-05-21 20:35:44.578161+00:00,51.63880000000001,0.9973715643080696,0.07245662640279538,0.0003288,-0.22814525991573434,-0.9736271054043134,15.51693673,0.00040111000000000004
2024-05-22 01:15:11.039905+00:00,51.63880000000001,0.9960112207217294,0.089228068433708,0.0003312,-0.24425650917530214,-0.9697106567040993,15.517012950000002,0.00039381
2024-05-22 04:30:16.132602+00:00,51.6383,0.9948934000823247,0.1009312759883247,0.0003192,-0.27004761096731306,-0.9628469700896642,15.517101440000001,0.00040697
2024-05-22 07:36:25.714665+00:00,51.6396,0.9937084406148574,0.11199792431464242,0.0003239,-0.2831065306151987,-0.9590884694974836,15.51710854,0.00037327
2024-05-22 11:37:54.693126+00:00,51.6376,0.9919769524489224,0.126418850691455,0.0003461,-0.33335438536576256,-0.9428015983002016,15.517161639999998,0.00031763
2024-05-22 16:34:48.498254+00:00,51.63880000000001,0.989561283928425,0.1441126828212115,0.0003199,-0.2439078457343319,-0.9697984134804704,15.517384889999999,0.0005502500000000001
2024-05-22 20:54:20.535255+00:00,51.6376,0.9871861660098644,0.15957278476840722,0.000343,-0.3553500556089706,-0.9347332977800147,15.51732954,0.00030807
2024-05-22 21:05:05.209730+00:00,51.6382,0.9870672491559382,0.16030672363855766,0.0002861,-0.27869778801485656,-0.9603788538673819,15.51741327,0.00039923
2024-05-23 02:20:31.000135+00:00,51.6384,0.9838438187500997,0.1790288812097672,0.0003164,-0.291401826838452,-0.9566007397630492,15.517486049999999,0.00038823000000000004
2024-05-23 04:38:01.829452+00:00,51.6376,0.982348355280926,0.1870607090675634,0.0003355,-0.38013750028185755,-0.924929987014942,15.51745814,0.00031138
2024-05-23 06:43:33.302783+00:00,51.63880000000001,0.9809015555942556,0.19450485400824682,0.00033,-0.3125371891394201,-0.9499055244627386,15.51755735,0.00040164
2024-05-23 07:43:30.282509+00:00,51.63750000000001,0.9801983179756808,0.19801832601465488,0.0003349,-0.3966384621817467,-0.9179749072377191,15.51751734,0.00032303
2024-05-23 08:20:49.756702+00:00,51.63880000000001,0.9797451080096007,0.20024865375641349,0.000331,-0.3147761382904783,-0.9491659405830646,15.51759236,0.00040342
2024-05-23 17:19:57.171069+00:00,51.6389,0.9727111240574957,0.23201954472587696,0.0003209,-0.3494143772208665,-0.9369682988187775,15.517755789999999,0.00037989
2024-05-23 20:31:08.688288+00:00,51.63880000000001,0.9699743998904162,0.24320703846152733,0.0003222,-0.3505245126445589,-0.9365535574836574,15.51781076,0.00037799
2024-05-23 21:38:07.682783+00:00,51.6374,0.9690144381097802,0.247004086473862,0.0003336,-0.42757718192803884,-0.9039788457118213,15.517821699999999,0.00039650000000000004
2024-05-24 01:08:28.201615+00:00,51.639,0.9657779550890275,0.25937027868292123,0.0003237,-0.3386196830065689,-0.9409233285876861,15.517885189999998,0.00037366
2024-05-24 04:25:19.549056+00:00,51.6393,0.9626497012805928,0.27074998176248427,0.0003297,-0.3395703559094844,-0.9405806575661154,15.517932240000002,0.00036530000000000004
2024-05-24 07:31:02.982156+00:00,51.6395,0.9595619638775688,0.2814974910712767,0.0003274,-0.32607143187983556,-0.9453451334363729,15.518024320000002,0.00039557
2024-05-24 11:32:44.025489+00:00,51.6378,0.9553856496173081,0.2953612373100339,0.0003341,-0.47383770403604464,-0.8806121906002947,15.51817712,0.00045985
2024-05-24 13:01:53.000258+00:00,51.6396,0.9537615508564619,0.3005643094378916,0.000328,-0.3800971422359465,-0.9249465727619443,15.51810031,0.00036933
2024-05-24 19:27:34.684714+00:00,51.6384,0.9466537597013776,0.3222524774819373,0.0004166,-0.8267812458324032,-0.5625235742080675,15.51030029,-0.0063508
2024-05-24 21:18:21.311427+00:00,51.6379,0.9443723523029512,0.3288781844479663,0.000375,-0.944559896724246,-0.32833915620937093,15.51094888,-0.0010684000000000002
2024-05-25 02:17:54.000102+00:00,51.6366,0.9383712273090015,0.3456290493558061,0.0005216,-0.7943499517132475,-0.6074604137004824,15.50320048,-0.023233000000000004
2024-05-25 05:12:23.651421+00:00,51.6384,0.9346464414782009,0.35557844343004824,0.000496,-0.8476057067286294,-0.5306265786040693,15.504540079999998,0.0003026
2024-05-25 10:44:34.154582+00:00,51.63850000000001,0.9273583216501879,0.37417448238241285,0.0005837,-0.7916779908579245,-0.6109385883958879,15.504496520000002,0.00037763000000000006
2024-05-25 11:24:02.644692+00:00,51.6399,0.9264741204278061,0.37635847828569385,0.0005513,-0.8375986022713053,-0.5462861717755224,15.50443312,-0.00011851
2024-05-25 12:11:42.000014+00:00,51.6401,0.9253659370166315,0.379075035592337,0.0005357,-0.8397042280294092,-0.543044021631335,15.50441225,-0.00014973000000000002
2024-05-25 15:40:47.099420+00:00,51.6405,0.920519855772165,0.39069578335220423,0.0005241,-0.8506267157440304,-0.5257700927806036,15.50458969,0.00022757
2024-05-25 20:29:20.614845+00:00,51.6397,0.9136107556866456,0.406589949572879,0.0005459,-0.8598193003809188,-0.5105984436839455,15.50453728,5.2028e-05
2024-05-26 01:10:44.794839+00:00,51.6392,0.9067248308902318,0.421722753769678,0.0005319,-0.9380825537460068,-0.34641178149331225,15.50497992,0.0017748
2024-05-26 04:23:05.617817+00:00,51.6392,0.9017405018701969,0.4322777663573335,0.00056,-0.8881003507564987,-0.45964961327753107,15.50515015,0.0015601
2024-05-26 07:28:58.079716+00:00,51.6408,0.896817926950136,0.4423998258372856,0.0004739,-0.8544833109454458,-0.5194788458789333,15.504740330000002,0.00017286000000000002
2024-05-26 18:04:15.985052+00:00,51.6389,0.8793237908142846,0.47622439134088485,0.0005505,-0.8937827232678297,-0.44850021581705196,15.504912099999999,2.7852e-05
2024-05-26 20:46:27.519474+00:00,51.6383,0.8745943213681417,0.48485541456252673,0.0005769,-0.8476446014110708,-0.530564444435044,15.50504564,0.00030953999999999997
2024-05-26 22:45:01.751616+00:00,51.63980000000001,0.8711126915802985,0.4910831686870646,0.0005474,-0.8821572807984485,-0.4709549149698805,15.50505935,0.00030841
2024-05-27 01:28:44.802620+00:00,51.6402,0.8662591831575165,0.49959486345965604,0.00056,-0.8668958789090483,-0.4984892527733258,15.505103229999998,0.00030994
2024-05-27 05:12:14.992405+00:00,51.6409,0.8594751165984958,0.5111775855297276,0.0005303,-0.8459438216280017,-0.5332720231264825,15.505137199999998,0.00028257
2024-05-27 10:41:45.458575+00:00,51.6382,0.8491662351209274,0.528125652785916,0.0005815,-0.8648116052961102,-0.5020964920661812,15.505231919999998,0.0002849
2024-05-27 12:09:22.000049+00:00,51.6406,0.846388418641957,0.5325660942913727,0.0005936,-0.8147181223919165,-0.5798572074624839,15.505518139999998,0.00060191
2024-05-27 17:02:56.812130+00:00,51.6408,0.8368560468117463,0.5474230146007895,0.00059,-0.7118471015898422,-0.702334467300403,15.50555495,0.00057588
2024-05-27 21:31:25.607434+00:00,51.6382,0.8279115735404622,0.5608586509966266,0.0005804,-0.8831859192625433,-0.4690230612841721,15.505409049999999,0.00030271
2024-05-27 21:50:50.574924+00:00,51.6403,0.8272424083691985,0.5618451724412414,0.0005541,-0.8856555357312325,-0.4643428388902144,15.50542957,0.00031731
2024-05-28 01:25:39.000289+00:00,51.6401,0.8199051496876982,0.5724993847294451,0.0005625,-0.8839754309155924,-0.467533354465318,15.50548154,0.00031613
2024-05-28 04:22:11.716319+00:00,51.6402,0.8137951229119486,0.5811518716520894,0.0005565,-0.8953272887941669,-0.4454088525618755,15.50552727,0.00031644
2024-05-28 07:13:57.078045+00:00,51.633300000000006,0.807826346467958,0.589420557795731,0.0005962,-0.8959444478819547,-0.44416612467577854,15.50541192,-0.00081638
2024-05-28 11:26:42.187500+00:00,51.6383,0.7987195314912504,0.6017035067326744,0.0005881,-0.898359793444434,-0.43926038009644575,15.50566469,0.00034376000000000003
2024-05-28 12:16:25.652066+00:00,51.6397,0.7968864452925337,0.6041291197327188,0.0005655,-0.860071394446878,-0.5101736924364121,15.50566673,0.00032372
2024-05-28 19:10:44.096754+00:00,51.63850000000001,0.7816337025758807,0.6237377293362328,0.0005911,-0.9127015723116156,-0.4086267733518016,15.505926139999998,0.00042849
2024-05-28 19:39:03.894052+00:00,51.6386,0.7805122447241911,0.6251404928778845,0.0006019,-0.8722980848047126,-0.4889744893611837,15.505929230000001,0.00045208
2024-05-28 20:55:36.238083+00:00,51.639,0.7776290156191583,0.6287234002859913,0.0005813,-0.9035448022376164,-0.42849362929848406,15.50584588,0.00033856
2024-05-29 03:33:17.663918+00:00,51.6397,0.7623803945853553,0.6471291478150849,0.0005753,-0.9169068981344644,-0.3991011653120483,15.50598109,0.0003474
2024-05-29 05:03:19.751333+00:00,51.6406,0.75890090867286,0.6512061200691434,0.0005989,-0.9090085641617242,-0.4167774349465678,15.50625638,0.00058144
2024-05-29 12:11:35.620205+00:00,51.638,0.7418997787138231,0.6705107891334637,0.0005862,-0.9236823770291688,-0.38315906144282236,15.506211559999999,0.00031257
2024-05-29 12:26:29.116305+00:00,51.6414,0.7412663362919556,0.671211009057734,0.0005619,-0.9256270533378743,-0.3784369936053344,15.50628529,0.00043169000000000004
2024-05-29 17:14:08.837372+00:00,51.6411,0.7295681171133589,0.6839081535496329,0.0005595,-0.935694885302008,-0.3528102629171412,15.506416249999997,0.00045934000000000003
2024-05-29 20:26:21.434203+00:00,51.6411,0.7215898757451875,0.6923207719128792,0.0005643,-0.9306987463396931,-0.3657866093253327,15.50644797,0.00043448
2024-05-29 21:28:25.059953+00:00,51.6381,0.719047546487368,0.6949608808346671,0.0005791,-0.9386881342271133,-0.34476743851648883,15.50638808,0.00033868
2024-05-30 01:10:41.044226+00:00,51.6407,0.7096518998627546,0.7045524686076851,0.0005662,-0.937398744478255,-0.348257941547054,15.506509769999997,0.00041348000000000003
2024-05-30 04:14:37.161593+00:00,51.6407,0.7018161973777852,0.7123580736527001,0.0005661,-0.9402376203405971,-0.3405190410186354,15.50657164,0.00041348000000000003
2024-05-30 05:50:45.559957+00:00,51.641,0.69770919347376,0.7163811006316367,0.0005614,-0.9511761775829404,-0.3086484718878527,15.50660859,0.00041437
2024-05-30 12:56:26.813454+00:00,51.6379,0.6791877048576469,0.7339646187454828,0.0005732,-0.9526885400070699,-0.303948261615686,15.506622870000001,0.00032825
2024-05-30 13:11:45.946187+00:00,51.6413,0.6784636041445834,0.7346340162632969,0.0005618,-0.9480319562441228,-0.3181751246404117,15.506749450000001,0.00041077999999999997
2024-05-30 17:45:06.240373+00:00,51.6412,0.6663060479311411,0.7456783827431125,0.0005391,-0.962357106781131,-0.2717881510070866,15.506814710000002,0.00039912
2024-05-30 21:00:14.706136+00:00,51.6411,0.6575212224586391,0.7534360238377886,0.0005383,-0.9628743018320136,-0.2699501414548849,15.50684059,0.00038289000000000004
2024-05-31 05:01:27.949727+00:00,51.6406,0.6354436913803742,0.7721472107602823,0.0005531,-0.964904750997325,-0.2626001171035348,15.50696006,0.00036957
2024-05-31 09:02:51.519568+00:00,51.63850000000001,0.6242273575977503,0.7812427318231706,0.0005859,-0.96917890425008,-0.24635797441246812,15.5070496,0.00052888
2024-05-31 10:29:50.999726+00:00,51.64,0.6200953805339703,0.7845264297908838,0.0005888,-0.9740889821449263,-0.2261651053187946,15.507461979999999,0.00094858
2024-05-31 16:56:00.696785+00:00,51.6387,0.6017021127031955,0.7987205816607652,0.0005601,-0.9867842610746186,-0.16203956953602083,15.50713769,0.00035476
2024-05-31 19:52:27.249904+00:00,51.6386,0.5932573221123857,0.8050128879465478,0.0005864,-0.9764871483707264,-0.21557562261723176,15.50716614,0.00035037
2024-06-01 02:44:38.080880+00:00,51.6393,0.573070216637577,0.819506270142554,0.0005643,-0.9844323971740243,-0.17576363501647344,15.50729858,0.00035125
2024-06-01 04:12:07.797608+00:00,51.6393,0.5687499228630846,0.8225105016005786,0.0005642,-0.9856769906784807,-0.1686442114245674,15.50732314,0.00035104
2024-06-01 10:32:27.896079+00:00,51.6393,0.5497928095387289,0.835301063437316,0.0005658,-0.988929013339284,-0.14838937487499035,15.507445730000002,0.00036363000000000004
2024-06-01 11:20:25.985477+00:00,51.6389,0.5474346992621334,0.836848403262967,0.0005894,-0.9842243386236241,-0.17692498766677828,15.50745023,0.00035307
2024-06-01 14:26:01.622683+00:00,51.6389,0.5380707093178196,0.8428997044573087,0.0005954,-0.9845734973655198,-0.17497150706737585,15.50750603,0.00034784
2024-06-01 18:00:31.102265+00:00,51.6393,0.5270907730243926,0.8498089885336283,0.0005708,-0.9930877268871777,-0.11737447212259745,15.50758923,0.00036873
2024-06-01 19:36:51.447174+00:00,51.6391,0.5221592279324522,0.8528480173424721,0.0005718,-0.9943943703141909,-0.10573474493960784,15.50759783,0.00035457
2024-06-01 20:59:52.572198+00:00,51.6392,0.5178956287443643,0.8554438133083199,0.0005724,-0.9943045112225584,-0.1065764465652208,15.507630420000002,0.0003611
2024-06-02 00:20:50.080123+00:00,51.6393,0.5075173092371001,0.861641561686026,0.0005757,-0.9954738227301242,-0.09503614185704994,15.50767792,0.0003543
2024-06-02 03:23:12.887234+00:00,51.6394,0.4980383057865835,0.8671550299509481,0.0005731,-0.9960939492038308,-0.08829974155973627,15.50772906,0.0003527
2024-06-02 12:22:34.580059+00:00,51.6394,0.46965955832166323,0.8828476081845044,0.0005759,-0.9986124922479477,-0.05266013982456333,15.507887560000002,0.00035473
2024-06-02 18:38:37.616920+00:00,51.6394,0.4495778114722853,0.8932411720424615,0.0005748,-0.9992355320293925,-0.03909413677186071,15.507989630000003,0.00035188000000000005
2024-06-02 19:49:08.423624+00:00,51.6387,0.44587758375694597,0.8950939505454539,0.0005944,-0.9981742245676198,-0.06040047523679689,15.50799963,0.00034714
2024-06-02 20:15:36.625832+00:00,51.6394,0.44436001531092245,0.895848300100456,0.0005733,-0.9992362141986051,-0.03907669681587066,15.508009389999998,0.00034871
2024-06-03 01:06:23.357070+00:00,51.6395,0.4286308218942998,0.9034797277870805,0.0005745,-0.9997931834629589,-0.02033691965373152,15.50808996,0.00034773
2024-06-03 04:10:42.553612+00:00,51.6396,0.41858682578129924,0.9081767830562155,0.0005742,-0.9998907859448523,-0.014778910060816525,15.50814426,0.00034860999999999996
2024-06-03 08:55:28.266812+00:00,51.6402,0.40305818290783596,0.9151743556235793,0.0005819,-0.9989220319929073,0.04641954328901969,15.50818298,0.00033077000000000003
2024-06-03 13:10:11.551567+00:00,51.6397,0.3889133218608726,0.9212743500603614,0.0005746,-0.9997106714380865,0.024053553018430335,15.50828727,0.00034518
2024-06-03 16:22:00.046256+00:00,51.6396,0.37826251029428154,0.9256983705861583,0.000565,-0.9990565016942399,0.043429326755859164,15.5083215,0.00033902
2024-06-03 21:19:16.999678+00:00,51.6396,0.3616506053331292,0.9323137023889444,0.0005633,-0.9985873803963365,0.05313420473840012,15.50838464,0.00033287000000000003
2024-06-04 00:16:50.346923+00:00,51.63980000000001,0.3516848051861391,0.9361184742334634,0.000566,-0.9984257243734947,0.05608986458587874,15.508430830000002,0.00033219
2024-06-04 03:21:48.669707+00:00,51.6409,0.3413066130586617,0.9399520178617763,0.0005639,-0.999182796555377,0.04041953819350237,15.508401709999998,0.00027028
2024-06-04 08:06:08.667657+00:00,51.64,0.3251291552205163,0.9456696211815168,0.0005694,-0.9971585058367136,0.07533202663869251,15.508553949999998,0.00033094
2024-06-04 12:01:44.563021+00:00,51.6384,0.3118208884781321,0.9501409019238717,0.0005979,-0.9988647406168073,0.047636435136544676,15.50859151,0.00035671000000000005
2024-06-04 13:34:31.983759+00:00,51.6383,0.3065144488837186,0.9518660056045233,0.0005981,-0.9986649273631594,0.05165619860902993,15.508620040000002,0.00036048000000000005
2024-06-04 13:44:52.316745+00:00,51.64,0.3057933483197462,0.9520979088956126,0.000569,-0.9959169200883925,0.09027451623603619,15.508646580000002,0.00033112
2024-06-04 18:38:46.553262+00:00,51.6408,0.28892486152730734,0.9573517767212981,0.0005728,-0.997123028037046,0.0758001778245436,15.508703699999998,0.000324
2024-06-04 19:45:41.585478+00:00,51.6386,0.2851965888197209,0.9584690426537494,0.000602,-0.9976341529776089,0.0687466130994745,15.5087128,0.00034823
2024-06-04 20:32:25.000205+00:00,51.6407,0.282379965946437,0.9593026398546441,0.0005753,-0.9973034730599672,0.07338789152528555,15.50872895,0.00032272000000000003
2024-06-05 02:32:19.221802+00:00,51.6412,0.26159963472799064,0.9651764766664084,0.0005796,-0.9949714904525826,0.10015854025776515,15.50884381,0.00035055
2024-06-05 12:46:22.209612+00:00,51.6387,0.2258675762250007,0.974158014908384,0.0006062,-0.992098286732807,0.1254631000008729,15.50899026,0.00033692
2024-06-05 13:08:21.059791+00:00,51.641,0.22445955333817505,0.9744834061774613,0.0005768,-0.990639991219879,0.13650057800565593,15.5089806,0.00031808
2024-06-05 17:55:52.430310+00:00,51.6408,0.20757706949359805,0.9782186668738488,0.0005795,-0.9893832103860944,0.14533018614900745,15.50904983,0.00031607
2024-06-05 21:01:43.476083+00:00,51.63980000000001,0.19667005335135254,0.9804697293209904,0.0006059,-0.9886839717095333,0.1500133463551254,15.50901774,0.00018383
2024-06-06 00:14:41.427727+00:00,51.6411,0.1852429973804547,0.9826927454303837,0.0005784,-0.9866501545689303,0.16285414483244182,15.509158059999999,0.0003192
2024-06-06 01:08:40.138666+00:00,51.63850000000001,0.18217202928077464,0.983266673770511,0.0006105,-0.9885492603983405,0.15089850816324887,15.50918781,0.00032368
2024-06-06 01:34:12.388210+00:00,51.6407,0.18054489502958568,0.9835667444961506,0.0005805,-0.9858419353818317,0.16767730449468798,15.50917795,0.00031896999999999996
2024-06-06 07:13:01.999768+00:00,51.6406,0.16045832439341814,0.9870426161685505,0.0005798,-0.9817949795202862,0.18994372374143076,15.50926527,0.0003186
2024-06-06 13:54:13.831180+00:00,51.6405,0.1365870271335343,0.9906280755252312,0.0005827,-0.9799208768506696,0.19938674758422298,15.509380539999999,0.00032096999999999996
2024-06-06 22:47:39.983709+00:00,51.6381,0.10489296755121416,0.9944835168861774,0.0006078,-0.9777744554189711,0.20965952000835678,15.50961319,0.00038181
2024-06-07 02:30:36.785946+00:00,51.6415,0.09144947831391648,0.9958097172231815,0.0005781,-0.9719798758648245,0.2350640783144044,15.50962297,0.00033489
2024-06-07 09:37:08.938543+00:00,51.6379,0.06597610230536746,0.997821203384951,0.0006188,-0.9765495649595717,0.21529270117045587,15.50989537,0.00047007
2024-06-07 09:53:34.728006+00:00,51.6419,0.06487890092627248,0.9978931446876459,0.0005669,-0.9673916467952838,0.2532852181054174,15.509751220000002,0.00033759
2024-06-07 16:17:46.487342+00:00,51.6417,0.04181287690772026,0.9991254592515896,0.0005858,-0.9665768379503916,0.25637709791988517,15.509904549999998,0.0003511
2024-06-07 20:26:37.507180+00:00,51.6381,0.02698300551167856,0.9996358924196134,0.0006282,-0.9614682887237643,0.2749158594526626,15.510098270000002,0.00046735
2024-06-07 20:59:37.662160+00:00,51.6413,0.024866633086866468,0.9996907774701751,0.0005895,-0.9561305794588664,0.2929408046408905,15.510012720000002,0.00036044
2024-06-08 00:12:40.641418+00:00,51.6397,0.013339155861802773,0.9999110295025726,0.000598,-0.9507470009913934,0.30996796625759787,15.51013991,0.00038245
2024-06-08 03:03:33.178163+00:00,51.6396,0.003057812084274077,0.9999953248817003,0.0005994,-0.9468639093248048,0.3216344776577097,15.51020515,0.00039242
2024-06-08 09:04:32.270581+00:00,51.64,-0.018663467358870502,0.9998258223241409,0.000606,-0.912067880870835,0.4100392428582712,15.51037239,0.00051415
2024-06-08 11:54:26.011306+00:00,51.6381,-0.028823610650495685,0.9995845134199852,0.0006202,-0.9497422965165107,0.31303285803177977,15.51033624,0.00036382
2024-06-08 12:17:09.285787+00:00,51.6409,-0.03030300281035584,0.9995407585589872,0.0005478,-0.9776377582475767,0.21029601434324124,15.510362199999998,0.00038434
2024-06-09 00:53:38.438869+00:00,51.6405,-0.0756017812147531,0.997138090074367,0.0008363,-0.9971347903751566,0.07564528949969364,15.50382241,8.1357e-05
2024-06-09 08:16:53.037125+00:00,51.64,-0.1021241213204996,0.9947716641745059,0.0008349,-0.9952064283915799,0.09779654844663604,15.50365898,-0.00026566000000000003
2024-06-09 12:39:26.016496+00:00,51.63880000000001,-0.11778351270822149,0.9930392963695406,0.0008156,-0.9933450535496372,0.11517640638806345,15.503904430000002,0.00034808
2024-06-09 20:23:31.541582+00:00,51.6391,-0.1454078916763262,0.9893717931284709,0.0008147,-0.9847495076563599,0.17397818015646896,15.50401297,0.00033182000000000003
2024-06-10 01:39:20.907076+00:00,51.6411,-0.16419717642288595,0.9864275377617717,0.0007923,-0.9837997314868581,0.1792709913131124,15.50410183,0.00032168999999999996
2024-06-10 07:12:56.000162+00:00,51.6411,-0.18394448842496688,0.9829366333482933,0.0007911,-0.9796015622452182,0.20094969332329865,15.50416923,0.00030891
2024-06-10 11:51:41.820203+00:00,51.6386,-0.2003649308360009,0.9797213351209029,0.000811,-0.9811340697502777,0.19332857309579762,15.504217870000002,0.00027939
2024-06-10 15:19:25.550668+00:00,51.6414,-0.21258870057326734,0.9771417729217033,0.0007927,-0.9781334463679479,0.20797827073124941,15.504261789999997,0.00028404
2024-06-10 18:51:13.000028+00:00,51.6408,-0.22501397594809877,0.9743555360483299,0.0007949,-0.9811688083639323,0.19315219256767754,15.504323220000002,0.00029894
2024-06-10 19:35:46.699869+00:00,51.6391,-0.22758955173296194,0.9737571545010539,0.0008144,-0.9737357003664039,0.22768132517171652,15.504339799999999,0.00030193
2024-06-10 23:22:30.783352+00:00,51.6407,-0.24086332343038278,0.9705590447912331,0.0007952,-0.9768178441412205,0.21407218260974092,15.50439562,0.00029875
2024-06-11 00:52:03.259784+00:00,51.6408,-0.24608224403124665,0.9692489510814783,0.0007951,-0.9757901951571143,0.21870869903879178,15.50441835,0.00029944
2024-06-11 04:50:34.999859+00:00,51.6405,-0.2599568197850552,0.9656202420451014,0.0007937,-0.9729660578854377,0.23094815479425515,15.504476799999999,0.00029995
2024-06-11 06:25:41.999803+00:00,51.6406,-0.26546861786989717,0.9641195013722347,0.0007949,-0.9715933326339283,0.23665670491515078,15.5044971,0.00029842000000000003
2024-06-11 11:03:55.866527+00:00,51.63880000000001,-0.2815108890563533,0.9595580333375889,0.0008156,-0.9653055703575244,0.26112287497792025,15.50456532,0.00032074
2024-06-11 11:13:56.254097+00:00,51.6406,-0.2821321602826066,0.9593755490600485,0.0007949,-0.968717140397111,0.24816748759828308,15.504567400000003,0.00029891
2024-06-11 23:26:26.638963+00:00,51.63880000000001,-0.3240280484234892,0.9460474744085864,0.0008193,-0.9555540633645853,0.29481592899202425,15.50472671,0.00029753
2024-06-11 23:26:26.644998+00:00,51.6386,-0.3240280484234892,0.9460474744085864,0.0008189,-0.9538920821225207,0.30014978871217296,15.504730109999999,0.00030249
2024-06-11 23:54:59.428224+00:00,51.6408,-0.32571337184466886,0.9454685607684565,0.0007979,-0.9596797930852535,0.28109552601179016,15.50473992,0.00029459
2024-06-12 07:26:39.393886+00:00,51.6407,-0.3512599719023423,0.9362779673468589,0.0007985,-0.9532075538267909,0.30231665406911606,15.50484445,0.00029358
2024-06-12 12:14:13.326129+00:00,51.6406,-0.3673909479338376,0.9300666058816843,0.0007981,-0.9493827232671932,0.31412170374198606,15.50491722,0.00029513
2024-06-12 18:03:57.314021+00:00,51.6407,-0.3868574252929599,0.9221395406855201,0.0008018,-0.9452745426488692,0.3262760166177882,15.50498888,0.00029136
2024-06-12 19:33:00.632172+00:00,51.63880000000001,-0.3917061055531429,0.9200903905988749,0.000822,-0.9322935025547044,0.3617026749891149,15.504988149999999,0.00027114
2024-06-12 19:57:38.585371+00:00,51.6408,-0.3931476867447202,0.9194753375742469,0.0008049,-0.943059059696971,0.33262532964803654,15.50501733,0.00029174
2024-06-12 23:13:43.235338+00:00,51.641,-0.40395725714108316,0.9147778606869827,0.0008046,-0.939736189615293,0.3419004152195929,15.50506438,0.00029194999999999997
2024-06-13 11:01:07.415902+00:00,51.6387,-0.4423857385996525,0.8968248760397093,0.000823,-0.9140041735051729,0.40570478283491523,15.505196240000002,0.0002596
2024-06-13 13:02:14.965740+00:00,51.6409,-0.44899620926521366,0.8935336614059195,0.0008077,-0.9246391190698572,0.3808444557633975,15.505256949999998,0.00029116
2024-06-13 16:02:00.541235+00:00,51.6406,-0.45859527109085946,0.8886452483039006,0.0008244,-0.9148610358195339,0.40376885112550404,15.5052785,0.0002809
2024-06-13 20:17:59.120171+00:00,51.639,-0.47214156214930464,0.8815227423562108,0.0008291,-0.9027565283453133,0.4301518923937422,15.505326700000001,0.00026534999999999997
2024-06-14 11:46:04.706401+00:00,51.6387,-0.5205537010426406,0.8538289315376992,0.0008304,-0.8852589123944495,0.4650985465750202,15.50553504,0.00026502
2024-06-14 19:30:07.292175+00:00,51.6389,-0.5441529765245058,0.8389860178450655,0.0008352,-0.8733602345874975,0.4870748409036042,15.50561893,0.00025573
2024-06-15 13:03:30.561427+00:00,51.6386,-0.5961001626797499,0.8029100796808917,0.0010003,-0.5534874912108156,0.8328574890538941,15.493185369999999,-0.018335
2024-06-15 20:55:27.038213+00:00,51.6413,-0.618640165307856,0.7856744528542776,0.0010404,-0.4997339525078565,0.8661789518978601,15.49396805,-0.0019901
2024-06-16 13:29:00.028046+00:00,51.6405,-0.6643672391132256,0.747406296195764,0.0010441,-0.4359804836900492,0.8999561199532957,15.494313929999999,0.00025005
2024-06-16 19:28:53.946324+00:00,51.6395,-0.6802732569867406,0.732958590800771,0.001032,-0.44364220323722864,0.8962039921283644,15.494426399999998,0.00029176
2024-06-17 16:06:52.269124+00:00,51.6408,-0.7328600371428877,0.6803794279362987,0.0010489,-0.3898585780123621,0.9208747412923101,15.494723879999999,0.00030498
2024-06-17 20:14:53.390420+00:00,51.6396,-0.7428446124505795,0.6694638763616364,0.0010399,-0.3852264617084467,0.9228220701736553,15.49474118,0.0002623
2024-06-17 20:40:04.077136+00:00,51.6406,-0.7439162817454349,0.6682728228456151,0.0010586,-0.382406069602493,0.9239943711577323,15.494794049999998,0.00030973000000000003
2024-06-17 23:47:33.078925+00:00,51.6409,-0.7513770106949833,0.6598731603869572,0.0010498,-0.37348002149735826,0.9276382234159677,15.49483699,0.00030658000000000004
2024-06-18 09:00:24.494415+00:00,51.641,-0.7728554187661228,0.6345821473094252,0.0010444,-0.34960406696733576,0.936897537812913,15.49495945,0.00030244
2024-06-18 12:14:06.394282+00:00,51.6407,-0.7801476927481173,0.6255953784194613,0.0010775,-0.33763252207257866,0.9412780035881587,15.49493465,0.00025875999999999997
2024-06-18 15:12:09.076914+00:00,51.6404,-0.7867928462180627,0.6172171555782291,0.0010823,-0.3268072055943594,0.945091027558513,15.494968859999998,0.00025721
2024-06-18 16:49:44.843824+00:00,51.6405,-0.7903956394807244,0.6125967132542066,0.0010821,-0.32106923485998023,0.9470557250903596,15.494992490000001,0.00025962
2024-06-18 19:27:58.723771+00:00,51.6396,-0.7961435433624834,0.6051078072230018,0.0010466,-0.3285419225081805,0.9444893885876267,15.495041560000002,0.00027028
2024-06-18 19:52:29.447035+00:00,51.6401,-0.7970804145745779,0.6038731760076936,0.0010497,-0.318593714467487,0.9478913677747094,15.495065980000001,0.00028471999999999997
2024-06-19 04:45:12.423737+00:00,51.6396,-0.8159267484578254,0.5781552915532647,0.0010494,-0.30350593599875536,0.9528295476177885,15.495155390000003,0.00026695
2024-06-19 11:06:03.069780+00:00,51.6399,-0.8289790094655257,0.5592797170160525,0.0010515,-0.2790346824971266,0.9602810244734235,15.495256379999999,0.00028028
2024-06-19 12:53:48.329944+00:00,51.6394,-0.8325695030808252,0.5539205922690974,0.0010883,-0.2725808440588245,0.962132882429542,15.495255609999997,0.00027136
2024-06-19 17:33:41.897958+00:00,51.6403,-0.8417511373899846,0.539865745072483,0.0010585,-0.2671778288637375,0.9636472423888627,15.49532345,0.0002714
2024-06-19 20:13:54.628880+00:00,51.6397,-0.846860273520761,0.5318154540179721,0.0010482,-0.26451439375345087,0.9643817374345308,15.49535902,0.00025987
2024-06-19 20:40:48.338131+00:00,51.6402,-0.8477705148425881,0.5303632285175256,0.0010493,-0.25720194491832454,0.966357676810316,15.495379189999998,0.00027927999999999997
2024-06-20 04:14:22.706874+00:00,51.6403,-0.8618947887845377,0.5070871454356314,0.0010441,-0.24064141032969588,0.9706140899629137,15.49548048,0.00028010000000000003
2024-06-20 09:03:59.862830+00:00,51.6405,-0.8705704733923174,0.4920437489263292,0.0010603,-0.22098170865443773,0.9752779524013476,15.495558500000001,0.00028383000000000005
2024-06-20 11:42:35.996851+00:00,51.6399,-0.8751691432676506,0.4838170838986223,0.0010535,-0.2230136316311596,0.9748153261550012,15.49560317,0.00029004000000000004
2024-06-20 19:26:56.351629+00:00,51.64,-0.8883088416880064,0.45924655881009313,0.0010592,-0.206007781903584,0.9785503532241789,15.495728949999998,0.00030131000000000005
2024-06-20 20:02:48.051163+00:00,51.6423,-0.889357329681,0.45721279525258385,0.0010601,-0.2297983489180458,0.9732382641648138,15.49589552,0.00013822999999999998
2024-06-21 04:44:08.511953+00:00,51.6401,-0.9031637837513415,0.429296144543554,0.0010595,-0.1791902891509219,0.9838144338613909,15.49586846,0.00029986000000000005
2024-06-21 09:50:54.793810+00:00,51.6399,-0.9109120794400228,0.41260051324526187,0.0010427,-0.15386369080591833,0.988092083083141,15.49552914,-0.0018119
2024-06-21 12:28:28.424368+00:00,51.6402,-0.9147736304063202,0.4039668366502888,0.0010669,-0.1565034183130614,0.9876774170022958,15.495994860000001,0.00031114000000000006
2024-06-21 12:56:42.467443+00:00,51.6406,-0.9154878256044852,0.4023456737308998,0.0010678,-0.15134363158652972,0.9884812113430385,15.496000309999998,0.00032461
2024-06-21 17:44:17.988573+00:00,51.6406,-0.9222994826702918,0.3864759556118752,0.0010639,-0.1455132244034727,0.9893563066578717,15.496065730000002,0.00031071
2024-06-21 18:39:56.193400+00:00,51.6401,-0.9235532580553089,0.38347018076432504,0.001062,-0.13854568426114822,0.990356043740134,15.49608435,0.00030784000000000003
2024-06-21 19:05:03.531271+00:00,51.6405,-0.9241751398350578,0.3819689920803144,0.0010749,-0.1331974491306956,0.9910895214586197,15.496073949999998,0.00030539
2024-06-22 04:14:38.106831+00:00,51.6405,-0.9362730627411608,0.3512730447746969,0.0010735,-0.10989044075839183,0.9939437061674702,15.49620785,0.0003058
2024-06-22 11:41:26.902758+00:00,51.64,-0.9453087050103207,0.3261770259103335,0.0010689,-0.09373472626652939,0.9955972082583091,15.496343180000002,0.0003189
2024-06-22 14:00:06.999854+00:00,51.6407,-0.9480008537762632,0.3182677822832152,0.0010475,-0.05971405679687657,0.9982155235322978,15.49646421,0.0012124
2024-06-22 16:58:46.175227+00:00,51.6414,-0.9513521753413037,0.30810556384682397,0.0010821,-0.06086562075533413,0.998145969390283,15.496604489999998,0.0011147
2024-06-22 19:25:46.034972+00:00,51.6399,-0.9540287106612919,0.2997152302335551,0.0010696,-0.0747106999981966,0.9972052503400589,15.49644045,0.00030762
2024-06-22 20:02:42.281370+00:00,51.6416,-0.954703170691773,0.2975598357827805,0.0010908,-0.06019490112192786,0.9981866428073065,15.496484370000001,0.00033171000000000003
2024-06-23 03:26:39.640689+00:00,51.6412,-0.9623148771479492,0.2719376347983623,0.0010807,-0.04089387522696072,0.9991634956146676,15.49657563,0.00031530999999999996
2024-06-23 08:14:34.321925+00:00,51.6413,-0.9668706307756321,0.2552668865002496,0.0010768,-0.027495941903597627,0.9996219151153269,15.496643129999999,0.00031385
2024-06-23 12:27:15.351540+00:00,51.6399,-0.9705956071672068,0.2407159474312433,0.0010751,-0.03403607209354829,0.9994206050489668,15.496696869999997,0.00032607999999999997
2024-06-23 13:12:07.999779+00:00,51.6417,-0.9712598734671357,0.23802154984917523,0.0010899,-0.010468293649073037,0.9999452059128424,15.49669887,0.00030201
2024-06-23 19:14:21.346954+00:00,51.642,-0.9762060163971066,0.2168451372525841,0.0011049,0.013257132640463598,0.9999121203556607,15.49678122,0.00029819000000000004
2024-06-24 00:43:44.999602+00:00,51.642,-0.9803035892800644,0.19749651349991634,0.0011046,0.02821822778182715,0.99960178652344,15.49685861,0.00029832999999999997
2024-06-24 04:14:41.044413+00:00,51.6415,-0.9827331357964663,0.18502860267440885,0.001084,0.02202950894127708,0.9997573209213355,15.496938510000001,0.00031406
2024-06-24 09:03:29.906204+00:00,51.6415,-0.9857939000523948,0.1679594790998387,0.0010792,0.03329996072505463,0.9994454025186718,15.49700375,0.00031221
2024-06-24 11:40:10.013656+00:00,51.6397,-0.9873067548510918,0.15882497229782927,0.0010719,0.030681563144166087,0.9995292100199126,15.497057499999999,0.00033235999999999997
2024-06-24 12:06:54.910925+00:00,51.6418,-0.987576145570306,0.1571411998824547,0.0010873,0.04704020172079314,0.9988929969831939,15.497039349999998,0.00030719000000000005
2024-06-24 15:04:56.299298+00:00,51.6418,-0.9892018484043822,0.146559554834728,0.0010803,0.04800079165998646,0.9988472976386403,15.49709098,0.00031206
2024-06-24 17:51:36.316511+00:00,51.6396,-0.9906018344420281,0.136777211552542,0.0010771,0.04494453634804306,0.9989894837546887,15.497130860000002,0.00030593
2024-06-24 18:26:24.183762+00:00,51.6435,-0.9908905934717817,0.1346693423505894,0.0010521,0.07396228488623895,0.9972610392542199,15.49714168,0.00031076
2024-06-25 01:33:48.999763+00:00,51.6417,-0.994025326604134,0.10914966820629703,0.0010638,0.07577407317874028,0.997125012139352,15.497247959999997,0.00031245000000000003
2024-06-25 03:25:40.126669+00:00,51.6416,-0.9947398894113344,0.10243316071432287,0.0010862,0.08434046308297302,0.9964369956434525,15.49727583,0.0003125
2024-06-25 04:41:36.932651+00:00,51.6393,-0.9951830157987996,0.09803450956477607,0.0010806,0.0755634938049388,0.9971409922393076,15.49729878,0.00030499
2024-06-25 08:17:22.538394+00:00,51.6415,-0.9963803947045595,0.0850065235637018,0.0010849,0.09723549392239933,0.9952614022063083,15.49735112,0.0003128
2024-06-25 12:56:11.310701+00:00,51.6406,-0.9976611920850659,0.06835309654584348,0.0011006,0.10499363768161936,0.9944728935704487,15.49741713,0.00030522
2024-06-25 15:53:28.396598+00:00,51.6406,-0.998329133483001,0.057783572398047996,0.0010998,0.11211412489205953,0.9936953371127831,15.49746892,0.00031566
2024-06-25 17:04:28.625070+00:00,51.6392,-0.9985639141677835,0.053573401253938724,0.0010898,0.10567400064697925,0.9944008274268793,15.49748145,0.00030898
2024-06-25 17:29:41.730160+00:00,51.6414,-0.9986506445739887,0.051931590500935765,0.0010914,0.12306975161363687,0.9923980230924272,15.497488069999998,0.00031385
2024-06-26 04:16:05.407101+00:00,51.6417,-0.9999136178951706,0.013143696123647134,0.0010855,0.15185427801876003,0.9884028926745415,15.497650150000002,0.00031447
2024-06-26 09:03:23.168722+00:00,51.6417,-0.9999915959202539,-0.004099766927973026,0.0010892,0.16695632045927494,0.9859642929937675,15.497707810000001,0.00031009
2024-06-26 11:38:45.293295+00:00,51.6389,-0.9999118424796186,-0.013278074748031804,0.0011015,0.15385851716576007,0.9880928886979976,15.497723030000001,0.00029429
2024-06-26 12:07:15.767903+00:00,51.6414,-0.9998856190156888,-0.015124446621701183,0.0010912,0.17778038290220038,0.9840701882768053,15.49775035,0.0003096
2024-06-26 17:50:10.566222+00:00,51.6387,-0.9993672127021467,-0.03556928697545429,0.001103,0.16963331659304082,0.985507249035564,15.49782438,0.00031093
2024-06-26 18:27:03.501795+00:00,51.6395,-0.9992853223477256,-0.03780006005818304,0.0011045,0.18474558817926212,0.9827863794580685,15.4981894,0.0012665999999999999
2024-06-27 01:50:57.964128+00:00,51.6403,-0.9979191083454255,-0.0644783157276226,0.0011104,0.21447110403462166,0.9767303340913348,15.49796127,0.00032485
2024-06-27 04:40:09.510514+00:00,51.63850000000001,-0.9972187949684093,-0.07452969181308729,0.0011003,0.19828006657736877,0.9801454051303174,15.49798122,0.0003206
2024-06-27 05:04:07.234158+00:00,51.6412,-0.9970990326586958,-0.07611516978298713,0.001104,0.21879896108703545,0.9757699598917944,15.49800312,0.00031108000000000004
2024-06-27 11:14:52.332006+00:00,51.639,-0.9951747993866522,-0.09811788147802872,0.0010862,0.24689584498149217,0.9690420226857425,15.49790923,0.00022477
2024-06-27 12:45:07.413116+00:00,51.6397,-0.9946270183287105,-0.10352340030417738,0.0011141,0.23952996184336348,0.97088897273546,15.498086580000002,0.00066905
2024-06-27 20:36:27.180304+00:00,51.6405,-0.9912874125423731,-0.13171661146205932,0.0011212,0.2574009597162207,0.9663046858714742,15.4982155,0.00030890000000000003
2024-06-28 01:03:35.284033+00:00,51.6404,-0.9890473140239107,-0.147598816465742,0.001123,0.26946779472782706,0.963009401617929,15.49827797,0.00030764000000000003
2024-06-28 04:16:55.015402+00:00,51.641,-0.9872656960365419,-0.1590799969495926,0.0011205,0.27229872024971363,0.9622127659464762,15.49832601,0.00030571
2024-06-28 09:03:29.405100+00:00,51.6409,-0.9843835835681515,-0.17603681547200323,0.0011178,0.2787162259138665,0.9603735030769698,15.49837815,0.00029995
2024-06-28 11:37:12.875530+00:00,51.6386,-0.9827363650051142,-0.18501145071734076,0.0011049,0.27758126589894,0.9607021603087723,15.49845912,0.00036268
2024-06-28 12:08:34.768601+00:00,51.6403,-0.982370549174301,-0.1869441203006458,0.001142,0.2825155813398366,0.9592627097412961,15.498411510000002,0.00029328
2024-06-28 16:15:46.071660+00:00,51.6386,-0.9795050004860918,-0.20141984515618439,0.0011048,0.2892673763089471,0.9572483402980326,15.49852633,0.00035075
2024-06-28 16:41:24.078928+00:00,51.6402,-0.979174648475115,-0.20301972264692617,0.0011235,0.2968499219975761,0.9549241455791307,15.498516679999998,0.00033506000000000003
2024-06-28 19:49:04.153721+00:00,51.6403,-0.9768279309705694,-0.2140261509156219,0.0011275,0.3037221183512167,0.9527606597799101,15.49856967,0.00033776
2024-06-28 23:11:21.916049+00:00,51.6403,-0.9741607743286964,-0.22585567462278772,0.0011241,0.31267479138520116,0.9498602396311896,15.498635029999999,0.00034608
2024-06-29 04:49:09.570147+00:00,51.6405,-0.9693729517000368,-0.24559332342789406,0.0011247,0.3184067630464892,0.9479541830944452,15.498685549999998,0.00030718
2024-06-29 08:06:34.907346+00:00,51.6406,-0.966390887504172,-0.2570771334617272,0.0011433,0.3250466287399924,0.945697990451902,15.498740530000001,0.00030915
2024-06-29 12:22:48.950973+00:00,51.6387,-0.9623537861906372,-0.2717999083968672,0.001115,0.3405945270353513,0.9402102786895947,15.498841710000002,0.00031654
2024-06-29 19:00:43.153645+00:00,51.63880000000001,-0.9555540633645851,-0.2948159289920246,0.0012252,0.3175760858736056,0.9482327929792348,15.499234749999998,0.00086337
2024-06-30 05:38:46.137426+00:00,51.6392,-0.9435826944710919,-0.33113697874848413,0.0011086,0.37612076655105603,0.9265706497450942,15.49934787,0.00046754
2024-06-30 12:11:03.443152+00:00,51.6393,-0.9355168087291501,-0.3532821826603017,0.0011106,0.39653271643221494,0.9180205906181454,15.49952593,0.00048542999999999997
2024-06-30 13:08:21.275803+00:00,51.6384,-0.9343202333926047,-0.3564347085697305,0.0011211,0.39383603018713764,0.9191807120074028,15.49957045,0.00043573
2024-06-30 15:13:04.580254+00:00,51.6377,-0.9316259112524002,-0.3634187137216998,0.0009573,0.2737376421322551,0.9618043996987503,15.49490682,0.0012309
2024-06-30 16:14:22.998926+00:00,51.6383,-0.9302882977680658,-0.3668292287097562,0.0009966,0.2705315565064082,0.9627111077235061,15.494589280000001,0.00026011000000000003
2024-06-30 20:53:00.350898+00:00,51.6383,-0.9240257370003914,-0.38233027261895386,0.0009959,0.28242182315158926,0.9592903177910911,15.494659109999999,0.0002886
2024-06-30 23:12:31.034322+00:00,51.6377,-0.9207828574679308,-0.39007554318771676,0.0009448,0.31847459640998893,0.9479313959572679,15.494797509999998,0.00050843
2024-07-01 04:49:57.071117+00:00,51.6377,-0.9126880212328307,-0.4086570394574161,0.0009664,0.311796013740631,0.9501490650500333,15.49486837,0.00040508
2024-07-01 06:39:27.372111+00:00,51.6376,-0.9099851539833816,-0.4146408319616403,0.0009371,0.3164620665655298,0.9486051657170512,15.49481735,0.00032088
2024-07-01 11:22:04.520368+00:00,51.6379,-0.9028225842851252,-0.4300132338716193,0.0009363,0.33485136856653686,0.9422709594215017,15.494847679999998,0.00028860999999999996
2024-07-01 12:21:44.445590+00:00,51.6384,-0.901298668712165,-0.43319823381181843,0.0009999,0.3201021070991025,0.9473830487351538,15.49484512,0.00026956999999999996
2024-07-01 15:27:29.177294+00:00,51.6383,-0.8964137276385085,-0.44321826327581987,0.0009998,0.327247585263228,0.9449386318377434,15.49488274,0.00026390999999999996
2024-07-01 16:02:58.952828+00:00,51.6386,-0.8954516354987334,-0.4451588126530166,0.0009564,0.3444905474666139,0.9387897862174218,15.49493121,0.00030462
2024-07-01 23:27:42.175869+00:00,51.6383,-0.8832366672710749,-0.46892748862471756,0.0009468,0.3661244553697918,0.9305658940559628,15.495035959999997,0.00030594
2024-07-02 04:15:55.171309+00:00,51.6386,-0.8750018958320506,-0.4841194917479746,0.0009406,0.3835056423810073,0.9235385331765702,15.495097770000001,0.00030156
2024-07-02 10:33:14.693773+00:00,51.63880000000001,-0.863807367810464,-0.503822221935831,0.0009481,0.3910556341769362,0.9203670414451368,15.49515016,0.00028007
2024-07-02 11:34:49.213062+00:00,51.6383,-0.8619832790595042,-0.5069367086943151,0.0010055,0.3760334376543238,0.9266060941769548,15.495132999999997,0.00024887
2024-07-02 12:10:58.518335+00:00,51.639,-0.860838851918745,-0.5088776582118899,0.0009926,0.3707244026049725,0.9287429231564492,15.49514837,0.00026309
2024-07-02 14:40:33.741711+00:00,51.6382,-0.8562797056349086,-0.5165124061605822,0.0010057,0.3845740610406646,0.923094140147521,15.49517063,0.00024651
2024-07-02 15:15:12.862640+00:00,51.639,-0.8551643843155822,-0.5183569000198138,0.0009892,0.3823028560551442,0.9240370805612076,15.495196309999999,0.0002688
2024-07-03 00:17:09.316887+00:00,51.6392,-0.8378511767211878,-0.5458987137436035,0.000989,0.4034383009000685,0.9150068509944971,15.495312320000002,0.00026974999999999997
2024-07-03 04:53:42.330607+00:00,51.6391,-0.8286792194146005,-0.5597238169940675,0.0010118,0.41526490629018475,0.9097005318256135,15.495350409999999,0.00026067
2024-07-03 11:22:06.032370+00:00,51.6396,-0.815403716120001,-0.578892718677384,0.0010084,0.43225573255123134,0.9017510641394322,15.49541502,0.00025469
2024-07-03 12:20:44.722478+00:00,51.638,-0.8134196617493749,-0.5816772763994933,0.0010109,0.43595378126253836,0.8999690553585133,15.4953987,0.00021526000000000002
2024-07-03 14:27:20.738287+00:00,51.6409,-0.8089533851532095,-0.5878727929145583,0.0010168,0.45328278627652857,0.8913667683200821,15.495458399999999,0.00026210000000000003
2024-07-03 15:26:29.048914+00:00,51.6379,-0.8068850570958763,-0.5907084768609507,0.0010096,0.4448665345151714,0.8955968772100882,15.495431689999998,0.00021119
2024-07-03 16:03:39.031186+00:00,51.64,-0.8055147827148522,-0.5925756785659064,0.001006,0.4453682234397051,0.8953474998849111,15.49547731,0.00025695000000000004
2024-07-04 02:41:09.215789+00:00,51.63980000000001,-0.7822842760988625,-0.6229215932751718,0.0010175,0.48022349744318893,0.8771461637055887,15.49559386,0.00025191000000000005
2024-07-04 03:49:26.181135+00:00,51.6376,-0.7797577437750007,-0.626081353358268,0.001014,0.4726615089956749,0.8812440626262009,15.495553870000002,0.00020838
2024-07-04 08:56:21.268014+00:00,51.63980000000001,-0.7680633893549648,-0.6403738204615831,0.0010464,0.4915680932781091,0.8708391410995054,15.495575589999998,0.00016974
2024-07-04 11:33:46.684494+00:00,51.6374,-0.7620154600024205,-0.6475588303137403,0.0010148,0.489622916724058,0.8719342861813763,15.49564202,0.00022352
2024-07-04 13:47:31.227088+00:00,51.64,-0.7567577954833471,-0.6536953716947861,0.001022,0.506062365879329,0.8624968880179315,15.49567487,0.00022711999999999998
2024-07-04 14:39:30.834709+00:00,51.6373,-0.7547485102204279,-0.6560142424673756,0.0010153,0.4957330483919531,0.8684749534281466,15.49568986,0.00024334
2024-07-04 15:16:15.390323+00:00,51.6401,-0.753259267607054,-0.6577237077710402,0.0010264,0.5056347868712928,0.8627476237612146,15.495691529999998,0.00022753
2024-07-05 04:35:19.164191+00:00,51.637,-0.7209104485630015,-0.6930282282509796,0.0010193,0.5270091947892859,0.8498595817001469,15.49587198,0.00026954
2024-07-05 08:08:41.173167+00:00,51.6384,-0.7119427077746989,-0.7022375530021373,0.0010337,0.5337665428635832,0.8456318807373919,15.495735270000003,-3.0369000000000003e-05
2024-07-05 12:49:36.594918+00:00,51.6378,-0.6999812536763103,-0.7141612174444514,0.001014,0.5638590620515943,0.825871029969145,15.496129309999999,0.00089733
2024-07-05 13:52:31.065292+00:00,51.637,-0.6973390053995756,-0.716741453767208,0.0010181,0.5476596081888901,0.8367012331521876,15.495989519999998,0.00027067000000000004
2024-07-05 14:27:56.786975+00:00,51.6389,-0.6957498409923626,-0.7182841768820347,0.001036,0.543373730829999,0.8394909103998017,15.496005879999998,0.00028127
2024-07-06 03:48:18.439197+00:00,51.636900000000004,-0.6605286091806954,-0.7508008767002181,0.0010237,0.5776068976541261,0.8163150566921916,15.49615086,0.00024398
2024-07-06 08:58:08.678777+00:00,51.6396,-0.6463490750732246,-0.7630418554391281,0.001028,0.593074655213004,0.8051474730407943,15.49619186,0.00024302000000000001
2024-07-06 12:11:26.968110+00:00,51.6394,-0.637468367068362,-0.7704765285115415,0.0010258,0.6031481280444299,0.7976291968305197,15.49623297,0.00024465
2024-07-06 13:05:29.719984+00:00,51.636900000000004,-0.63505279117905,-0.7724687387951035,0.0010193,0.5986168371666318,0.8010355062421504,15.49624001,0.00020889
2024-07-06 13:31:32.029836+00:00,51.6395,-0.6337562665127147,-0.7735328012798585,0.0010274,0.6069584148910359,0.7947335922137438,15.49624912,0.00024486
2024-07-06 19:16:57.113198+00:00,51.6368,-0.617674331094189,-0.7864339900508791,0.0010199,0.6115670868242308,0.7911925797890952,15.496311349999997,0.00020857000000000002
2024-07-07 01:39:23.983784+00:00,51.6401,-0.5993645439185782,-0.8004761979554887,0.001027,0.6307299841541298,0.7760023756979944,15.49639915,0.00024763
2024-07-07 04:45:03.102041+00:00,51.6401,-0.590409881051879,-0.8071035697829034,0.0010296,0.6370958009283424,0.7707846264939863,15.49643568,0.00024791
2024-07-07 09:46:42.451385+00:00,51.639,-0.5757075867534883,-0.817655657691228,0.0010356,0.6398079459020306,0.7685348348387497,15.49650187,0.00025273
2024-07-07 11:25:06.913344+00:00,51.6394,-0.5708654745446167,-0.821043610274722,0.001032,0.6503513845067314,0.7596335147096774,15.496517320000002,0.00025049
2024-07-07 19:12:02.574703+00:00,51.639,-0.5476844333731579,-0.8366849833962141,0.0010357,0.659021638464188,0.7521239791656539,15.49656901,0.00022432
2024-07-08 02:41:10.419363+00:00,51.6384,-0.5249458800973331,-0.8511356078609544,0.0010652,0.6702310518654795,0.7421525025998988,15.496634520000002,0.00022513
2024-07-08 04:17:24.367204+00:00,51.6395,-0.5199604708810058,-0.8541903234766844,0.0010403,0.6872941852577342,0.7263791729605876,15.49669027,0.00024276
2024-07-08 10:39:02.484001+00:00,51.6384,-0.5003188924763222,-0.8658412128278871,0.001038,0.685610011530136,0.7279690323699537,15.4966994,0.00020698
2024-07-08 11:31:23.235463+00:00,51.6365,-0.49763869657791915,-0.8673844174691114,0.0010263,0.6888253889398831,0.724927295355761,15.49670314,0.00021040000000000002
2024-07-08 12:14:04.909921+00:00,51.6393,-0.4953282827244215,-0.8687058721646099,0.0010373,0.698916011243382,0.7152037536448203,15.496769190000002,0.00023924000000000002
2024-07-08 13:04:14.936443+00:00,51.6365,-0.4927956841007998,-0.8701450532707893,0.0010259,0.6920953033971022,0.7218061311845951,15.49672255,0.00021655
2024-07-08 13:32:13.517360+00:00,51.6392,-0.49124736083579734,-0.8710201091087759,0.0010396,0.6982641264027127,0.7158402124629885,15.496782250000003,0.00023848
2024-07-08 21:02:53.700284+00:00,51.63750000000001,-0.46756883913669595,-0.8839566622116508,0.0010426,0.6964690824594695,0.7175868011453839,15.496893610000003,0.00034673
2024-07-09 01:52:41.490342+00:00,51.6392,-0.4520564439159934,-0.8919893337445388,0.001036,0.7206213004290161,0.6933288839850781,15.496898309999999,0.00023121
2024-07-09 04:32:51.569658+00:00,51.6365,-0.4435561717859739,-0.8962465745934941,0.001026,0.7203695548153656,0.6935904443510681,15.49688906,0.00022042
2024-07-09 06:29:21.683021+00:00,51.6389,-0.4371973922819287,-0.89936557649372,0.0010392,0.7215004534776411,0.6924139626203086,15.496918630000001,0.00021888
2024-07-09 09:47:54.873603+00:00,51.6391,-0.42643929262746544,-0.9045161854291978,0.0010232,0.7394736745430158,0.6731854756735693,15.496965490000001,0.00022471
2024-07-09 10:44:18.072111+00:00,51.6367,-0.42346750554693763,-0.9059112935303624,0.001026,0.7318296480290911,0.6814876127015197,15.49695345,0.00022039
2024-07-09 11:26:59.754333+00:00,51.6384,-0.421088054653997,-0.9070197628650174,0.0010507,0.7259567926718751,0.6877403108540056,15.496959789999998,0.00021577
2024-07-09 20:01:27.638685+00:00,51.6368,-0.39294065923266086,-0.9195638304771463,0.0010269,0.7483737177030891,0.6632773014744715,15.497044850000002,0.00021014
2024-07-09 20:16:19.896689+00:00,51.638,-0.392068999583803,-0.9199358127420391,0.0010476,0.7389082725558912,0.6738060290235379,15.497068839999999,0.00023184
2024-07-10 02:31:06.117028+00:00,51.6384,-0.3712916701675887,-0.9285162872368813,0.0010256,0.7716023795991357,0.6361051546693763,15.497197810000001,0.00033531
2024-07-10 04:16:40.492407+00:00,51.6386,-0.3653414885609733,-0.9308735664611237,0.0010387,0.7606598116330148,0.6491507151397328,15.497128369999999,0.00021329999999999998
2024-07-10 09:00:20.672911+00:00,51.6386,-0.3494340009623911,-0.9369609804956744,0.0010372,0.7696670539775037,0.6384454761540648,15.497178630000002,0.00021427
2024-07-10 10:39:16.117925+00:00,51.6386,-0.3439350366248798,-0.9389934454413633,0.0010236,0.7714980091996048,0.636231735927285,15.49724271,0.00026301000000000004
2024-07-10 21:05:51.101937+00:00,51.63880000000001,-0.3083662386530356,-0.9512677135585855,0.001025,0.7873580705997585,0.6164959599716983,15.497361789999998,0.00025567
2024-07-11 04:31:29.443852+00:00,51.636900000000004,-0.2828604543015098,-0.959161072704863,0.0010322,0.8034289302459348,0.5954006668151061,15.49737923,0.00019742000000000002
2024-07-11 06:34:06.007288+00:00,51.6389,-0.27568600929045567,-0.9612477434467677,0.0010394,0.8050087462094971,0.5932629421480946,15.497402379999999,0.00021539
2024-07-11 09:50:00.546710+00:00,51.6391,-0.2643763716251401,-0.9644195840640762,0.0010462,0.8063424212569648,0.5914489831603869,15.49744472,0.00021867000000000002
2024-07-11 12:15:46.670101+00:00,51.637,-0.256024498951563,-0.9666702932937379,0.0010328,0.8144954131543177,0.5801699940108738,15.497457210000002,0.00020123
2024-07-11 16:54:20.920339+00:00,51.6371,-0.23982479743426244,-0.9708161857610405,0.0010319,0.8218647461296557,0.5696826652349856,15.497514940000002,0.00022113
2024-07-12 03:44:20.648252+00:00,51.6373,-0.20177542009164898,-0.9794318148022549,0.0010294,0.8368283381711983,0.5474653709903765,15.49763279,0.00022863
2024-07-12 12:06:32.873749+00:00,51.6397,-0.17211306667346896,-0.9850772011777829,0.0010693,0.8437925737666531,0.5366694443102267,15.49771452,0.00022166
2024-07-12 15:02:26.181906+00:00,51.6394,-0.16165032540394234,-0.9868480999104166,0.0010517,0.8480480961564261,0.5299192642332049,15.497746960000002,0.00021886
2024-07-12 16:50:58.059158+00:00,51.6395,-0.15522076294620196,-0.9878798078462779,0.0010507,0.852218574614274,0.5231859144533758,15.497768090000001,0.00021955
2024-07-12 20:45:45.213688+00:00,51.6371,-0.14138848751616762,-0.9899541886359644,0.0010269,0.861946116342028,0.5069998940067888,15.49787559,0.0002943
2024-07-12 22:18:36.491335+00:00,51.63720000000001,-0.13586600963246084,-0.9907272215027465,0.0010287,0.8627343859777918,0.5056573733779846,15.497900370000002,0.00030014
2024-07-13 04:53:27.582145+00:00,51.6394,-0.11227714998320314,-0.993676930189913,0.0010635,0.8664500785726166,0.49926371923213747,15.4979496,0.00025454
2024-07-13 09:47:40.934673+00:00,51.6397,-0.09470255004746961,-0.9955056137533864,0.0010593,0.8739597462275148,0.4859983147850802,15.49803301,0.00026745
2024-07-13 10:41:26.435021+00:00,51.6373,-0.09156766274594746,-0.9957988567673918,0.0010288,0.8779579099774013,0.4787378283654983,15.49806681,0.00029201
2024-07-13 11:16:43.362062+00:00,51.6399,-0.08935844523279884,-0.995999532261726,0.0010445,0.8769214440635595,0.48063372846844765,15.497999060000001,0.00023126
2024-07-13 19:58:33.595372+00:00,51.6373,-0.05821742777462647,-0.9983039272202159,0.0010304,0.8893046566474634,0.45731523882890374,15.498190019999997,0.00029599
2024-07-13 20:16:27.118859+00:00,51.6391,-0.05706742583347433,-0.9983703265365718,0.0010398,0.8877945010185079,0.4602400720942263,15.49829367,0.0004137
2024-07-14 01:05:02.827955+00:00,51.63980000000001,-0.03980044492286647,-0.9992076483814272,0.001058,0.8872629485623,0.46126398093557364,15.498316309999998,0.00035533
2024-07-14 04:05:00.977271+00:00,51.6406,-0.02891781914326105,-0.9995817924192085,0.0010529,0.8929703019768377,0.4501155849194686,15.498224229999998,0.00024342
2024-07-14 05:15:40.492236+00:00,51.6374,-0.024803820613775916,-0.9996923379135001,0.0010309,0.900179714735153,0.43551863470962826,15.498291639999998,0.00026468000000000005
2024-07-14 09:54:13.819687+00:00,51.6374,-0.008079041217175249,-0.9999673640139518,0.0010296,0.9058181462573849,0.4236667156041821,15.498368820000001,0.00028515
2024-07-14 10:29:06.567660+00:00,51.6409,-0.005859036776619944,-0.9999828356967184,0.0010646,0.899547105605501,0.43682376858038025,15.498341450000002,0.00025755
2024-07-14 21:05:35.208682+00:00,51.6406,0.03228472544525725,-0.9994787123810713,0.0010661,0.9281276121856856,0.37226218650098963,15.498620930000001,0.00043401000000000003
2024-07-15 00:16:57.715099+00:00,51.6396,0.0437449311227413,-0.9990427323198275,0.0010701,0.9311729445930428,0.3645777657207334,15.498576609999999,0.00031771
2024-07-15 04:51:37.190590+00:00,51.6401,0.060294204191647334,-0.9981806494522402,0.0010607,0.9212349759958937,0.3890065796382436,15.49859698,0.00026857
2024-07-15 08:10:46.953414+00:00,51.63980000000001,0.07222684656880343,-0.9973882306477887,0.0010644,0.9249061004456544,0.38019561459650375,15.49865538,0.00027494000000000005
2024-07-15 10:39:50.426489+00:00,51.637,0.08102177847604981,-0.9967123313236261,0.00103,0.9331557042561094,0.35947243512442567,15.498729900000003,0.00030926
2024-07-15 11:17:07.495305+00:00,51.6386,0.08330216843745336,-0.9965243342405734,0.0010196,0.9345172947892499,0.3559177232729244,15.49894403,0.00066107
2024-07-15 17:37:27.269779+00:00,51.6386,0.106045402433841,-0.9943612887792066,0.0010242,0.9445856815079853,0.32826496963595586,15.49867467,-5.5873e-05
2024-07-15 19:56:56.165564+00:00,51.636900000000004,0.11430603777394273,-0.9934455846841447,0.0010309,0.9416939077762714,0.33647077741916204,15.498839900000002,0.00028793000000000004
2024-07-15 20:17:12.377757+00:00,51.6383,0.11554914681890129,-0.9933017641529809,0.001063,0.9292228899726025,0.3695197163223699,15.49893808,0.00042363000000000004
2024-07-16 02:27:55.133273+00:00,51.6383,0.13764507997520303,-0.9904816161638842,0.0010529,0.9433147987833105,0.33189936787587043,15.498937159999999,0.00029607
2024-07-16 04:09:40.076944+00:00,51.6392,0.14377070639230508,-0.9896110266076554,0.0010555,0.9451623033384092,0.3266010109415355,15.498938140000002,0.00028191
2024-07-16 05:14:01.559922+00:00,51.636900000000004,0.14746244421966784,-0.9890676556963944,0.0010291,0.950556390933793,0.3105520047510919,15.499003300000002,0.00032831
2024-07-16 09:02:20.042290+00:00,51.6394,0.16111981061759892,-0.9869348542971562,0.0010533,0.9485471550856626,0.316635902226668,15.499019999999998,0.00028729
2024-07-16 09:52:34.110632+00:00,51.6368,0.1639819674124111,-0.9864633365531407,0.0010284,0.9542888549374144,0.2988859002064808,15.49909211,0.00034591
2024-07-16 10:29:14.239113+00:00,51.6396,0.16626106275476749,-0.9860817709559665,0.0010544,0.9500499751359531,0.3120978127833884,15.499042059999999,0.00028802
2024-07-16 20:42:29.722453+00:00,51.6368,0.2023394988220592,-0.9793154380568285,0.0010266,0.9626378866676433,0.27079198502181256,15.49929584,0.00037782
2024-07-16 21:05:07.283346+00:00,51.6389,0.2037118096435202,-0.9790308976798241,0.0010351,0.9581368857532486,0.28631051003947816,15.49936071,0.00043544
2024-07-17 01:44:29.897675+00:00,51.6391,0.22012202145558482,-0.9754723449028717,0.0010428,0.959566876789474,0.28148074351275654,15.49939611,0.00038102000000000003
2024-07-17 04:58:39.888760+00:00,51.6386,0.23150171301714229,-0.9728344961349431,0.0010389,0.9684001664183634,0.24940151900276442,15.499439339999999,0.00036326
2024-07-17 09:05:15.532788+00:00,51.6371,0.24579295946437715,-0.9693223514794977,0.001025,0.9697051144500987,0.2442785111493049,15.499525970000002,0.00038568
2024-07-17 09:25:58.253386+00:00,51.6386,0.24707680949569474,-0.9689958979321988,0.001042,0.9703324493924619,0.24177455957156724,15.499524669999998,0.00036774
2024-07-17 09:41:00.907875+00:00,51.6396,0.24800010158868452,-0.9687600061996791,0.0010627,0.9617063968635111,0.27408175100105225,15.49945137,0.00031448
2024-07-17 19:55:10.116492+00:00,51.637,0.2834279083445028,-0.9589935457402516,0.0010264,0.9775065367056092,0.21090512250252635,15.499698300000002,0.00035609000000000004
2024-07-18 02:33:12.871883+00:00,51.63850000000001,0.30636492634034274,-0.9519141410381907,0.0010414,0.9798180882906835,0.19989125508233282,15.49979221,0.00034941000000000003
2024-07-18 03:39:23.116049+00:00,51.6371,0.3100476147642669,-0.9507210298394523,0.0010265,0.9809382014692664,0.1943199549666501,15.499811730000001,0.00033066000000000004
2024-07-18 10:27:47.299090+00:00,51.6391,0.33333299379025016,-0.9428091616286028,0.0010308,0.9834395117630619,0.18123665938002317,15.49994992,0.00036084
2024-07-18 17:50:48.449179+00:00,51.6389,0.3582424821069641,-0.9336285792614971,0.0010261,0.9854266080384562,0.1701011468797987,15.50027308,0.00064015
2024-07-18 20:40:38.919635+00:00,51.6371,0.36773505653689503,-0.9299306039666652,0.0010248,0.9892516710756634,0.14622288218335555,15.50009591,0.00034016000000000005
2024-07-18 21:05:42.783375+00:00,51.63880000000001,0.3692310181142336,-0.9293376433042657,0.00104,0.9891354965180269,0.14700669892231583,15.500116409999999,0.00035401
2024-07-19 01:45:35.540047+00:00,51.6387,0.38479477118391614,-0.9230021582149835,0.0010423,0.9907622838263148,0.13561009161292126,15.500185770000002,0.00035153
2024-07-19 04:24:51.220222+00:00,51.6373,0.3935055245043542,-0.9193222515443391,0.001024,0.9921919486540295,0.12472023503072631,15.500204729999998,0.00032199
2024-07-19 09:41:08.890370+00:00,51.6389,0.410978221958838,-0.9116451618231471,0.0010403,0.9926036828931215,0.12139987111612353,15.500325079999998,0.00035417
2024-07-19 14:25:48.150336+00:00,51.6384,0.42644876467542703,-0.9045117197177724,0.001031,0.9940857531711786,0.10859795275275924,15.500401869999997,0.00035751
2024-07-19 17:04:24.079570+00:00,51.6387,0.43509752960493503,-0.9003833293279494,0.0010382,0.9932652120835761,0.11586292963915883,15.50044704,0.00035327
2024-07-19 19:53:15.147451+00:00,51.6373,0.44412234003993156,-0.8959661528637426,0.0010232,0.9967742576765064,0.08025633453783919,15.50045041,0.00032717
2024-07-20 02:22:01.466995+00:00,51.6378,0.4649625750815816,-0.8853303359613882,0.0010312,0.9950199704095033,0.09967576679550161,15.5005196,0.00029251
2024-07-20 05:10:17.084053+00:00,51.6376,0.4738407779495891,-0.8806105365893189,0.001019,0.9984686969956453,0.05531962689514705,15.500591449999998,0.0003208
2024-07-20 08:53:26.100668+00:00,51.63880000000001,0.4856688051950912,-0.8741429011668359,0.0010346,0.9983374936707692,0.05763895150995483,15.500681290000001,0.00034245
2024-07-20 12:54:28.440288+00:00,51.6377,0.4982062917247843,-0.8670585279471271,0.0010166,0.9994524126783294,0.033088892267139215,15.500729210000001,0.00034352
2024-07-20 21:03:57.886860+00:00,51.6382,0.523511617266965,-0.8520185365275375,0.0010252,0.9994934264711715,0.03182593974915801,15.500872949999998,0.00034543000000000003
2024-07-21 01:40:48.309297+00:00,51.6387,0.5375939747589336,-0.8432038414896431,0.0010102,0.999431483877033,0.033715115828838696,15.500902589999999,0.00030001
2024-07-21 05:00:25.461794+00:00,51.63850000000001,0.5477048772805255,-0.83667160069117,0.0010217,0.9999995833915378,-0.0009128070720320316,15.50098767,0.00033531
2024-07-21 07:28:30.770389+00:00,51.6381,0.5550564063764447,-0.8318127107350951,0.0010139,0.9998302563659428,-0.018424398367739545,15.50103333,0.00033811999999999997
2024-07-21 08:04:29.151279+00:00,51.6387,0.5569162063961515,-0.8305686841275195,0.0010245,0.9999846463694024,-0.005541392014745641,15.50103727,0.00033493
2024-07-21 18:36:29.215283+00:00,51.6387,0.5880464418378111,-0.8088271646290633,0.0010223,0.9994706235627561,-0.03253417641612537,15.501202429999998,0.00033349000000000003
2024-07-21 19:51:11.629151+00:00,51.6382,0.5915911146048106,-0.8062381491350046,0.0010149,0.9989704906158431,-0.04536473166174204,15.501228599999997,0.00033247
2024-07-21 20:15:46.224854+00:00,51.639,0.5928216814114676,-0.8053337532032793,0.0010114,0.9996247411942916,-0.027393006265205543,15.50124891,0.0003397
2024-07-22 04:10:58.456403+00:00,51.6386,0.6156050848824373,-0.7880548074004037,0.0010193,0.9981662039639181,-0.06053287754817105,15.501354700000002,0.00033334000000000006
2024-07-22 08:51:44.748290+00:00,51.6379,0.6287939730672867,-0.7775719512908477,0.0010232,0.9973577620469364,-0.0726463659430163,15.501433060000002,0.00033458
2024-07-22 13:32:48.829058+00:00,51.63880000000001,0.641843200104814,-0.7668359058359303,0.0010206,0.9963074816515479,-0.08585686929506858,15.501508620000001,0.00033443000000000004
2024-07-22 19:03:41.683676+00:00,51.6384,0.6568687391741943,-0.7540049465989624,0.0010139,0.9935392142922744,-0.11348933722376763,15.501605429999998,0.00034826000000000003
2024-07-22 21:02:29.622322+00:00,51.6387,0.6623180371007463,-0.7492228091369179,0.0010251,0.9946620137023806,-0.10318661976014701,15.501629189999997,0.00033400000000000004
2024-07-23 00:07:59.939903+00:00,51.63880000000001,0.6706260235290474,-0.741795616437316,0.0010236,0.9934754758896706,-0.1140459504138251,15.501675319999999,0.00033314
2024-07-23 04:57:35.036044+00:00,51.6402,0.6833566035664315,-0.7300847569715115,0.0010216,0.992973771843111,-0.11833464594811324,15.50173107,0.00030298000000000006
2024-07-23 07:26:20.918106+00:00,51.6386,0.6898343794940345,-0.7239672153268272,0.0010107,0.9897218915557984,-0.14300551519159166,15.50178868,0.00032699
2024-07-23 08:04:00.239225+00:00,51.6404,0.6914878401019091,-0.7223880999789494,0.0010179,0.9942126272421473,-0.10743021843162666,15.502074909999997,0.0010232
2024-07-23 19:48:59.627212+00:00,51.6386,0.721427940101098,-0.6924895141743928,0.0010091,0.9849254215214612,-0.17297951913672277,15.50197647,0.0003276
2024-07-23 20:15:02.039900+00:00,51.6394,0.7225968562402634,-0.6912696893048965,0.0010295,0.9869306358521613,-0.16114564845644622,15.50199945,0.00033355
2024-07-24 00:56:13.207211+00:00,51.6396,0.7341720305863684,-0.6789634964449035,0.0010267,0.9846302467021221,-0.17465187453708686,15.50206912,0.00033201000000000004
2024-07-24 04:11:14.762691+00:00,51.6396,0.7420752926014214,-0.6703165372497645,0.0010235,0.9835522462530925,-0.1806238602469123,15.50212042,0.00033234000000000003
2024-07-24 06:38:48.053194+00:00,51.6386,0.7479046876831924,-0.6638061299366754,0.0010067,0.9790476049623328,-0.20363149858879875,15.502125210000003,0.00031156
2024-07-24 07:28:30.090449+00:00,51.63980000000001,0.7499575398989793,-0.6614859698804434,0.0010223,0.9827728342586758,-0.18481762968713095,15.50217074,0.00033154
2024-07-24 20:34:15.422861+00:00,51.63850000000001,0.7802623259881649,-0.6254523983833931,0.0010041,0.9703176784146503,-0.2418338333567148,15.502347149999999,0.00033486
2024-07-25 01:44:00.367881+00:00,51.6404,0.7918304455245475,-0.6107409807278341,0.0010151,0.9694830149703447,-0.24515848686922997,15.50243491,0.00032346999999999996
2024-07-25 04:18:23.651413+00:00,51.6386,0.7973964925536469,-0.6034557429200106,0.0010029,0.9640967946694743,-0.2655510694914363,15.50245907,0.00032557
2024-07-25 06:16:59.722169+00:00,51.6404,0.8017360064796795,-0.597678321435549,0.0010193,0.9689190921639302,-0.247377834173204,15.50250182,0.00032173
2024-07-25 09:24:19.279592+00:00,51.6402,0.8084133517226615,-0.5886151992231702,0.0010177,0.9665665455352945,-0.256415898594388,15.50254702,0.00032052000000000003
2024-07-25 12:50:37.136252+00:00,51.6402,0.8156471403535923,-0.5785496888193851,0.0010184,0.9642023904164863,-0.2651674005513002,15.50259883,0.00032004
2024-07-25 19:46:39.476936+00:00,51.6384,0.8297912470693402,-0.5580739075490891,0.0010015,0.9527261974675818,-0.30383020366474794,15.50268251,0.00029592
2024-07-25 20:14:50.356037+00:00,51.6402,0.8307941205303236,-0.5565798498798227,0.001019,0.954698496515021,-0.29757483218840675,15.50270437,0.00031719
2024-07-26 00:59:05.358319+00:00,51.6404,0.8401740174759237,-0.5423169003067914,0.0010183,0.9497788951649732,-0.31292179581998253,15.502771569999998,0.00031580000000000003
2024-07-26 04:12:25.880270+00:00,51.6407,0.8464060787370572,-0.5325380266957079,0.0010194,0.9485687056104201,-0.31657133593642406,15.50282282,0.00031644
2024-07-26 06:36:26.021938+00:00,51.6383,0.8509376474485129,-0.5252667133512179,0.0009992,0.9432052647384641,-0.3322105184512433,15.502876730000002,0.00033339999999999997
2024-07-26 07:14:22.955716+00:00,51.6406,0.8521793075520318,-0.5232498712662428,0.0010165,0.9475600064178842,-0.3195779001078444,15.502864039999999,0.00031405
2024-07-26 17:40:47.030031+00:00,51.6405,0.8712215221108373,-0.490890068560035,0.0009986,0.938401988652556,-0.3455455218823248,15.50311296,0.00037361
2024-07-26 20:31:50.862712+00:00,51.6379,0.8762116504797028,-0.48192649186741654,0.0009985,0.930514125131546,-0.36625600736462127,15.503135180000001,0.00036004000000000006
2024-07-27 04:15:57.629393+00:00,51.6379,0.8893038584804451,-0.4573167909576385,0.0009937,0.9240444200788489,-0.3822851157462763,15.50327576,0.00035598000000000004
2024-07-27 06:26:18.160782+00:00,51.6399,0.892887798993311,-0.4502792227150621,0.0010046,0.9305742009168165,-0.3661033414051671,15.50327391,0.0003356
2024-07-27 12:47:27.578117+00:00,51.6395,0.9029591324057631,-0.42972643065679783,0.0009461,0.9274647325215555,-0.37391064431053517,15.503509160000002,0.00036733
2024-07-27 17:00:21.756081+00:00,51.6391,0.9093842670091254,-0.4159570349402394,0.0009943,0.9294574582564099,-0.36892930663141155,15.50368711,0.0006047
2024-07-27 20:12:50.793136+00:00,51.64,0.914157055651195,-0.4053601825576089,0.0010058,0.9124346454760872,-0.40922245507172145,15.50351279,0.00033713
2024-07-27 21:16:59.387792+00:00,51.638,0.9156682055000033,-0.4019349915551068,0.0009932,0.9022641929272653,-0.4311836339209903,15.50370398,0.0004898
2024-07-28 00:58:23.426702+00:00,51.6395,0.9209672540443884,-0.38963998380291887,0.0009956,0.9035679846515295,-0.42844474219293815,15.50364125,0.00035336
2024-07-28 05:01:05.096944+00:00,51.638,0.9265174676654069,-0.37625175363163654,0.0009856,0.8959653777226664,-0.44412390379519057,15.50386975,0.00042572
2024-07-28 08:34:30.180013+00:00,51.6403,0.9312956992522012,-0.3642640807907822,0.0010126,0.8965536975928409,-0.4429350599496554,15.50380942,0.00036697000000000005
2024-07-28 11:12:21.429224+00:00,51.6381,0.9346830520088291,-0.3554821968642883,0.0009858,0.8864290747053826,-0.4628644461577917,15.504024640000003,0.00044476
2024-07-28 11:57:05.959302+00:00,51.6401,0.9356591658436901,-0.3529049806572443,0.0010107,0.8887548776638928,-0.4583827739222308,15.503920969999998,0.00039269
2024-07-28 20:29:15.614872+00:00,51.6383,0.9460514330874011,-0.3240164902489911,0.000986,0.8747482915271442,-0.4845775752862923,15.504219440000002,0.00044774
2024-07-28 20:40:45.226863+00:00,51.64,0.9463073158739626,-0.32326840848344046,0.0009954,0.8829656186219697,-0.4694376596860571,15.50409109,0.00038734
2024-07-29 00:06:04.066261+00:00,51.63980000000001,0.9502268541548465,-0.31155886384916726,0.0009963,0.8775012982996755,-0.47957426065457687,15.50418603,0.0003971
2024-07-29 04:13:20.464323+00:00,51.6384,0.9547177110685531,-0.2975131798291008,0.0009824,0.8670072208433356,-0.4982955739373122,15.50434953,0.0003931
2024-07-29 04:48:07.566058+00:00,51.6409,0.9553552298981993,-0.29545961603264603,0.0009854,0.8612480145592241,-0.5081848653962401,15.504330130000001,0.00034998
2024-07-29 10:24:36.132193+00:00,51.6384,0.961117722750087,-0.27613895599079635,0.0009831,0.8569379935073148,-0.5154195138755004,15.50447723,0.00040011999999999996
2024-07-29 13:47:39.274359+00:00,51.6399,0.9644325027792756,-0.2643292408775514,0.0009652,0.8600054961145939,-0.510284770155539,15.504675599999999,0.00058617
2024-07-29 18:36:25.526025+00:00,51.63980000000001,0.9688707170061821,-0.2475672307231443,0.0009655,0.85555045517583,-0.5177194400912817,15.504658710000001,0.00043983
2024-07-29 19:41:29.370028+00:00,51.6384,0.9698175669667564,-0.2438316771928557,0.0009828,0.8446513487154069,-0.5353168212500371,15.504643290000002,0.00039226
2024-07-29 20:12:02.178433+00:00,51.6403,0.9702927705700546,-0.24193374998021153,0.0009873,0.8518256880276553,-0.5238253499175194,15.504706330000001,0.00044300000000000003
2024-07-30 00:24:26.250345+00:00,51.6402,0.9738512120255687,-0.22718674441157613,0.0009815,0.8496902938397783,-0.5272820920100275,15.504785719999997,0.00044008000000000003
2024-07-30 03:25:33.482488+00:00,51.63850000000001,0.9762370406246612,-0.21670542335715468,0.0009747,0.8361569440864641,-0.5484902595816864,15.504774119999999,0.00039909
2024-07-30 04:58:22.277871+00:00,51.6384,0.9774306451581376,-0.21125655943839186,0.0009745,0.8328101511307064,-0.5535587161030435,15.504811770000002,0.00042816
2024-07-30 05:35:54.424336+00:00,51.6399,0.977926057752783,-0.20895125165478345,0.0009889,0.8287270845993095,-0.5596529453612559,15.50484833,0.00040357
2024-07-30 20:26:29.670731+00:00,51.63850000000001,0.9876883405951378,-0.1564344650402308,0.0009751,0.8070221557999193,-0.5905211596954428,15.50506415,0.00038027
2024-07-30 20:51:49.175424+00:00,51.6404,0.9879463609793941,-0.15479660147294141,0.0010033,0.825554013016242,-0.5643231092138427,15.50517538,0.00042823
2024-07-31 00:05:02.030226+00:00,51.6404,0.9896779167214965,-0.14330952918001866,0.0010069,0.816146666945811,-0.5778448044529289,15.50523307,0.00042564999999999997
2024-07-31 04:10:33.045315+00:00,51.6386,0.991665991397478,-0.12883540470560517,0.000975,0.7894441847867674,-0.6138223514229149,15.505181989999999,0.00037202000000000003
2024-07-31 19:39:01.993238+00:00,51.6386,0.9973046257112342,-0.07337222590991069,0.0005966,0.5574669378827624,-0.8301991406690424,15.49486655,0.00027361999999999997
2024-07-31 21:39:41.851011+00:00,51.6377,0.9978174017792226,-0.0660335725715442,0.0005973,0.5329279660754657,-0.8461606129894415,15.49475947,0.0006601399999999999
2024-08-01 03:58:57.075161+00:00,51.6408,0.9990575625746377,-0.04340491518738172,0.000637,0.42546500088677436,-0.9049748797731444,15.49517145,0.00059556
2024-08-01 12:40:37.347471+00:00,51.639,0.9999264743221546,-0.012126250437188015,0.0006147,0.49438947979991416,-0.869240497367196,15.495135660000003,0.00035748
2024-08-01 12:40:37.353506+00:00,51.6389,0.999926410815549,-0.012131486039798032,0.0006107,0.5002176401300497,-0.8658997127281681,15.495138179999998,0.00035965000000000004
2024-08-01 12:58:55.240893+00:00,51.639,0.9999391841125961,-0.011028511968332728,0.0006148,0.4934258109688551,-0.8697878874011339,15.495140770000003,0.00035748
2024-08-01 20:24:58.527351+00:00,51.6392,0.9998762758365658,0.015730003788931565,0.000608,0.4833266938775325,-0.8754400647590982,15.495260789999998,0.00034645
2024-08-02 01:32:36.363263+00:00,51.6402,0.9994141716455672,0.034224457833612346,0.0006348,0.4410453873718195,-0.8974848000261852,15.495757830000002,0.0018304999999999999
2024-08-02 02:36:27.277065+00:00,51.6392,0.9992770518727448,0.0380180693949015,0.0006118,0.46314599692929453,-0.8862820011307744,15.49535697,0.00033014
2024-08-02 07:54:54.453008+00:00,51.641,0.9983683338993773,0.05710227549740443,0.0006139,0.45378210395891266,-0.8911126764481709,15.49560669,0.00063627
2024-08-02 11:53:40.173494+00:00,51.6392,0.9974475169763543,0.0714034374362005,0.0006101,0.4373888844333441,-0.8992724635916274,15.4954949,0.00031332
2024-08-02 12:12:39.633980+00:00,51.6406,0.997367516011104,0.0725123300262814,0.0006367,0.4349293752249511,-0.9004645681904612,15.49565235,0.0005348000000000001
2024-08-02 16:59:49.617893+00:00,51.6405,0.995967809887181,0.08971132408192457,0.0006038,0.447406358874056,-0.8943307833453232,15.495608649999998,0.00035562
2024-08-02 19:38:00.723564+00:00,51.6391,0.9950716779999101,0.09915823537378544,0.0006057,0.42518699249119296,-0.905105530541215,15.49561153,0.00030851
2024-08-02 23:17:53.264841+00:00,51.6386,0.9936749704326255,0.11229449290023454,0.0005904,0.4330865430179378,-0.9013523430139692,15.495918879999998,0.00157
2024-08-03 03:22:21.079187+00:00,51.639,0.9919223615721343,0.12684647655004067,0.0006041,0.40515116080267893,-0.9142497125513586,15.49570586,0.00028507
2024-08-03 03:59:52.689988+00:00,51.6396,0.9916362835341719,0.1290638647280307,0.0005829,0.4394469547224762,-0.8982685422439896,15.495999290000002,0.0010199
2024-08-03 12:59:58.704278+00:00,51.6397,0.9869328857736702,0.16113186828947124,0.0006051,0.4214552872885653,-0.9068491830599579,15.495869580000003,0.00030681999999999997
2024-08-03 20:23:53.215011+00:00,51.6389,0.982288885901734,0.187372742505227,0.000597,0.3617921670741709,-0.9322587772951109,15.495952039999999,0.00031521
2024-08-03 20:54:45.407218+00:00,51.6403,0.9819352727567675,0.1892171242675792,0.0006148,0.3788020725738575,-0.9254777089772341,15.49597704,0.00031706000000000003
2024-08-04 00:05:58.027790+00:00,51.6404,0.979699997699197,0.2004692358148586,0.0006217,0.3548475277408483,-0.9349241851916165,15.49601615,0.00031384
2024-08-04 02:35:20.982353+00:00,51.63880000000001,0.9778647480080223,0.2092379855647799,0.0006009,0.34307613408053517,-0.939307599364742,15.49605564,0.00033419
2024-08-04 06:09:19.155727+00:00,51.6404,0.975094416497343,0.22179016866332515,0.0006206,0.33993148791417394,-0.9404502025755834,15.49610582,0.00031399
2024-08-04 11:52:32.429866+00:00,51.6387,0.9703252753697591,0.24180334980847787,0.0005959,0.3188865249687026,-0.9477929015314395,15.49620808,0.00036270000000000003
2024-08-04 12:12:07.608968+00:00,51.6404,0.9700337976238499,0.2429700217464119,0.0006155,0.35900659247089056,-0.9333350237521573,15.496203389999998,0.00032415
2024-08-04 16:58:43.913280+00:00,51.6402,0.9657104721392795,0.25962142438660535,0.0006233,0.3429384207075205,-0.9393578868581621,15.496268720000002,0.00032095
2024-08-04 19:36:51.690826+00:00,51.63880000000001,0.9632137089137549,0.2687365828476062,0.0005929,0.2976331508456088,-0.9546803169216987,15.49640982,0.00047989
2024-08-04 20:04:34.875247+00:00,51.6406,0.9627465119734444,0.2704055355997108,0.0006121,0.3191644186500982,-0.9476993583767718,15.496307350000002,0.00031229
2024-08-05 00:54:39.589332+00:00,51.6407,0.9578936839267983,0.28712312740903856,0.0006063,0.3104225972315417,-0.9505986593342239,15.496381109999998,0.00031333
2024-08-05 01:48:18.925039+00:00,51.6387,0.9569813641988199,0.290149390101316,0.0005966,0.27961955698643765,-0.9601108807584197,15.49644071,0.0003659
2024-08-05 09:47:59.743100+00:00,51.6407,0.948210065283356,0.3176439391761374,0.0006064,0.2870077683764546,-0.9579282545637577,15.496516079999997,0.00031445
2024-08-05 12:38:21.233746+00:00,51.6387,0.9449357760278468,0.3272558313959446,0.0005907,0.25271786649382927,-0.9675400146530412,15.49659999,0.00032975
2024-08-05 16:10:47.788627+00:00,51.6401,0.9406659711979484,0.3393339514846997,0.0006091,0.2605331546775966,-0.9654649011298855,15.496625189999998,0.00031758
2024-08-05 17:28:23.229680+00:00,51.64,0.9390774565924477,0.3437055869779534,0.0006088,0.2628863985432494,-0.9648267935028337,15.49664341,0.00031701
2024-08-05 20:22:39.717965+00:00,51.6387,0.9354471154441716,0.353466680476645,0.0006013,0.22808068601904452,-0.9736422344296092,15.496718350000002,0.0003076
2024-08-05 20:55:31.663213+00:00,51.6402,0.9347314371586611,0.35535494985620225,0.0006084,0.2554440705102601,-0.9668238344399404,15.496702590000002,0.00031978000000000003
2024-08-06 01:36:22.477265+00:00,51.6403,0.9286102213029683,0.3710566761178839,0.0006181,0.2438045946822875,-0.9698243756535538,15.496784329999999,0.00032357999999999996
2024-08-06 02:58:36.152255+00:00,51.6401,0.9267661478755183,0.37563879878411527,0.0006169,0.2405414606253709,-0.9706388647278725,15.49680634,0.00032397
2024-08-06 13:35:44.461257+00:00,51.6392,0.9117218962030538,0.41080796484964616,0.0005873,0.22502417936307426,-0.974353179654059,15.49705756,0.00036572
2024-08-06 19:35:33.882437+00:00,51.6384,0.9026589067405648,0.43035671027872724,0.0005946,0.16961611622090714,-0.9855102095453582,15.497129500000002,0.00036048000000000005
2024-08-06 20:24:02.999790+00:00,51.63980000000001,0.9013750181367697,0.4330393477259753,0.0006038,0.19397068238906495,-0.9810073263607773,15.49710879,0.00033539999999999997
2024-08-07 00:48:09.329168+00:00,51.6401,0.8944010507381809,0.4472658722040371,0.0005974,0.19286277798639975,-0.9812257379764193,15.49719468,0.00034191
2024-08-07 01:47:00.034942+00:00,51.63850000000001,0.892846929270127,0.4503602567866139,0.0005767,0.14928165982599137,-0.988794713800391,15.49721764,0.00033968
2024-08-07 09:31:17.492733+00:00,51.6386,0.8799464135581286,0.47507295152027634,0.0005782,0.12690706940230273,-0.9919146111111173,15.49733904,0.00034967
2024-08-07 09:47:58.657932+00:00,51.6397,0.8794426205015596,0.4760049130474912,0.0006026,0.17282824341193034,-0.9849519776512693,15.49734731,0.00034471
2024-08-07 15:52:40.205268+00:00,51.6401,0.8688026807922544,0.4951584613517092,0.000597,0.1603980290917916,-0.9870524161681936,15.49743767,0.00034202
2024-08-07 17:35:18.432658+00:00,51.6395,0.8657425219939725,0.5004896458584495,0.000583,0.15431723018266622,-0.9880213522332146,15.497466210000002,0.00034333000000000003
2024-08-07 20:21:17.725249+00:00,51.63880000000001,0.8607455807624613,0.5090354066250138,0.0005794,0.09062736575802025,-0.9958848731533992,15.497453090000002,0.00030606
2024-08-08 00:07:48.020153+00:00,51.6407,0.8537344295619149,0.5207086745778216,0.0005995,0.1333116135639226,-0.9910741716385224,15.497449159999999,0.00023319
2024-08-08 01:36:34.245779+00:00,51.6392,0.8509394809700483,0.5252637430152824,0.0005861,0.11815093890998371,-0.9929956473392465,15.49755186,0.00032346
2024-08-08 11:49:51.483928+00:00,51.63880000000001,0.8310446613876574,0.5562056910703753,0.0005785,0.04034629416052923,-0.9991857567777436,15.49771685,0.00035560999999999996
2024-08-08 19:34:08.021587+00:00,51.6391,0.8152319193034547,0.5791346283454354,0.0005816,0.017288370240734794,-0.999850544958805,15.49787013,0.0003957
2024-08-08 23:18:56.284978+00:00,51.641,0.807299312732834,0.5901422029147669,0.0005848,0.051361629516507974,-0.998680120465712,15.49792679,0.00037208000000000006
2024-08-09 00:39:20.175852+00:00,51.6399,0.8044378470717063,0.5940368256250096,0.0005836,0.05951021642717962,-0.998227696540619,15.49790446,0.00032389
2024-08-09 00:48:05.556949+00:00,51.6399,0.8041246248061753,0.5944607537763344,0.0005829,0.060283751265023396,-0.9981812807969386,15.49790766,0.00032418000000000003
2024-08-09 12:35:31.391215+00:00,51.6389,0.778209171315829,0.6280051637366771,0.0005873,-0.03803551006380515,-0.9992763881800601,15.49817758,0.00036525
2024-08-09 12:52:22.868247+00:00,51.6407,0.7775269537469596,0.6288496133392891,0.0006036,0.006007387151645215,-0.9999819554870029,15.4981453,0.00034918
2024-08-09 16:04:16.286023+00:00,51.6411,0.7702272489860398,0.6377695390338088,0.0005933,-0.006520503879221326,-0.9999787412886141,15.498248989999999,0.00038873000000000005
2024-08-09 20:19:47.041532+00:00,51.6395,0.7604127665623953,0.649440085341923,0.0005797,-0.05913214695634007,-0.9982501636345139,15.49833962,0.00040500000000000003
2024-08-09 22:31:23.686168+00:00,51.6417,0.7552223269420091,0.6554687154153868,0.0005781,-0.04252085032446899,-0.9990955796557626,15.498392220000001,0.00040722
2024-08-10 02:58:25.278807+00:00,51.6405,0.7445912219713383,0.6675207203999207,0.0005933,-0.018488964550035954,-0.9998290644854587,15.49837068,0.00034098
2024-08-10 07:05:27.999736+00:00,51.6406,0.7346020436035046,0.6784982222036803,0.0006013,-0.03028206847101825,-0.9995413930043701,15.49843702,0.00034112
2024-08-10 11:57:13.387948+00:00,51.642,0.7226318436177456,0.6912331145059661,0.0005683,-0.0758889332315627,-0.9971162769772517,15.49867728,0.0004239
2024-08-10 15:04:01.238321+00:00,51.6415,0.7148499088661733,0.6992779188520282,0.000575,-0.13151245416577328,-0.9913145184043737,15.498575699999998,0.00022226000000000003
2024-08-10 16:52:15.705971+00:00,51.6422,0.7102861248241433,0.7039130776468793,0.000575,-0.12589597258410753,-0.9920434486891699,15.498640189999998,0.00027474
2024-08-10 19:32:32.445884+00:00,51.6396,0.7035249518053217,0.7106705581261403,0.0005585,-0.11291534675684413,-0.9936046117378792,15.49879233,0.00041643999999999996
2024-08-10 20:06:30.163095+00:00,51.6408,0.7019939673293365,0.7121828907192438,0.000577,-0.09055783965719394,-0.9958911977101825,15.49872002,0.00036238
2024-08-11 00:48:29.691077+00:00,51.641,0.6898432243706599,0.7239587873559457,0.0005671,-0.07572534436763344,-0.9971287139684643,15.498840019999998,0.0003762
2024-08-11 08:11:56.789647+00:00,51.6411,0.6703256033597452,0.7420671030846157,0.0005759,-0.09958025127607095,-0.9950295340118275,15.49898511,0.00038061000000000003
2024-08-11 12:43:40.969046+00:00,51.6416,0.6581351061489922,0.7528998486214848,0.0005711,-0.11866738800246901,-0.9929340617708063,15.499128970000001,0.00040602
2024-08-11 16:03:54.457053+00:00,51.6413,0.6490378618419895,0.7607561067093569,0.0005752,-0.14697217149043598,-0.9891406274172474,15.499161799999998,0.00039168
2024-08-11 20:18:05.887022+00:00,51.6397,0.6374347480809681,0.7705043425827999,0.0005562,-0.19429084985878392,-0.9809439666266119,15.49936742,0.0005154
2024-08-11 20:57:49.134244+00:00,51.6413,0.6355016385886836,0.7720995190719252,0.000553,-0.1313930714667545,-0.9913303489606945,15.4992967,0.00040676000000000004
2024-08-12 00:01:40.572176+00:00,51.6416,0.6269519603520709,0.7790579178794702,0.0005561,-0.1343805217677799,-0.990929803452,15.49937136,0.00041278
2024-08-12 11:55:13.558946+00:00,51.6416,0.59299876921749,0.8052033654341877,0.0005647,-0.16921705309404222,-0.9855788090975618,15.4996267,0.00041948999999999996
2024-08-12 16:52:03.578900+00:00,51.6408,0.5785696186660586,0.8156330034743637,0.0005387,-0.21111667033500403,-0.9774608695526698,15.499896389999998,0.00050808
2024-08-12 19:30:45.107701+00:00,51.6396,0.5708382473935669,0.8210625404393023,0.0005509,-0.26396563961474967,-0.9645320840193841,15.500114320000002,0.00078453
2024-08-12 23:11:45.925735+00:00,51.6419,0.559856871041426,0.8285893337158668,0.0005374,-0.2362904060495998,-0.9716824810651447,15.50038768,0.0012676000000000002
2024-08-13 00:34:15.102632+00:00,51.6407,0.5557327554865495,0.8313609952838339,0.0005367,-0.232550890547466,-0.9725842294143888,15.50046485,0.0012606000000000002
2024-08-13 08:11:22.811155+00:00,51.6415,0.5326251820521176,0.8463512364520706,0.0005621,-0.23573241409808118,-0.9718180019651266,15.500198680000002,0.00046819
2024-08-13 12:59:57.911122+00:00,51.6414,0.5179120519911373,0.8554338702683741,0.0005342,-0.2611363531608584,-0.9653019243002924,15.50063513,0.0006778
2024-08-13 16:03:26.981845+00:00,51.6407,0.5085500878895717,0.8610324082794497,0.0005473,-0.33621929983931853,-0.9417837238005117,15.500646580000002,0.00098917
2024-08-13 20:16:10.754675+00:00,51.6396,0.49542076676099406,0.8686531320739876,0.0005394,-0.3329380415804356,-0.942948705109978,15.500703650000002,0.00043306000000000003
2024-08-13 20:54:59.418729+00:00,51.6416,0.4932861425141532,0.8698671057141467,0.0005325,-0.32291659155352254,-0.9464274271699101,15.500825270000002,0.0006201
2024-08-13 22:24:03.817743+00:00,51.6419,0.4886410376776254,0.872484920383919,0.0005296,-0.32908420670601746,-0.944300579739667,15.5008706,0.00062105
2024-08-14 08:57:18.360281+00:00,51.6414,0.45510048816683846,0.8904400853905362,0.0005352,-0.2865513070585874,-0.9580648978138251,15.501166669999998,0.0006174899999999999
2024-08-14 12:10:15.536069+00:00,51.6416,0.44475711339540297,0.8956512212263146,0.0005432,-0.2920128348139693,-0.9564143998831832,15.501216210000003,0.00059707
2024-08-14 17:09:58.000028+00:00,51.6416,0.4286276681524934,0.9034812239853997,0.0005678,-0.36672044102355744,-0.930331187338943,15.50110784,0.00038153
2024-08-14 23:11:42.474899+00:00,51.6416,0.40888959558819404,0.9125838584041047,0.0005594,-0.3557546138157062,-0.9345793999167956,15.501305640000002,0.00045847
2024-08-15 12:50:05.586433+00:00,51.6413,0.3635487896951453,0.9315751593463595,0.0005437,-0.3892091603825225,-0.9211494067057373,15.50158457,0.00046089000000000004
2024-08-15 16:03:58.523899+00:00,51.6407,0.35268451136612927,0.9357422911477469,0.0005444,-0.406049325452525,-0.9138511614587735,15.501610909999998,0.00043194
2024-08-15 22:23:33.628689+00:00,51.6409,0.3312571970213941,0.9435404969695415,0.0005404,-0.42259137086131393,-0.9063203259739657,15.501713210000002,0.00041033
2024-08-16 08:59:20.836623+00:00,51.6409,0.294979364811688,0.955503623402493,0.0005411,-0.4444209927409612,-0.8958180513983509,15.501939119999998,0.00041819000000000003
2024-08-16 12:11:02.090957+00:00,51.641,0.28395844669545117,0.9588365869898304,0.0005341,-0.4585053119856269,-0.8886916669357056,15.50198988,0.00041274
2024-08-16 17:11:33.999950+00:00,51.6408,0.2665807096070803,0.9638125986235009,0.0005303,-0.46564850106771294,-0.8849697584965218,15.502080510000003,0.00040936
2024-08-16 19:26:30.464463+00:00,51.63980000000001,0.2588746780069979,0.9659109177800886,0.0005276,-0.5514085624455835,-0.8342353368574692,15.502166560000001,0.00046285
2024-08-16 21:34:31.514292+00:00,51.6413,0.2513312046165688,0.9679011445318083,0.0005229,-0.4764515124617481,-0.8792007485625297,15.502176,0.00041277
2024-08-17 01:37:49.285042+00:00,51.63980000000001,0.2372552598054862,0.9714473437580811,0.000529,-0.5730115725315056,-0.8195472760890437,15.50227482,0.00039329999999999996
2024-08-17 09:34:34.508079+00:00,51.6409,0.20923969226041056,0.9778643828173561,0.0005421,-0.5363203694887579,-0.8440144911501474,15.50247323,0.00043347000000000004
2024-08-17 14:27:59.416975+00:00,51.6413,0.1920218393387478,0.9813906527051112,0.0005141,-0.527683923121898,-0.8494408026923846,15.50286489,0.0007036900000000001
2024-08-17 17:40:54.588268+00:00,51.641,0.18063587659097566,0.9835500394429405,0.0005175,-0.5341664536848084,-0.8453793230010984,15.502999919999999,0.0007338900000000001
2024-08-17 20:37:03.828586+00:00,51.6416,0.17021981832408178,0.9854061159997519,0.0005144,-0.5296972276032965,-0.8481867996316504,15.503139090000001,0.0007638300000000001
2024-08-17 22:21:45.072288+00:00,51.6417,0.164014679685271,0.9864578981627842,0.0005145,-0.5334787102745591,-0.8458134934391819,15.503205750000001,0.0007660400000000001
2024-08-18 00:50:11.497043+00:00,51.64,0.1552655913500486,0.9878727631343622,0.0005183,-0.6090106382660048,-0.793162053100647,15.50312431,0.00033708
2024-08-18 05:46:38.729874+00:00,51.6424,0.13751542505594885,0.9904996253768508,0.0004614,-0.693536379269418,-0.7204216061653522,15.503177539999998,2.2800000000000002e-05
2024-08-18 08:57:48.019665+00:00,51.6402,0.1262024318855745,0.9920045091561666,0.0004503,-0.6571621544908444,-0.7537492306496582,15.503222720000002,2.2800000000000002e-05
2024-08-18 11:39:56.666595+00:00,51.6405,0.11661180096119361,0.9931775711707282,0.0005112,-0.6388483853460073,-0.7693326592188839,15.503422260000002,0.0004392
2024-08-18 13:38:32.791787+00:00,51.6409,0.10944633149377565,0.9939927064735207,0.0005171,-0.6070249922067534,-0.7946827409956699,15.50351213,0.00053645
2024-08-18 18:27:44.654096+00:00,51.6408,0.09219679929629192,0.9957408047275753,0.0004971,-0.6868338465444082,-0.7268144654869029,15.503899619999999,0.0015647
2024-08-18 21:34:02.338751+00:00,51.6417,0.0810478723160962,0.9967102098368581,0.0005149,-0.6242696259836318,-0.7812089567294122,15.503736460000002,0.00054945
2024-08-19 03:07:16.000330+00:00,51.6417,0.06106944440779933,0.9981335196053295,0.0005136,-0.6346698208917195,-0.7727834227319273,15.503878860000002,0.00054594
2024-08-19 04:57:10.214211+00:00,51.6412,0.05449358881912381,0.998514120469817,0.0005153,-0.6276655461580751,-0.778483116172782,15.50386592,0.00049265
2024-08-19 09:45:00.089840+00:00,51.6412,0.03721055383141619,0.9993074475273159,0.0005118,-0.6329566872641047,-0.7741872073650211,15.50392803,0.00042898999999999997
2024-08-19 12:25:03.452436+00:00,51.6406,0.02765121714512678,0.9996176319925499,0.0005084,-0.6995323948082377,-0.7146008876385838,15.503974879999998,0.00044316
2024-08-19 14:42:46.999889+00:00,51.6399,0.01934402283200496,0.9998128868846785,0.000523,-0.680291166340626,-0.7329419683705598,15.50391667,0.00029964
2024-08-19 16:19:16.999987+00:00,51.6395,0.013518908564120575,0.999908615380043,0.000523,-0.6612699701869182,-0.7501480030827199,15.504099289999997,0.0008025700000000001
2024-08-19 18:36:19.647360+00:00,51.6408,0.005358135164960687,0.9999856450907453,0.0005031,-0.7131256594734513,-0.7010362285934695,15.50413375,0.00048227
2024-08-19 19:16:35.305833+00:00,51.6396,0.002864081386849686,0.9999958985104936,0.0005205,-0.6633974595091419,-0.7482672054265218,15.50423515,0.00084436
2024-08-20 03:53:13.540996+00:00,51.6408,-0.028106571014762667,0.9996049322936498,0.0005027,-0.7314572503043707,-0.6818873007888981,15.504360309999997,0.0004997500000000001
2024-08-20 04:08:19.798361+00:00,51.6422,-0.029113213715836236,0.9995761205566768,0.0004458,-0.6958212951652739,-0.7182149575123876,15.50457423,0.00058614
2024-08-20 08:56:18.620754+00:00,51.6409,-0.046372470145737546,0.9989242183532155,0.0005186,-0.6873879945657246,-0.7262903998587007,15.50447391,0.00047491
2024-08-20 13:33:03.318337+00:00,51.6418,-0.06290199979293644,0.9980197084336809,0.0005022,-0.6925524680018618,-0.7213675062438911,15.504350080000002,9.034700000000001e-05
2024-08-20 16:52:00.898769+00:00,51.6431,-0.0749578418132869,0.9971867036571909,0.0005446,-0.7547004198370902,-0.656069566660213,15.50500145,0.0015409999999999998
2024-08-20 18:27:07.400144+00:00,51.6413,-0.08058513332738135,0.9967477295116394,0.000532,-0.7057194912071888,-0.7084913547321989,15.50470389,0.00049754
2024-08-21 03:02:46.999979+00:00,51.6427,-0.1114203674111075,0.9937733653736016,0.0004905,-0.7473622320480913,-0.664416807514752,15.504989280000002,0.00065933
2024-08-21 04:55:52.622678+00:00,51.6416,-0.11824972527312184,0.9929838883248968,0.0005249,-0.7360108410310329,-0.6769697496083498,15.50504699,0.00052461
2024-08-21 08:08:02.994738+00:00,51.6414,-0.12969036384261093,0.9915545418817723,0.0005315,-0.727299778107993,-0.6863199201276793,15.50510042,0.0005160700000000001
2024-08-21 12:22:18.472522+00:00,51.6405,-0.1447257792606746,0.9894718029420497,0.000492,-0.800775279520532,-0.5989649002310686,15.505121400000002,0.00047568
2024-08-21 12:44:01.426831+00:00,51.6418,-0.1461192871890415,0.9892669780758713,0.0005152,-0.753511759846441,-0.6574344284969562,15.5051197,0.0004774
2024-08-21 17:27:45.637046+00:00,51.6419,-0.16296263169845315,0.9866322418560597,0.0005152,-0.7624763897372149,-0.6470160392859692,15.50523341,0.00047865
2024-08-21 18:33:33.047419+00:00,51.6404,-0.16675670048957647,0.9859980744615223,0.0004875,-0.8207954420442769,-0.571222235491004,15.505269849999998,0.00048607
2024-08-21 22:06:01.154012+00:00,51.6421,-0.17943754302483178,0.9837693673586364,0.0005122,-0.7637070250161135,-0.6455629945567182,15.50534964,0.00048098000000000005
2024-08-22 03:50:24.458791+00:00,51.6402,-0.19966209552475495,0.9798648108849831,0.0004893,-0.833012985054036,-0.5532534380655617,15.505497230000001,0.00049252
2024-08-22 13:07:15.332728+00:00,51.6401,-0.23234039761950567,0.9726345354931677,0.000485,-0.8492777483153151,-0.5279463099752364,15.50576751,0.00055639
2024-08-22 16:12:52.170893+00:00,51.6399,-0.24317825863468404,0.9699816155615542,0.0004816,-0.85482493737946,-0.5189164927367431,15.50586304,0.0005765599999999999
2024-08-23 09:36:29.820952+00:00,51.6393,-0.30343941520792,0.9528507340073132,0.0006238,-0.9836611427526083,-0.18002987596127717,15.499039039999998,-0.00025287
2024-08-23 13:04:52.000333+00:00,51.63980000000001,-0.3153426418023489,0.94897788080709,0.0006469,-0.990264181909308,-0.13920075440703963,15.499268049999998,0.00022557
2024-08-23 16:58:22.147395+00:00,51.6392,-0.3285930238209741,0.9444716113765351,0.0006516,-0.9940827201566363,-0.10862571282151658,15.49959969,0.0006112
2024-08-23 17:37:58.656291+00:00,51.6399,-0.33085370348576143,0.9436820581582315,0.0006354,-0.9928909167005059,-0.11902784352255145,15.499846150000002,0.0013864
2024-08-24 00:36:46.999857+00:00,51.64,-0.3545015723460341,0.9350554182529448,0.0006301,-0.9985387460674685,-0.05404047188920163,15.50014545,0.0011597
2024-08-24 03:48:16.359546+00:00,51.6393,-0.3651936379949021,0.930931580068078,0.0006534,-0.9976151573404369,-0.06902172009313716,15.4999028,0.00060568
2024-08-24 08:55:12.236161+00:00,51.6404,-0.3823270471583274,0.9240270715791795,0.0006373,-0.998951001070925,-0.04579189294402232,15.50005774,0.0006124300000000001
2024-08-24 12:02:57.388697+00:00,51.6403,-0.392730401607464,0.9196536476594002,0.0006363,-0.9995029904962894,-0.03152414929818524,15.50013173,0.00060285
2024-08-24 13:05:19.493646+00:00,51.6393,-0.3961080782641478,0.9182038936608163,0.0006504,-0.9995426077991642,-0.030241944283499328,15.50010857,0.00054725
2024-08-24 16:49:22.766012+00:00,51.6419,-0.40847702916644024,0.9127685997246833,0.0006734,-0.9992851244133759,-0.03780529230337768,15.50038227,0.00079475
2024-08-24 17:43:50.849473+00:00,51.6392,-0.4114109605352777,0.9114499555935258,0.0006507,-0.9999010073018215,-0.014070380122895422,15.500226340000001,0.0005368899999999999
2024-08-24 18:18:45.017836+00:00,51.6408,-0.413393687573773,0.9105523922730409,0.0006437,-0.999994391144093,-0.0033492805726853415,15.500304720000003,0.0006025000000000001
2024-08-25 01:25:59.000140+00:00,51.6407,-0.4366023845267235,0.8996545769491638,0.0006401,-0.9997718607050133,0.021359460256182038,15.50049303,0.00058739
2024-08-25 04:55:36.513411+00:00,51.6406,-0.4478964147889974,0.8940854554343015,0.0006392,-0.9996734413246179,0.02555407423867652,15.500581,0.00058135
2024-08-25 09:42:47.534092+00:00,51.6406,-0.4632403523923073,0.8862326872303069,0.0006358,-0.9996889084349883,0.024941658967712135,15.50066295,0.0005535900000000001
2024-08-25 12:17:55.000888+00:00,51.6391,-0.4714244429670195,0.8819064545478933,0.0006476,-0.9994182859717576,0.034104100417312225,15.50066724,0.00048205
2024-08-25 13:03:14.999894+00:00,51.6404,-0.47387920138174233,0.8805898605467827,0.0006356,-0.9991498078018172,0.041226951980371095,15.500730030000001,0.0005425299999999999
2024-08-25 17:21:33.272057+00:00,51.6403,-0.4874223429953258,0.8731663412826602,0.0006582,-0.9989236517320642,0.04638467430388804,15.50100373,0.0010181
2024-08-25 18:29:16.058388+00:00,51.63880000000001,-0.4909752180460315,0.8711735391210248,0.0006488,-0.998489481050831,0.05494320914218827,15.50076502,0.00041233999999999997
2024-08-25 19:06:56.087128+00:00,51.6401,-0.4929369157426834,0.8700650533713503,0.000662,-0.9967306889263247,0.080795629538077,15.500954089999999,0.00065167
2024-08-26 04:07:14.060074+00:00,51.63980000000001,-0.5209023673705644,0.8536162625370616,0.0006333,-0.9949296243894133,0.10057356766238809,15.501071690000002,0.00057741
2024-08-26 05:29:35.043654+00:00,51.63880000000001,-0.5251716594269714,0.8509963149947954,0.000632,-0.9940439812703694,0.10897964626549976,15.501087999999998,0.00055187
2024-08-26 05:43:13.654261+00:00,51.6401,-0.525894795519676,0.8505496246811929,0.0006414,-0.9957799773941574,0.09177274443369057,15.5011036,0.0005186699999999999
2024-08-26 10:17:22.677211+00:00,51.6391,-0.5398099168356235,0.8417869407907902,0.0006373,-0.9936378740980613,0.1126222675934267,15.50103175,0.00036164000000000004
2024-08-26 11:30:28.149421+00:00,51.6389,-0.5434455230569233,0.8394444373926049,0.0006501,-0.9925397692168653,0.1219213128330397,15.50105378,0.00039001000000000004
2024-08-26 16:33:35.054798+00:00,51.6414,-0.5586067516913575,0.8294326355797859,0.0006445,-0.9944846152682364,0.10488255333842664,15.50158039,0.0020108
2024-08-26 18:09:53.300141+00:00,51.63980000000001,-0.5633732070616416,0.8262025354385453,0.0006193,-0.9999925274013047,-0.003865894663711727,15.50149878,0.001276
2024-08-27 03:18:21.480768+00:00,51.64,-0.5902788677581937,0.8071993918965158,0.0006022,-0.9999016447659127,-0.014025006040018315,15.50157211,0.00073255
2024-08-27 04:54:56.150766+00:00,51.6401,-0.5950528535438067,0.8036865691856329,0.0006415,-0.988719290327071,0.14978038902050275,15.50153086,0.00047304000000000004
2024-08-27 08:05:23.233343+00:00,51.6405,-0.6042014403641791,0.7968316129910078,0.0006393,-0.9893207215352652,0.1457549654075028,15.50159888,0.00047262
2024-08-27 12:15:48.932933+00:00,51.6389,-0.6160753671534787,0.7876872107548188,0.0006496,-0.9812879595002275,0.19254594397150968,15.501525359999999,0.00042656
2024-08-27 12:36:42.780085+00:00,51.641,-0.6171155327004961,0.7868725559452324,0.0005709,-0.9952129123154965,0.09773054364172927,15.50147074,0.0005498100000000001
2024-08-27 17:30:05.142827+00:00,51.6444,-0.6309994676552837,0.7757832634304176,0.0006576,-0.9996103099458058,-0.027914660127791178,15.50094903,-0.005581399999999999
2024-08-28 00:53:45.458022+00:00,51.6393,-0.6513134006496769,0.758808838993164,0.0006301,-0.9749284669963578,0.22251850314104596,15.50177998,0.00040054
2024-08-28 07:10:39.160712+00:00,51.6405,-0.6683598096591308,0.7438381308002504,0.0006385,-0.974514737144278,0.22432348759908896,15.50201229,0.00044364
2024-08-28 10:25:58.124063+00:00,51.6373,-0.6768631222617824,0.7361089007219186,0.0012215,-0.8201099331872544,0.5722059921807854,15.490202730000002,-0.007013800000000001
2024-08-28 16:07:23.996934+00:00,51.6397,-0.6918785884461643,0.7220138633362542,0.0011184,-0.9217894135976346,0.38769095550364485,15.49051054,0.00045129999999999997
2024-08-28 16:42:24.865643+00:00,51.6393,-0.6933402033924594,0.7206104095554706,0.0011308,-0.9237619370136667,0.38296720972526943,15.49086953,0.001557
2024-08-29 04:30:35.018800+00:00,51.6396,-0.7233565099899067,0.6904747348420665,0.001114,-0.9094307241825383,0.4158554531478743,15.49078115,0.00042798000000000006
2024-08-29 09:29:17.114227+00:00,51.6414,-0.7356420929724989,0.6773704385689128,0.0011375,-0.9134282880185338,0.4069997084120952,15.49085741,0.00043496
2024-08-29 12:52:26.368329+00:00,51.6417,-0.7438217994672249,0.6683779848538844,0.0011244,-0.9075049527189654,0.4200413798550666,15.490961770000002,0.00047571
2024-08-29 15:20:51.669010+00:00,51.6394,-0.7497196622040734,0.661755565223754,0.0011173,-0.8978831737445717,0.4402338086816769,15.49095057,0.00038495
2024-08-29 15:45:57.384279+00:00,51.6415,-0.7507501495306349,0.6605862646011718,0.0011238,-0.9067086372305371,0.42175756919294566,15.491026620000001,0.00047784
2024-08-29 17:15:06.255367+00:00,51.6404,-0.754282320773425,0.6565502117649921,0.0011096,-0.902851852265967,0.42995177969152826,15.491432760000002,0.0015586
2024-08-30 03:44:01.361171+00:00,51.6391,-0.7784590149720705,0.6276954373011754,0.0011165,-0.8830442612624418,0.46928971078798265,15.49122651,0.00042204000000000005
2024-08-30 10:24:08.754630+00:00,51.6412,-0.7933331525615649,0.608787737267045,0.0011312,-0.8832211165610474,0.4689567776039245,15.49136267,0.00043471
2024-08-30 11:28:29.665614+00:00,51.6393,-0.7956289291166165,0.6057842909425318,0.0011174,-0.8723842668208168,0.488820714581027,15.49136485,0.00045096000000000003
2024-08-30 12:05:43.160077+00:00,51.6414,-0.7970245514159826,0.6039469053154852,0.0011247,-0.8838799405279154,0.46771385561298995,15.4913958,0.00043380000000000003
2024-08-30 16:07:10.489142+00:00,51.6389,-0.8056430095680726,0.5924013345141101,0.0011172,-0.8673218754977507,0.4977476913889849,15.491467389999999,0.00048273
2024-08-30 16:46:26.674189+00:00,51.6411,-0.8070571966100177,0.5904732689969793,0.0011218,-0.8685441623534816,0.49561178158079433,15.49149104,0.00043508
2024-08-31 04:30:18.946668+00:00,51.639,-0.8312377929091607,0.5559170186633139,0.0011112,-0.8521765678104314,0.5232543332594898,15.49175809,0.0006186399999999999
2024-08-31 12:51:37.276702+00:00,51.6414,-0.8476010761059077,0.5306339753390346,0.0011347,-0.855509790947399,0.5177866332700543,15.492011939999998,0.00086941
2024-08-31 15:20:33.321131+00:00,51.63880000000001,-0.8522797486100075,0.5230862549420146,0.0011212,-0.8260343591775868,0.5636197631897532,15.49188276,0.00041761
2024-08-31 15:47:23.021392+00:00,51.6431,-0.8531968699067891,0.5215890155872318,0.0011093,-0.8991258426808617,0.43769020896454863,15.49204979,0.00098257
2024-09-01 00:56:14.528266+00:00,51.6412,-0.8698791587087461,0.49326488750382796,0.0011041,-0.8452179972010678,0.5344216848214672,15.492045609999998,0.00017235000000000002
2024-09-01 04:08:31.984214+00:00,51.6411,-0.8755058546555962,0.48320751076920776,0.00112,-0.8058290781761714,0.5921482050684117,15.4921488,0.00041777
2024-09-01 08:49:01.268268+00:00,51.641,-0.8835066036035938,0.4684187030732677,0.0011185,-0.7971014932393363,0.6038453522845235,15.492232569999999,0.00041563
2024-09-01 11:28:06.993397+00:00,51.63880000000001,-0.887890874001583,0.4600541227559048,0.0011164,-0.7954597312094831,0.6060064488304864,15.49230024,0.00043830999999999997
2024-09-01 12:04:35.510595+00:00,51.6415,-0.888906834278451,0.4580880264458595,0.0011336,-0.783031707791479,0.6219817879915455,15.492519989999998,0.001368
2024-09-01 14:33:53.537766+00:00,51.6387,-0.8929648027109144,0.45012649457619996,0.0011165,-0.7914049418627458,0.611292252523475,15.49235886,0.00042527
2024-09-01 15:08:41.704794+00:00,51.6424,-0.8939141919761227,0.44823812575870403,0.0011287,-0.7940073749547562,0.6079081250628727,15.49251583,0.00055409
2024-09-02 01:45:51.893851+00:00,51.6414,-0.9103748173603488,0.4137845960353184,0.001104,-0.7734608989345082,0.6338440169469319,15.492691870000002,0.0005815200000000001
2024-09-02 04:57:20.935577+00:00,51.6408,-0.9151046985079558,0.40321630766706756,0.0011139,-0.7657392065325342,0.6431512011797264,15.49262444,0.00041534
2024-09-02 09:32:17.906205+00:00,51.6411,-0.9216310010090012,0.3880673884509576,0.0011141,-0.7576640930703463,0.652644713509494,15.492707480000002,0.00041391
2024-09-02 12:14:18.341673+00:00,51.6383,-0.9253229263633134,0.37918001258826156,0.0011176,-0.7497104222802274,0.6617660332205053,15.492731690000001,0.00037405
2024-09-02 12:53:18.919402+00:00,51.6413,-0.9262506217007964,0.3769081927988409,0.001113,-0.750652141324371,0.6606976333582076,15.49277771,0.00041626
2024-09-02 15:57:43.306863+00:00,51.6412,-0.9303644659988728,0.36663600533312624,0.0011115,-0.7456365160275253,0.6663528989704585,15.49283872,0.00041687
2024-09-03 01:01:48.309598+00:00,51.6406,-0.9418071940405867,0.33615355011273756,0.0011,-0.7217070731901337,0.6921985990359493,15.49295868,0.00029036000000000003
2024-09-03 03:43:09.181651+00:00,51.6378,-0.9450065788756075,0.3270513199511972,0.0011127,-0.7234745997720124,0.6903510002054942,15.493006439999998,0.00038632
2024-09-03 05:45:50.444358+00:00,51.6404,-0.9473925459388501,0.32007399753729393,0.0011069,-0.7133678776163286,0.7007897482021087,15.493032330000002,0.00036976
2024-09-03 07:08:41.370725+00:00,51.6399,-0.9489696248308245,0.31536748587710206,0.0010784,-0.7142516171218758,0.6998890108001307,15.49307337,0.00040434
2024-09-03 11:27:34.240889+00:00,51.6377,-0.9537473860380797,0.3006092540583707,0.0011159,-0.7051628257939864,0.7090454069509512,15.493155669999998,0.0004289
2024-09-03 13:41:33.912108+00:00,51.6399,-0.9561397819938313,0.2929107667682921,0.0010794,-0.6975653925184819,0.7165211254112025,15.49321263,0.00041945
2024-09-03 22:17:44.883729+00:00,51.6377,-0.9647455357378079,0.2631844434497793,0.001117,-0.6850825552879677,0.7284654366818707,15.49336358,0.00045656
2024-09-03 22:32:36.449644+00:00,51.6401,-0.9649899483542393,0.26228686504528287,0.0011385,-0.6880861329525361,0.7256290192918312,15.49316293,-0.00018069
2024-09-04 00:10:08.378675+00:00,51.6393,-0.9665056542037865,0.2566453202225019,0.0010936,-0.675438351868252,0.7374164582008592,15.493492729999998,0.00053265
2024-09-04 04:57:26.225872+00:00,51.64,-0.9707893910176002,0.23993323714666337,0.0011053,-0.6580562590527295,0.7529687642402751,15.493498799999998,0.00041027
2024-09-04 09:41:18.125645+00:00,51.64,-0.9747362508328516,0.22335899648842447,0.0011049,-0.6501922729728108,0.7597697073235086,15.493579200000001,0.00040448000000000003
2024-09-04 12:53:17.707217+00:00,51.6405,-0.9772481380284894,0.21209921433105447,0.0011127,-0.6431231349399731,0.7657627787408978,15.4936415,0.00039929
2024-09-04 13:46:33.412515+00:00,51.63750000000001,-0.977903441325949,0.20905707221442268,0.0011189,-0.6510736569558521,0.7590145540226046,15.49368367,0.00049295
2024-09-04 14:22:09.489201+00:00,51.6408,-0.9783597334765542,0.20691116913227683,0.0011614,-0.6350123439399696,0.7725019890225951,15.49387191,0.0009955
2024-09-05 03:42:28.091509+00:00,51.6376,-0.9871560697110957,0.15975886214086024,0.0011088,-0.6253502569255727,0.7803441908306361,15.49395792,0.00044276
2024-09-05 05:46:28.434416+00:00,51.641,-0.9883288305297231,0.15233555968239942,0.0011585,-0.5982812476916757,0.8012861839945151,15.494001589999998,0.00044768000000000005
2024-09-05 10:18:00.961051+00:00,51.6403,-0.9906811613135957,0.13620145600670105,0.0011188,-0.5967109753379352,0.8024562367576503,15.4940401,0.00039821
2024-09-05 11:55:36.485195+00:00,51.6406,-0.9914608007571925,0.1304050634059385,0.0011181,-0.5916614699033966,0.8061865200012662,15.49407151,0.00039838000000000004
2024-09-05 12:59:44.045657+00:00,51.6376,-0.9919442642625673,0.12667508277713466,0.0011156,-0.6021355674954099,0.7983938616729094,15.49414298,0.00042446000000000004
2024-09-05 13:25:26.112851+00:00,51.6404,-0.9921479160614982,0.12507003100193992,0.0011054,-0.5927654570645594,0.8053751380015676,15.49412367,0.00041180000000000003
2024-09-06 07:58:11.278253+00:00,51.6575,-0.9982061313552386,0.05987085538730948,0.0008326,-0.9811590307961598,0.19320185373629392,15.48559576,-0.0070057
2024-09-06 12:13:24.581876+00:00,51.6366,-0.9990557435573312,0.043446763574611365,0.0007702,-0.6320915171589486,0.7748937436421194,15.48614008,0.00042158
2024-09-06 12:38:28.862873+00:00,51.6407,-0.9991189522236849,0.041968074859899215,0.0007289,-0.6868896598631744,0.7267617182908388,15.486320700000002,0.00087835
2024-09-06 13:46:20.106894+00:00,51.6365,-0.9992817553378535,0.03789424031298646,0.000779,-0.6183151236288739,0.7859302818264546,15.486177969999998,0.0004587
2024-09-06 14:25:09.494099+00:00,51.6378,-0.9993680194864293,0.0355466120435127,0.0007776,-0.6230267191091802,0.7822005543823468,15.486521489999998,0.0013481
2024-09-07 05:35:21.325340+00:00,51.6408,-0.9998198434333057,-0.01898106100828229,0.0007083,-0.6222673760670561,0.7828047730326004,15.48658227,0.00055
2024-09-07 11:27:15.515423+00:00,51.6364,-0.9991973342439227,-0.04005854765014094,0.0007669,-0.5770767732090585,0.8166899030982451,15.486754050000002,0.0005913100000000001
2024-09-07 12:09:52.905293+00:00,51.6389,-0.9990919395708316,-0.04260629395516345,0.0007056,-0.5935579534088229,0.8047912499183435,15.48680455,0.00060758
2024-09-07 21:00:42.912299+00:00,51.6387,-0.9972295810496613,-0.07438523159550521,0.0007566,-0.6046950347585981,0.7964571017564587,15.48678487,-0.00013069
2024-09-08 01:48:47.354979+00:00,51.6336,-0.9957986969501548,-0.09156940074268148,0.0007132,-0.5165422956462611,0.8562616754290072,15.486419139999999,-0.005208000000000001
2024-09-08 02:56:27.672002+00:00,51.6366,-0.9954194213278456,-0.09560426582186153,0.0007664,-0.5446097595577192,0.8386895789232649,15.48713374,0.00053686
2024-09-08 06:26:03.526381+00:00,51.6371,-0.9941477591293282,-0.10802885271137228,0.0006148,-0.5307878182637035,0.8475047445193788,15.48694454,0.00013767
2024-09-08 11:20:44.292761+00:00,51.63720000000001,-0.9920752777596462,-0.12564490939994694,0.0007441,-0.5137494041472892,0.8579402949729691,15.48753613,0.0012850000000000001
2024-09-08 12:13:58.316716+00:00,51.6368,-0.9916709375908578,-0.12879732737005462,0.0007677,-0.5242460267132045,0.8515668520294917,15.487366609999999,0.00055776
2024-09-08 12:40:48.029087+00:00,51.6387,-0.9914557928313353,-0.1304431326716291,0.0007279,-0.5295062470643678,0.8483060381252798,15.48740152,0.00056519
2024-09-08 12:49:46.183601+00:00,51.6376,-0.9913900997125905,-0.1309414762092589,0.0007486,-0.5078796917517883,0.8614280113312479,15.48757061,0.0011675000000000001
2024-09-08 19:58:33.437296+00:00,51.637,-0.9876989864633017,-0.15636723486512935,0.0007636,-0.5097863549236883,0.8603010358784996,15.487569289999998,0.0005697100000000001
2024-09-08 20:13:15.665100+00:00,51.639,-0.9875558418617268,-0.15726874834109916,0.0007392,-0.5588730873614906,0.8292532015150956,15.487449560000002,8.256700000000001e-05
2024-09-09 01:02:11.776700+00:00,51.6364,-0.9847017977614211,-0.17424801142459403,0.0006837,-0.45697063177597247,0.8894817826657658,15.487140080000001,-0.0038414
2024-09-09 05:39:02.979378+00:00,51.6332,-0.9816315125137663,-0.19078672291314022,0.0008277,-0.43769805530105504,0.8991220230790005,15.48738211,-0.00067549
2024-09-09 08:58:11.421993+00:00,51.638,-0.9793122595945954,-0.2023548818480238,0.0008051,-0.4358014130108659,0.900042848100985,15.488080570000001,0.0014188
2024-09-09 11:27:42.568143+00:00,51.637,-0.9774612380192812,-0.21111496434363466,0.0007651,-0.46730191421920353,0.8840978005668084,15.487980930000003,0.0005654900000000001
2024-09-09 12:02:29.230934+00:00,51.6407,-0.9769964698288548,-0.21325547576077772,0.0007637,-0.5162807413102884,0.856419404352855,15.488164929999998,0.0005933199999999999
2024-09-09 21:02:56.776108+00:00,51.6395,-0.9695826313749688,-0.24476421498248327,0.0007834,-0.43668717303379806,0.8996134241482558,15.488156299999998,0.00023421
2024-09-10 01:34:25.433764+00:00,51.6348,-0.9654844512047833,-0.2604606966162044,0.0007741,-0.41775766120425645,0.9085584937169151,15.48769288,-0.0046421000000000006
2024-09-10 04:56:17.741754+00:00,51.6365,-0.9622659756657147,-0.2721106247027305,0.0008132,-0.4204214777794721,0.9073289265871142,15.4883417,0.00061796
2024-09-10 09:45:38.440226+00:00,51.6371,-0.9574067247192796,-0.2887427288475012,0.00076,-0.40097748471799,0.9160879088544036,15.48877351,0.0013757
2024-09-10 12:14:18.123931+00:00,51.6368,-0.9547940106386497,-0.29726822441788525,0.0007605,-0.40203407403694486,0.9156247065873967,15.48862784,0.0005424200000000001
2024-09-10 12:51:57.028596+00:00,51.6383,-0.9541097565229066,-0.29945712966600047,0.0007486,-0.37897166886039285,0.9254082743314805,15.48867092,0.00058531
2024-09-10 21:31:45.550275+00:00,51.6368,-0.9443292941586172,-0.3290017996818374,0.0007595,-0.3788909103109164,0.9254413423247122,15.48884105,0.00051039
2024-09-11 01:04:13.687968+00:00,51.6381,-0.9400621719592656,-0.3410030980082559,0.000714,-0.32068738331799806,0.9471850939392233,15.48896645,0.00058385
2024-09-11 05:44:51.320841+00:00,51.6365,-0.9341808125063263,-0.35679995732205466,0.0007207,-0.3530927723783644,0.935588314427965,15.4892699,0.0024761
2024-09-11 08:59:40.389806+00:00,51.638,-0.9299601246321575,-0.36766039573789033,0.0007319,-0.3344730897914634,0.9424053014522741,15.48928288,0.0013474000000000001
2024-09-11 11:27:55.884103+00:00,51.6363,-0.9266671180710752,-0.3758830300583521,0.0007618,-0.3458288490627888,0.9382976111852288,15.48914954,0.00050262
2024-09-11 11:55:58.068783+00:00,51.6378,-0.9260162558354057,-0.377483633987722,0.0007196,-0.31776805686170967,0.9481684776654059,15.48916975,0.00050544
2024-09-11 19:12:27.798344+00:00,51.6363,-0.9158385898049064,-0.40154660678949883,0.0007547,-0.3297483157640526,0.9440688789758779,15.489358130000001,0.0005687600000000001
2024-09-12 04:29:53.674667+00:00,51.6363,-0.9019124489522868,-0.4319188979714693,0.0007555,-0.3043655839860805,0.9525552956573241,15.48957029,0.00054398
2024-09-12 04:53:21.130641+00:00,51.6379,-0.901266911201577,-0.4332643012909888,0.0007473,-0.2687180904223986,0.9632188681082506,15.48958395,0.0005311000000000001
2024-09-12 10:41:30.728259+00:00,51.6363,-0.8920658527328243,-0.4519054263759829,0.0007605,-0.2905101429492275,0.9568719124541275,15.48984641,0.0009087800000000001
2024-09-12 11:03:37.152285+00:00,51.6374,-0.8914355861543714,-0.45314743267242763,0.0007861,-0.2574110788211145,0.9663019903219437,15.489725820000002,0.00054603
2024-09-12 12:39:42.078248+00:00,51.6377,-0.8887964755044876,-0.4583021112004622,0.0007474,-0.2510997624872725,0.9679612126933782,15.489785169999998,0.00054116
2024-09-12 19:58:55.606639+00:00,51.6364,-0.8764613455093511,-0.48147223162705655,0.0007518,-0.268270879817661,0.9633435187106716,15.49004202,0.0007036200000000001
2024-09-13 03:43:25.949293+00:00,51.6365,-0.8627079086370292,-0.505702545351636,0.0007488,-0.24734232126753125,0.9689281583842991,15.49025232,0.0006677499999999999
2024-09-13 07:27:26.783410+00:00,51.638,-0.8557907181415293,-0.5173221885274258,0.0007773,-0.19391246790095107,0.9810188350855261,15.490331849999999,0.0006231499999999999
2024-09-13 10:29:51.862003+00:00,51.6389,-0.8500931285415182,-0.5266323886797069,0.0007302,-0.20591043100861842,0.9785708428120291,15.49035216,0.00054381
2024-09-13 19:12:25.569227+00:00,51.6363,-0.8332157070734995,-0.552948085706071,0.0007553,-0.1981842677494359,0.9801647800327351,15.49062284,0.0005353700000000001
2024-09-14 04:29:48.686764+00:00,51.6361,-0.8142675181335819,-0.5804898008686947,0.0007532,-0.1664348849439976,0.986052447425429,15.49087105,0.00059922
2024-09-14 09:42:26.416242+00:00,51.6381,-0.8032189679382549,-0.5956838839050497,0.0007651,-0.1365057649826501,0.9906392764909443,15.491029449999997,0.0005904700000000001
2024-09-14 10:41:23.932037+00:00,51.636,-0.8011431059961881,-0.5984728262125028,0.0007592,-0.15495351006305474,0.9879217629545058,15.49097114,0.00053872
2024-09-14 11:18:59.840340+00:00,51.63880000000001,-0.79973286073498,-0.6003560205916529,0.0007368,-0.13797525717981873,0.9904356760568366,15.49101969,0.00055655
2024-09-14 20:19:47.501196+00:00,51.6384,-0.7799249018408955,-0.6258731081365212,0.0007193,-0.08346565804430219,0.9965106541965477,15.49128767,0.0006519700000000001
2024-09-15 00:58:12.885017+00:00,51.63590000000001,-0.7693426941309415,-0.6388363006180415,0.0007613,-0.08821455415347665,0.9961014970551462,15.49088255,-0.00036841
2024-09-15 03:43:14.763918+00:00,51.636,-0.7629877043480395,-0.6464129972499847,0.0007522,-0.11116539787330146,0.9938019190541295,15.49127291,0.00042972
2024-09-15 09:03:17.622705+00:00,51.6367,-0.7504203150221636,-0.6609609298604849,0.0007496,-0.07883317922681957,0.9968878221008581,15.49161729,0.0012292
2024-09-15 09:54:49.283426+00:00,51.63590000000001,-0.7483957123998562,-0.6632524840975054,0.0007538,-0.09979733067355337,0.9950077852913681,15.49142116,0.00048268000000000003
2024-09-15 10:31:44.689997+00:00,51.6384,-0.7468540974946974,-0.6649879375262238,0.000744,-0.06201884567501494,0.9980749785367523,15.491574950000002,0.00054753
2024-09-15 19:12:10.774940+00:00,51.636,-0.7258043325125085,-0.6879012072282414,0.0007474,-0.07438523159550527,0.9972295810496613,15.491595160000001,0.00048172
2024-09-15 19:31:07.923349+00:00,51.6381,-0.7249862018326202,-0.6887633898170773,0.0007649,-0.032171337974571335,0.9994823685352964,15.49164473,0.00046311000000000003
2024-09-16 00:18:32.304970+00:00,51.6354,-0.713013084689385,-0.7011507263504245,0.0007131,0.005387805333963002,0.9999854856715088,15.490926189999998,-0.0030612
2024-09-16 03:20:23.390306+00:00,51.6391,-0.7053236849412612,-0.7088853923314266,0.0006897,-0.0418407777376613,0.9991242912262256,15.491725000000002,-0.002151
2024-09-16 04:29:31.856077+00:00,51.6364,-0.7024127347314095,-0.7117698715786883,0.0007498,-0.049440721458476715,0.9987770597393921,15.49175822,0.00044129
2024-09-16 08:19:49.552322+00:00,51.6377,-0.6924605536428503,-0.7214557378305596,0.0007548,-0.00612955794959388,0.9999812140832159,15.49200405,0.001045
2024-09-16 09:08:12.237201+00:00,51.6364,-0.6904179204250838,-0.7234107375177,0.0007505,-0.03910111275092282,0.9992352590764798,15.49186029,0.00045171
2024-09-16 11:06:34.278341+00:00,51.6381,-0.6852007875820534,-0.7283542274861413,0.0007718,0.007595599867118724,0.9999711530152551,15.49193229,0.00044588
2024-09-16 17:07:57.346770+00:00,51.6378,-0.6692615962345294,-0.7430268607564666,0.0007591,0.020459067281883084,0.9997906913779281,15.49201529,0.00042311
2024-09-16 19:58:26.069965+00:00,51.6367,-0.6616757425063747,-0.749790111817059,0.0007406,-0.012415953277823518,0.9999229190813674,15.492081069999998,0.00045228
2024-09-16 20:20:37.366063+00:00,51.6363,-0.6605456441421953,-0.7507858895882182,0.0007739,-0.0357751047495828,0.999359866054344,15.49233013,0.0014358
2024-09-17 01:08:30.151675+00:00,51.6377,-0.6474923294544628,-0.7620719672692556,0.0007556,0.042269748877525076,0.9991062347567605,15.4919268,-0.00044612000000000005
2024-09-17 04:14:17.381173+00:00,51.6389,-0.6390175549850768,-0.7691921505195528,0.0007644,0.03926155974267521,0.9992289677178962,15.492243359999998,0.00045147
2024-09-17 08:21:32.736393+00:00,51.637,-0.6276139138221807,-0.7785247428160549,0.0007439,0.022490161690511212,0.9997470643253396,15.492458890000002,0.0008284700000000001
2024-09-17 08:56:21.078797+00:00,51.6382,-0.6259193887098743,-0.779887760409828,0.0007547,0.059135631506402865,0.9982499572183006,15.492339590000002,0.0004315
2024-09-17 20:44:38.217391+00:00,51.63720000000001,-0.5922916522647059,-0.8057236490618509,0.0007375,0.0532021763021178,0.9985837613524057,15.492692110000002,0.00053158
2024-09-17 21:08:41.589043+00:00,51.636900000000004,-0.5911365108424644,-0.8065715253770102,0.0007438,0.06674757876275446,0.9977698936775502,15.49266273,0.00040562
2024-09-18 00:22:00.179884+00:00,51.6365,-0.5817241250439565,-0.8133861581941527,0.0007621,0.057461222979166685,0.99834773894357,15.492596330000001,0.00019488
2024-09-18 03:26:48.807729+00:00,51.638,-0.5726181520907063,-0.819822207491493,0.0007521,0.09136431520398015,0.9958175344445928,15.492838069999998,0.0005252099999999999
2024-09-18 04:29:03.814064+00:00,51.6374,-0.569628155847962,-0.8219025271072294,0.0007496,0.08219246718325406,0.9966164750486165,15.49287744,0.00051239
2024-09-18 08:08:44.561762+00:00,51.6381,-0.5587341368098556,-0.8293468299591827,0.0007583,0.09178664813612868,0.9957786959078481,15.49317117,0.0011749
2024-09-18 09:07:43.038325+00:00,51.6373,-0.5558125578524998,-0.8313076449386603,0.0007508,0.09001030621658467,0.9959408339729808,15.492962360000002,0.00046099000000000004
2024-09-18 19:57:54.272149+00:00,51.63720000000001,-0.5229702244106762,-0.8523509514160508,0.0007387,0.1207086060582063,0.9926879834184983,15.493110059999998,0.00037415
2024-09-19 03:42:19.193187+00:00,51.6374,-0.49903837849308375,-0.8665798848294332,0.0007409,0.1420692056583164,0.9898567274124145,15.493231919999998,0.0003957
2024-09-19 08:49:10.839650+00:00,51.6384,-0.4829752307794276,-0.8756340139884692,0.0007224,0.19404088130448804,0.9809934435981607,15.49330945,0.0003543
2024-09-19 12:59:36.791502+00:00,51.6373,-0.46979206696955045,-0.8827771031310664,0.0007398,0.1622582930099911,0.9867483196588094,15.49337467,0.00038444
2024-09-19 19:11:08.279242+00:00,51.6373,-0.4499955742615452,-0.8930307851048709,0.0007421,0.17808781146222244,0.9840145991846848,15.493515299999999,0.00041610999999999997
2024-09-20 00:13:49.386448+00:00,51.639,-0.4336040401155385,-0.9011035103668626,0.0007492,0.2237910883918927,0.9746371369675856,15.49371327,0.00045255
2024-09-20 04:28:25.290032+00:00,51.63750000000001,-0.4198956561062592,-0.9075723871863303,0.0007386,0.20133949521829583,0.9795215197560704,15.493643400000002,0.00037402999999999997
2024-09-20 07:34:10.884014+00:00,51.63750000000001,-0.4097495038834454,-0.9121980837884227,0.0007442,0.20930625289279203,0.9778501380579636,15.493700230000002,0.00037589000000000003
2024-09-20 08:09:48.013923+00:00,51.6387,-0.4077568291888951,-0.9130905586248378,0.0007518,0.2395774081432093,0.9708772659339501,15.49370925,0.00036189
2024-09-20 19:57:12.828681+00:00,51.63720000000001,-0.3686940744726285,-0.9295507944425478,0.0007401,0.24062955202359143,0.9706170298799243,15.493922810000003,0.00038561000000000004
2024-09-21 00:58:23.954601+00:00,51.63880000000001,-0.35175832667441764,-0.9360908500862583,0.0007373,0.29281230727039176,0.9561699392424914,15.49407957,0.00040825000000000003
2024-09-21 03:41:36.255822+00:00,51.63750000000001,-0.34266625117766536,-0.9394572051476561,0.0007352,0.25923037111913183,0.9658155179377877,15.494042400000001,0.00038244
2024-09-21 06:47:21.550831+00:00,51.6373,-0.3321611318837034,-0.943222657947601,0.0007335,0.2699417387811811,0.9628766575547424,15.49408433,0.00034785
2024-09-21 08:44:54.252388+00:00,51.6393,-0.32547408909622183,-0.9455509596668943,0.0007456,0.2546694601276316,0.9670281619882125,15.494308980000001,0.00076562
2024-09-21 13:42:51.740332+00:00,51.639,-0.3084708341368275,-0.9512338011692656,0.0007524,0.30637157194725956,0.9519120021843223,15.494202950000002,0.00035959
2024-09-21 20:53:44.774314+00:00,51.6383,-0.283869750746916,-0.9588628497396715,0.0007538,0.30490751706456903,0.9523819643596363,15.494380220000002,0.00057308
2024-09-22 04:27:37.564401+00:00,51.6374,-0.2576488696575049,-0.966238614403404,0.0007417,0.32370770397519394,0.9461571340887878,15.494487369999998,0.00038919
2024-09-22 05:13:21.021900+00:00,51.6387,-0.25497156076894634,-0.9669485525088951,0.0007316,0.2908758641009991,0.9567608017072486,15.49479876,0.0013411
2024-09-22 09:33:06.128635+00:00,51.63980000000001,-0.23988748950798902,-0.9708006965271267,0.0007144,0.33280966953093805,0.9429940211192793,15.494802839999998,0.00074589
2024-09-22 12:11:59.955660+00:00,51.637,-0.23063908055373947,-0.9730393694611362,0.0007383,0.3423153395862046,0.939585125618739,15.49462232,0.00039322
2024-09-22 12:55:58.400814+00:00,51.6393,-0.2279821239267857,-0.9736653178427542,0.000744,0.3688692841184523,0.9294812807334747,15.494610660000001,0.00036467
2024-09-22 14:31:06.231089+00:00,51.6393,-0.22241981087312523,-0.9749509873481658,0.0007425,0.37206293166721355,0.928207506368699,15.49463686,0.00036446
2024-09-22 19:56:22.131752+00:00,51.6368,-0.20344182236157746,-0.9790870364345554,0.0007361,0.3638560660263377,0.9314551858333483,15.494752459999999,0.0003928
2024-09-22 20:07:08.910903+00:00,51.6381,-0.2028095131651156,-0.9792182092719318,0.0007529,0.2954529463877306,0.9553572925721605,15.494577980000003,0.00015382000000000001
2024-09-23 01:03:47.476805+00:00,51.6374,-0.18532532260523255,-0.982677223100885,0.0007642,0.2856348441299241,0.9583385288189523,15.49527377,0.0034866999999999997
2024-09-23 03:40:44.079762+00:00,51.6368,-0.1760969477147451,-0.9843728282543918,0.0007395,0.37999059351794406,0.9249903506728493,15.49489115,0.00044491
2024-09-23 04:19:26.224037+00:00,51.6386,-0.17379771246326317,-0.9847813742869719,0.0007344,0.34774252706478115,0.9375900676044941,15.495236789999998,0.0016470000000000002
2024-09-23 06:46:28.786362+00:00,51.6365,-0.1651112970616056,-0.9862749411713928,0.0007372,0.38616364850827356,0.9224302881902667,15.49495169,0.00046302
2024-09-23 08:45:19.253097+00:00,51.63850000000001,-0.15805811143666212,-0.9874298118899771,0.000709,0.4043882911835426,0.914587398750745,15.495234319999998,0.0009305400000000001
2024-09-23 17:36:34.788672+00:00,51.6365,-0.12651580436544899,-0.9919645917298477,0.0007296,0.4114093697543822,0.9114506736397214,15.495263049999998,0.00067081
2024-09-23 19:17:40.721853+00:00,51.6379,-0.12041059903507478,-0.9927241750053307,0.000755,0.4415684921669389,0.8972275445645971,15.495145669999998,0.00036955
2024-09-24 00:15:50.980599+00:00,51.6376,-0.10263107962894191,-0.9947194888480861,0.0007563,0.44872795324277265,0.8936684082916616,15.495249560000001,0.00037483
2024-09-24 04:26:39.945120+00:00,51.6368,-0.08773471101485354,-0.996143875393078,0.0007298,0.43693523564347786,0.8994929682066328,15.4955059,0.0005389199999999999
2024-09-24 05:02:00.527704+00:00,51.63880000000001,-0.0855699497812581,-0.9963321653416761,0.0006693,0.44103755532265204,0.8974886488390917,15.49576867,0.00088952
2024-09-24 05:59:32.066898+00:00,51.6367,-0.08218724891046682,-0.996616905393707,0.0007297,0.43717698621175977,0.8993754959563902,15.49555539,0.0005556
2024-09-24 06:35:05.465184+00:00,51.63880000000001,-0.08003017156892528,-0.996792441603892,0.0006708,0.43533480576192607,0.9002686304055174,15.4956267,3.4588000000000007e-06
2024-09-24 19:55:20.365239+00:00,51.6367,-0.03209807200398601,-0.9994847241322035,0.0007268,0.46708278794097075,0.8842135880030855,15.49597991,0.0006121
2024-09-24 20:13:47.032622+00:00,51.6391,-0.030906603840951754,-0.999522276809786,0.0007367,0.4981230577858459,0.8671063483230179,15.49573618,0.00041308
2024-09-25 01:22:13.000239+00:00,51.639,-0.01247354468297121,-0.9999222023152811,0.0007027,0.49323755920067064,0.8698946546529441,15.496123770000002,0.00060866
2024-09-25 03:39:39.957117+00:00,51.6368,-0.004235901427123256,-0.9999910285293062,0.0007265,0.4883425454957329,0.8726520258721389,15.496248759999999,0.0007096400000000001
2024-09-25 04:08:41.603997+00:00,51.64,-0.002539451332236036,-0.9999967755882672,0.0006737,0.47459832142470776,0.880202495622939,15.496440199999999,0.0009828900000000002
2024-09-25 05:47:22.690166+00:00,51.6403,0.003378951002072988,-0.9999942913287684,0.0006693,0.47436940514786324,0.880325887077997,15.49639069,0.00042867000000000003
2024-09-25 12:07:54.302315+00:00,51.6396,0.02633048434158806,-0.9996532926941908,0.0006945,0.5832336038813202,0.8123044769688317,15.496206850000002,0.00046094
2024-09-25 17:59:19.000624+00:00,51.6387,0.0473714445900671,-0.9988773429392871,0.0007198,0.517380439155328,0.8557555031546334,15.496704149999998,0.00067913
2024-09-25 20:41:09.447371+00:00,51.6368,0.05704651600173688,-0.9983715215349762,0.0007257,0.528411663229408,0.8489882885900905,15.496779380000001,0.00067014
2024-09-26 03:19:43.405248+00:00,51.6382,0.08090522531278356,-0.9967217989575063,0.0007169,0.5497155397914794,0.8353519170456021,15.496999550000002,0.00069072
2024-09-26 04:25:27.577337+00:00,51.6367,0.08484131627031645,-0.9963944756237462,0.0007203,0.5445599897573755,0.8387218952402798,15.49704268,0.00070308
2024-09-26 06:35:51.504282+00:00,51.6389,0.09263474004428388,-0.99570015814849,0.0006594,0.5970134518019873,0.8022312250015429,15.49706506,-2.4046000000000003e-05
2024-09-26 10:36:53.824912+00:00,51.6368,0.10702763665124598,-0.9942560459926049,0.0007236,0.5572350808143354,0.8303547824332929,15.497180490000002,0.0005824399999999999
2024-09-26 15:35:47.699233+00:00,51.6387,0.12482240476555914,-0.9921791003989869,0.0007608,0.5780285431655741,0.8160165459633059,15.497361220000002,0.0006306
2024-09-26 18:31:11.785140+00:00,51.6384,0.13531784983712006,-0.9908022403665924,0.0007265,0.5840839271913768,0.8116932708829724,15.49743525,0.00064976
2024-09-26 19:54:02.801387+00:00,51.6366,0.1401996622181969,-0.9901232522842313,0.0007236,0.5745325077679373,0.8184817637051452,15.497405380000002,0.00053678
2024-09-27 02:42:54.921029+00:00,51.6364,0.1643400708889795,-0.9864037414265039,0.0006557,0.5892386627970556,0.8079590325413398,15.49768038,0.00061543
2024-09-27 03:38:19.919611+00:00,51.6368,0.16772892282784543,-0.9858331544673321,0.00072,0.5852039577823669,0.8108861373804918,15.49756475,0.00049755
2024-09-27 05:11:11.297478+00:00,51.636900000000004,0.17320814402112059,-0.9848852414595107,0.0007212,0.5837495430588748,0.811933784848589,15.49760415,0.00048839
2024-09-27 05:47:59.424870+00:00,51.6367,0.1753632895265211,-0.9845037921137925,0.0007022,0.5812115243888327,0.8137525200683616,15.49778903,0.0008384000000000001
2024-09-27 14:47:43.543684+00:00,51.6366,0.20719461538127124,-0.9782997451481867,0.0006996,0.6294967036748575,0.7770031531869666,15.4979011,0.00055641
2024-09-27 17:43:51.653009+00:00,51.6386,0.21761859471292225,-0.9760338863150054,0.0007078,0.6601445771730493,0.7511385606058418,15.49806168,0.00062159
2024-09-27 19:06:53.129670+00:00,51.6371,0.22237897202654944,-0.9749603031920916,0.0007143,0.616618256251014,0.7872622981306541,15.49795776,0.00052626
2024-09-28 01:18:17.981840+00:00,51.63720000000001,0.24405679320038928,-0.9697609404862326,0.000719,0.6223766701665076,0.7827178804859707,15.49811197,0.00050151
2024-09-28 04:59:28.353112+00:00,51.6381,0.2569185829959214,-0.9664330508169554,0.0007109,0.6252835187191896,0.7803976686396166,15.498489840000001,0.0012752
2024-09-28 13:41:07.084050+00:00,51.637,0.287054581239432,-0.9579142275743974,0.000722,0.6487085141211401,0.761036966057985,15.498423849999998,0.00049607
2024-09-28 20:23:31.964070+00:00,51.6383,0.31018367592888857,-0.9506766470189758,0.0007122,0.6804523322467595,0.7327923468077062,15.498647,0.00055618
2024-09-28 21:25:22.361084+00:00,51.6373,0.3136444522725762,-0.9495404981140276,0.0007161,0.6623454971060594,0.7491985334097545,15.49858843,0.00048448999999999996
2024-09-29 00:49:41.558601+00:00,51.6374,0.32532885905596953,-0.9456009377455911,0.0007107,0.6765058814356725,0.7364372290853741,15.498801799999999,0.0011375
2024-09-29 03:36:46.358782+00:00,51.6374,0.3347362459529704,-0.9423118622013162,0.0007114,0.6669682251533434,0.7450861605450735,15.498699659999998,0.00042907000000000004
2024-09-29 04:02:20.460781+00:00,51.6376,0.3362423118564972,-0.9417755081320591,0.0007082,0.6772933985951227,0.7357130230052125,15.49897842,0.001136
2024-09-29 09:41:16.000209+00:00,51.6395,0.3553337413811743,-0.9347394996661138,0.000682,0.657425222565078,0.7535197918669806,15.49830582,-0.0013100999999999998
2024-09-29 12:53:51.918136+00:00,51.63720000000001,0.36607085801465084,-0.9305869797672958,0.0007071,0.6933565533455426,0.7205946779797848,15.49895374,0.00049267
2024-09-29 20:38:06.238749+00:00,51.6373,0.3918554454350783,-0.9200267984590864,0.0007109,0.7002155479258495,0.7139314998253701,15.499134970000002,0.00049605
2024-09-29 20:52:36.146764+00:00,51.6373,0.39273040160746386,-0.9196536476594002,0.0007203,0.7068339849452393,0.7073794722257871,15.49913454,0.0005171700000000001
2024-09-30 00:17:48.323917+00:00,51.6378,0.40405783977814275,-0.91473343773682,0.0007157,0.7248323125242369,0.6889253361001952,15.49923873,0.00053549
2024-09-30 04:59:46.421933+00:00,51.6394,0.4195043659798179,-0.9077533183215972,0.000705,0.7010275160676339,0.7131342241934847,15.4995622,0.00040333000000000003
2024-09-30 09:45:02.273172+00:00,51.6392,0.43493880484401043,-0.9004600135713211,0.0007232,0.7186131752255538,0.6954100260941365,15.49946976,0.00024831
2024-09-30 12:06:33.543349+00:00,51.6367,0.4425109546621822,-0.8967630985962592,0.0007188,0.7243860696302163,0.6893945329966632,15.499607909999998,0.0005637299999999999
2024-09-30 17:11:29.726588+00:00,51.6381,0.4589131923324661,-0.8884811094802325,0.0007421,0.7540657053409132,0.6567989890588376,15.499730310000002,0.0005696799999999999
2024-09-30 20:15:46.086613+00:00,51.6383,0.468711659197349,-0.8833512215039204,0.0007453,0.7512906270632023,0.6599715097540048,15.49976714,0.00051008
2024-09-30 21:23:37.401485+00:00,51.6367,0.4722477184979211,-0.881465877032973,0.0007211,0.7447112094135476,0.6673868552599843,15.49979003,0.00050746
2024-09-30 22:56:28.010416+00:00,51.6367,0.4771526249471246,-0.8788204438371178,0.0007175,0.7494181342967084,0.6620970170505533,15.499806019999998,0.00048165999999999997
2024-10-01 01:06:07.721267+00:00,51.6382,0.48405076776670364,-0.875039915789254,0.0007471,0.757130750980767,0.65326336642988,15.4998939,0.00053574
2024-10-01 02:43:20.294981+00:00,51.63880000000001,0.4891023696843294,-0.8722263880261669,0.000707,0.7410952755333396,0.671399875321826,15.50002848,0.00045562000000000006
2024-10-01 12:52:02.775940+00:00,51.63620000000001,0.5206207590045213,-0.8537880447122436,0.000714,0.7730514190816761,0.6343433640039178,15.50009885,0.00043781
2024-10-01 20:36:15.046272+00:00,51.63620000000001,0.5442130117116525,-0.8389470769266276,0.0007153,0.7815509599942688,0.6238414036692633,15.500265399999998,0.00045812
2024-10-01 20:59:21.435373+00:00,51.6386,0.5454409242194774,-0.8381492696331616,0.000743,0.7836555121049869,0.6211956522284028,15.50028681,0.00045228
2024-10-02 00:18:32.659183+00:00,51.6367,0.5554163975597117,-0.8315723812884794,0.0007211,0.8109566062776744,0.5851063003716478,15.500456629999999,0.0010801
2024-10-02 02:47:36.637747+00:00,51.6363,0.5627905008966637,-0.8265995718003261,0.0007077,0.7895138156433659,0.6137327878712797,15.500390919999997,0.00045958
2024-10-02 03:22:57.817350+00:00,51.63750000000001,0.5645939611811338,-0.8253688018078926,0.0007226,0.8012632110530576,0.5983120144313862,15.50060913,0.0010367
2024-10-02 08:58:29.999723+00:00,51.6382,0.5811007382493818,-0.8138316361545694,0.0007356,0.8135455297762769,0.5815012218224799,15.5007402,0.00083119
2024-10-02 12:22:46.136947+00:00,51.6389,0.5911013169578286,-0.8065973178053102,0.000753,0.8068561886704324,0.5907479079981779,15.500713759999998,0.00051044
2024-10-02 17:15:08.175171+00:00,51.63590000000001,0.6050077560972441,-0.7962195771658579,0.0007026,0.8780498048615868,0.4785692637252516,15.500168830000002,-0.0019259000000000001
2024-10-02 19:48:49.942654+00:00,51.6361,0.6123994255864347,-0.7905485080255386,0.0007054,0.813817436941986,0.5811206237341578,15.500817020000001,0.0005784599999999999
2024-10-03 02:00:10.714177+00:00,51.6357,0.6298736326821813,-0.7766976289726605,0.000707,0.817546119772956,0.5758631278734414,15.500921479999999,0.00044840000000000006
2024-10-03 02:35:10.407838+00:00,51.636900000000004,0.6315233206026322,-0.7753568826901746,0.0006627,0.8290697783791013,0.5591451534069019,15.50119066,0.00092694
2024-10-03 12:50:01.656098+00:00,51.6351,0.6597039730278343,-0.7515255604244545,0.0007073,0.8430611934890193,0.5378176494248496,15.50117029,0.00045744000000000004
2024-10-03 17:50:25.801143+00:00,51.63720000000001,0.6731983818213895,-0.7394619251273609,0.0006903,0.8590287027947758,0.5119274243237265,15.501290060000002,0.00043391999999999997
2024-10-03 20:34:11.935775+00:00,51.6355,0.6804011720318393,-0.7328398495562993,0.0007051,0.8532041525801526,0.5215771026607511,15.50137564,0.0005490699999999999
2024-10-03 22:07:01.942457+00:00,51.6349,0.684470764759225,-0.7290403090295636,0.0007083,0.8549453698056182,0.5187180492791191,15.501425990000001,0.0005669199999999999
2024-10-04 00:16:35.577701+00:00,51.6367,0.690131258334249,-0.7236842172315119,0.000709,0.8523792455806103,0.5229241070207317,15.50175965,0.0016638
2024-10-04 02:45:31.867472+00:00,51.6353,0.6965655129128824,-0.7174931959401518,0.0007066,0.8602253980835741,0.5099139775412678,15.501529770000001,0.00051423
2024-10-04 03:22:33.664232+00:00,51.636900000000004,0.6981816628972853,-0.7159206419666787,0.0007041,0.8559189033094411,0.5171100762483396,15.50181475,0.00095948
2024-10-04 08:52:48.999642+00:00,51.636900000000004,0.7122502740211974,-0.7019255994453608,0.000744,0.8576747685838688,0.5141925625041721,15.50176286,0.0006639199999999999
2024-10-04 12:26:36.253824+00:00,51.6341,0.7212744273597131,-0.6926494065809324,0.0007303,0.9640750081454699,0.2656301539157633,15.489401839999998,-0.054276000000000005
2024-10-04 20:09:23.893635+00:00,51.63980000000001,0.7400502937256676,-0.6725515316736356,0.0008529,0.7193652604145344,0.6946320048117054,15.49204776,0.0013195000000000001
2024-10-04 21:19:59.117937+00:00,51.63620000000001,0.7429462577216243,-0.6693510724107595,0.0009188,0.6165042051323296,0.7873516146259907,15.491996510000002,0.00042040000000000003
2024-10-04 23:19:00.666326+00:00,51.6386,0.7477158120985891,-0.6640188734800746,0.0009409,0.6115477541599161,0.7912075229558695,15.492236139999997,0.0012858
2024-10-05 01:58:39.086994+00:00,51.6363,0.7540542419211803,-0.6568121498881351,0.0009101,0.630001049955401,0.7765942808539684,15.4922045,0.00065567
2024-10-05 02:35:41.908411+00:00,51.6399,0.7555025400256306,-0.6551457181534658,0.0008969,0.5832208441604806,0.8123136382806437,15.492366510000002,0.00059395
2024-10-05 11:15:58.866065+00:00,51.6363,0.7755783804157103,-0.6312512778852364,0.0009147,0.6399983974292367,0.7683762433131368,15.492421620000002,0.0005976900000000001
2024-10-05 19:00:24.829906+00:00,51.6361,0.792864339658104,-0.6093981776297979,0.0009172,0.6483019740403059,0.7613833137490226,15.492630480000003,0.00056846
2024-10-05 19:28:10.844848+00:00,51.639,0.7938757923816181,-0.608079950557867,0.0009287,0.6368334358094138,0.771001410527359,15.492656560000002,0.00060201
2024-10-06 00:18:13.422232+00:00,51.6363,0.8043953366283434,-0.5940943884691843,0.0008885,0.6545877715719794,0.7559860113179542,15.493180280000002,0.0019895
2024-10-06 01:47:15.369198+00:00,51.637,0.8075309987801842,-0.5898251317204771,0.0008819,0.6456989421877738,0.7635920874770704,15.492846570000001,-0.00023593
2024-10-06 09:11:24.531632+00:00,51.6367,0.8229817304354917,-0.5680678404639746,0.0009364,0.6477250608857655,0.7618741664478008,15.49286146,0.00015581000000000001
2024-10-06 10:29:15.754575+00:00,51.6366,0.8255668168889331,-0.5643043778422022,0.0009156,0.670802080787194,0.7416364125442944,15.493025960000002,0.0005302400000000001
2024-10-06 13:47:11.310157+00:00,51.6391,0.832246459184114,-0.554405836166526,0.000928,0.6723642235818703,0.7402204744852365,15.49313621,0.00057278
2024-10-06 19:46:33.723557+00:00,51.63750000000001,0.843963004201954,-0.5364013865925521,0.000917,0.6856722657595211,0.7279103955626712,15.493244529999998,0.00055114
2024-10-06 20:17:44.602366+00:00,51.639,0.8450080651299744,-0.534753559937002,0.0009158,0.6938431153596322,0.7201261912109851,15.49327299,0.00055265
2024-10-07 00:25:12.431989+00:00,51.6376,0.8528161188591489,-0.5222113244789106,0.0009157,0.6997069838602822,0.7144299382984638,15.493412350000002,0.00063098
2024-10-07 01:03:39.381979+00:00,51.6393,0.8540632476674668,-0.520169173426972,0.0009157,0.6765714303529217,0.7363770091673162,15.49362355,0.0010154
2024-10-07 08:05:13.999758+00:00,51.6389,0.8669280681328189,-0.4984332700407334,0.0008928,0.706998169041646,0.707215376651102,15.493246689999998,-0.0005229700000000001
2024-10-07 12:48:14.938270+00:00,51.636900000000004,0.8752510394760366,-0.48366891351017954,0.0008961,0.7306462635739596,0.682756206508159,15.493764929999998,0.0006015
2024-10-07 20:32:38.419887+00:00,51.63720000000001,0.8883825715898098,-0.4591039168810003,0.000916,0.7399141149915609,0.6727013471342652,15.49407274,0.0007134800000000001
2024-10-07 21:00:27.011239+00:00,51.6395,0.889178512660746,-0.457560457887724,0.0009275,0.7464698067080565,0.6654192871214636,15.49402728,0.00061564
2024-10-07 22:42:26.420815+00:00,51.6396,0.8919577720774359,-0.45211871541737464,0.0009286,0.7526850086466033,0.6583807999620453,15.49409041,0.0006280200000000001
2024-10-08 07:17:28.000337+00:00,51.6393,0.9054984516358253,-0.4243495659066035,0.0009462,0.7551330872636687,0.655571522047473,15.49463887,0.0010186000000000001
2024-10-08 12:01:23.927245+00:00,51.6367,0.9125738670740684,-0.40891189409636963,0.0009143,0.766200361341128,0.6426017478039762,15.494726729999998,0.0010007
2024-10-08 19:45:45.915850+00:00,51.636900000000004,0.923609467794566,-0.3833347766642605,0.0009172,0.776301714409314,0.6303615218310521,15.49487735,0.0007077
2024-10-08 20:18:41.528752+00:00,51.63850000000001,0.9243863301207489,-0.3814576158446621,0.0009438,0.7879333810823228,0.6157604948161087,15.494932189999998,0.00078433
2024-10-09 00:52:14.508204+00:00,51.6393,0.9305281876667058,-0.36622027791715195,0.0009369,0.7887140569821535,0.6147602266890339,15.49503736,0.00071462
2024-10-09 05:45:53.288640+00:00,51.636,0.936819412135778,-0.349813363160379,0.0008797,0.7961657211872114,0.6050786266316532,15.495010089999997,0.00012586
2024-10-09 13:00:16.333352+00:00,51.6395,0.9456117255391755,-0.3252975015625281,0.0008027,0.8763083616760842,0.4817506152114155,15.49541134,0.00068853
2024-10-09 17:49:44.787927+00:00,51.6382,0.9511460062202216,-0.3087414368874416,0.0008673,0.8286225548324742,0.5598077005748523,15.4954884,0.0006573400000000001
2024-10-09 20:31:41.582497+00:00,51.63750000000001,0.9540757780495143,-0.2995653680571471,0.0009181,0.8072982827391548,0.5901436119169737,15.49557004,0.00057525
2024-10-10 00:12:38.102989+00:00,51.6401,0.9579633120282893,-0.28689073322048997,0.0008859,0.8152733592210889,0.5790762900899685,15.49582131,0.00050515
2024-10-10 06:33:14.613964+00:00,51.64,0.9642694661802318,-0.2649233787201327,0.0008963,0.8304782769871139,0.55705101333048,15.49562618,-0.00010212
2024-10-10 12:00:21.976706+00:00,51.63750000000001,0.9692824426739008,-0.24595029238469338,0.0009123,0.8274100549474422,0.5615982558483161,15.49593536,0.00049244
2024-10-10 14:03:05.577401+00:00,51.63980000000001,0.9710797166827341,-0.23875548966962176,0.000843,0.8819360732783953,0.4713690302197261,15.49615403,0.00067055
2024-10-10 17:01:02.960243+00:00,51.6399,0.9735725257342995,-0.22837805747342868,0.0008448,0.8852605358892534,0.46509545643563527,15.49625084,0.00067208
2024-10-10 19:44:41.692139+00:00,51.63750000000001,0.9757588842313338,-0.2188483489625235,0.0009203,0.8391417385555459,0.5439128079149965,15.496346319999999,0.001043
2024-10-10 23:25:19.877667+00:00,51.6408,0.9785726396822604,-0.20590189135919298,0.0009107,0.8431344018489095,0.5377028737312843,15.49648577,0.0011889
2024-10-11 05:01:52.566813+00:00,51.63750000000001,0.9825303914501151,-0.1861022027727869,0.0009189,0.8523828962588006,0.5229181562782639,15.49687368,0.001559
2024-10-11 12:46:11.001787+00:00,51.637,0.9873336292835397,-0.15865782201263737,0.000928,0.8619744312135512,0.5069517530634202,15.49693204,0.0009186999999999999
2024-10-11 13:13:00.208709+00:00,51.63880000000001,0.9875931441025011,-0.15703433293944488,0.0008407,0.8918622715695705,0.4523070732928744,15.49679507,0.00064578
2024-10-11 17:48:09.213109+00:00,51.639,0.9900524096027045,-0.14069906268301433,0.0008472,0.8962194776166572,0.4436109195460883,15.49693494,0.0006451400000000001
2024-10-11 20:30:28.939117+00:00,51.63750000000001,0.9913706632440615,-0.1310885504497988,0.0009265,0.870840856990545,0.4915650534730608,15.497132089999997,0.00068512
2024-10-12 00:13:28.380849+00:00,51.638,0.9930370349054186,-0.11780257767236892,0.0009107,0.8735386981747433,0.48675470495021894,15.49749772,0.0010603
2024-10-12 04:14:46.511814+00:00,51.6377,0.9946380343192813,-0.1034175066682435,0.0009253,0.8800583255583907,0.4748656058458662,15.49732338,0.00055599
2024-10-12 11:59:03.795919+00:00,51.6376,0.997133469963919,-0.07566269277334896,0.0009173,0.8886260379305043,0.45863249417364005,15.497460270000001,0.00045741
2024-10-12 19:43:20.817422+00:00,51.638,0.9988547417576805,-0.047845635832301885,0.0009179,0.8966889425868522,0.442661202549391,15.497635440000002,0.00051475
2024-10-13 11:11:53.919456+00:00,51.6381,0.9999690066764293,0.007873098916903945,0.0009128,0.9099344892580565,0.4147520045264156,15.497968630000003,0.00050666
2024-10-13 20:29:01.294088+00:00,51.6377,0.9991459178155927,0.04132111944801082,0.0009119,0.9121072376102453,0.40995168873784077,15.49812774,0.00046498000000000004
2024-10-13 21:08:38.904568+00:00,51.63850000000001,0.9990427323198275,0.04374493112274079,0.0009168,0.9359157630694075,0.35222391236003364,15.498148939999998,0.00043967
2024-10-13 22:37:01.734827+00:00,51.6386,0.9987966548564694,0.049043269135801745,0.000919,0.9367412397033748,0.3500226418947561,15.498185270000002,0.00044322000000000003
2024-10-14 02:40:25.914716+00:00,51.63750000000001,0.997974219118166,0.06361963514110171,0.0009091,0.9193771863190493,0.3933771590675646,15.49824857,0.00042431
2024-10-14 04:07:12.999931+00:00,51.641,0.9976291109073018,0.06881974331764476,0.0008258,0.9440826906127949,0.32970877041004787,15.49745034,-0.00244
2024-10-14 09:13:31.971656+00:00,51.63750000000001,0.996196675336398,0.08713313978451163,0.0009245,0.9682768618575295,0.24987980869076795,15.498146409999999,-0.0049859
2024-10-14 12:25:21.960201+00:00,51.6401,0.995127935715622,0.09859204612120116,0.0009014,0.9389273973499037,0.34411530408532537,15.498404409999997,0.00032061000000000004
2024-10-14 17:06:57.412796+00:00,51.63750000000001,0.9933074097634442,0.1155006047994425,0.0009377,0.9224707220951108,0.38606704971717654,15.4984059,0.00034833
2024-10-14 19:41:47.917544+00:00,51.6377,0.9922028287697545,0.1246336494743578,0.0009136,0.932119158282717,0.3621517289235538,15.49857439,0.00043794
2024-10-15 04:10:06.728741+00:00,51.6391,0.987927712013898,0.1549155764763011,0.0009246,0.9477182963060234,0.3191081804761644,15.49875993,0.00042626
2024-10-15 08:25:54.702061+00:00,51.6391,0.9854369970876194,0.17004095027649974,0.0009495,0.9297186495483156,0.36827059709140003,15.49883461,0.00044906000000000004
2024-10-15 11:10:17.744158+00:00,51.6373,0.9837154564858206,0.1797328591852185,0.0009138,0.9502045570372403,0.3116268598591304,15.498847809999997,0.00041381
2024-10-15 14:41:48.420686+00:00,51.63980000000001,0.9813433680606098,0.19226334534553988,0.0009508,0.955559208727694,0.2947992513825356,15.498999330000002,0.00044196000000000003
2024-10-15 16:17:57.586255+00:00,51.63880000000001,0.9802149036804442,0.19793620841760504,0.0009257,0.9598361470894542,0.280561171120438,15.498941870000001,0.00039753
2024-10-15 20:27:23.141090+00:00,51.6376,0.9771592083861452,0.21250854445448059,0.000912,0.9548821698677005,0.2969849182513347,15.49902575,0.00043198
2024-10-16 03:22:41.155119+00:00,51.6392,0.9715400253494725,0.23687545069919394,0.0009469,0.9538166161270997,0.30038951845869893,15.499126670000003,0.00037943
2024-10-16 07:37:19.896950+00:00,51.6386,0.9677953428875387,0.2517383051607193,0.0009361,0.9672677527758767,0.2537579445848057,15.49927186,0.00041482000000000004
2024-10-16 13:41:23.877602+00:00,51.6389,0.9620624403204778,0.27282936228457333,0.0009485,0.9707022244500603,0.24028564552986684,15.49936866,0.00040796
2024-10-16 19:40:04.971934+00:00,51.638,0.9559949884859353,0.2933829953998293,0.000915,0.9702129117659481,0.2422538045988971,15.499474280000001,0.00045295000000000003
2024-10-16 20:19:55.441326+00:00,51.63880000000001,0.9552525530894564,0.2957914126814286,0.0009488,0.9751779601277724,0.22142255097671695,15.499487259999999,0.00040405000000000004
2024-10-16 21:49:49.585152+00:00,51.6386,0.9536429207513882,0.30094049195939304,0.0009467,0.9750839637992021,0.22183611865887914,15.49951158,0.00040277000000000005
2024-10-17 04:57:08.980422+00:00,51.6384,0.9456452178490691,0.32520012601348525,0.0009135,0.9758508508550987,0.21843790166859772,15.49966283,0.00044173000000000004
2024-10-17 08:25:28.953981+00:00,51.638,0.9415117217406879,0.336980233581861,0.0009287,0.9715238994983261,0.23694158078219688,15.499811230000002,0.00065144
2024-10-17 12:41:22.028339+00:00,51.6383,0.9362141932356196,0.35142991390059247,0.000921,0.9790841957554073,0.2034554929757054,15.499812609999998,0.0004176
2024-10-17 20:25:34.842140+00:00,51.6384,0.9260570980739052,0.37738342717578044,0.0009214,0.9819283369274002,0.1892531139479349,15.499943850000001,0.00040103000000000003
2024-10-17 21:00:39.033785+00:00,51.6402,0.9252547466332364,0.37934635075701667,0.0009422,0.9855315163538113,0.1694922720166241,15.50011718,0.00083585
2024-10-18 04:25:13.842348+00:00,51.6406,0.9148004204896043,0.40390616567718196,0.0009556,0.9894275528154671,0.1450279894696052,15.50023784,0.00060154
2024-10-18 09:10:33.215233+00:00,51.6391,0.9077584434665393,0.41949327564956945,0.0009419,0.9900938672200225,0.140407030070793,15.500034900000001,-0.00016007
2024-10-18 13:55:46.821784+00:00,51.6399,0.9003711787617481,0.4351226728810855,0.000957,0.9893403006624264,0.14562200893127317,15.50029357,0.00040549000000000005
2024-10-18 17:06:58.735581+00:00,51.6394,0.8953148502834796,0.44543385464271856,0.0009561,0.9898956195840077,0.14179796306151018,15.5003611,0.00040825000000000003
2024-10-18 19:38:11.634146+00:00,51.63880000000001,0.8912971385687195,0.45341968503717706,0.0009242,0.991069284847003,0.1333479382399674,15.50043695,0.00055742
2024-10-19 01:49:33.055395+00:00,51.6389,0.8809642503584962,0.4731828289258738,0.0009212,0.992867422456806,0.1192236613427811,15.50055711,0.00059519
2024-10-19 07:21:55.848974+00:00,51.6352,0.8714253569629191,0.4905281309385313,0.0009638,0.9970698665414538,0.07649628249142196,15.500118669999999,-0.0036926
2024-10-19 08:12:02.894704+00:00,51.6329,0.8699273654934577,0.493179864517614,0.0009132,0.9962324807683341,0.08672280128184642,15.50032711,-0.0022749
2024-10-19 12:39:25.142109+00:00,51.639,0.861833715186778,0.5071909377811828,0.0009223,0.9961008811771045,0.08822150825165004,15.50078089,0.00064401
2024-10-19 13:05:03.658287+00:00,51.6399,0.861015543646482,0.5085786405258808,0.0009173,0.9966908019788018,0.08128619348236764,15.50070795,0.00038707000000000005
2024-10-19 14:12:15.389868+00:00,51.63880000000001,0.858991174246675,0.5119903930410398,0.0009235,0.9963916616313044,0.08487435791573357,15.50081524,0.00065913
2024-10-19 17:54:19.474267+00:00,51.63980000000001,0.8520788350838284,0.5234134683041562,0.0009222,0.9976785772988793,0.06809887222916476,15.500843619999998,0.00051103
2024-10-19 20:23:36.326388+00:00,51.6391,0.847368535900112,0.5310052394906295,0.0009157,0.9966569506527635,0.08170020021722656,15.50088491,0.00054725
2024-10-20 02:29:53.999817+00:00,51.6402,0.8354075599729323,0.5496309750551469,0.0009426,0.9988446990838822,0.04805483442931422,15.50099278,0.00040362
2024-10-20 09:04:51.947320+00:00,51.63980000000001,0.822140066689883,0.5692852630651479,0.0009428,0.9996328721526815,0.027094665744031618,15.50110631,0.00039975
2024-10-20 11:51:57.907865+00:00,51.6395,0.8164652381055549,0.5773945920817405,0.0009185,0.9991789826659626,0.040513708773844415,15.50119665,0.0006183800000000001
2024-10-20 12:16:47.753174+00:00,51.6394,0.8155734212757855,0.578653604938663,0.0009165,0.9999490284574747,0.010096558173574827,15.50106864,0.0003115
2024-10-20 17:10:31.995820+00:00,51.6403,0.8052302740356917,0.592962229637272,0.0009314,0.99991903579133,-0.01272485214597369,15.501200800000001,0.00036274
2024-10-20 19:36:08.341353+00:00,51.6393,0.8000544263281644,0.5999274247046154,0.0009126,0.9996986687637179,0.024547335335024383,15.501274440000001,0.00049303
2024-10-20 20:12:55.651408+00:00,51.6411,0.7986544162297344,0.6017899329805559,0.0009323,0.999875175238499,-0.0157998082830452,15.501294449999998,0.00039075
2024-10-21 08:11:59.625319+00:00,51.6411,0.7719220234333536,0.6357172246671922,0.000933,0.999518872408963,-0.031016506868363432,15.50150813,0.00038776
2024-10-21 12:37:18.376030+00:00,51.6395,0.7617678898063516,0.6478500459674124,0.0009091,0.9998353624440923,-0.018145192374027643,15.50157106,0.00040985
2024-10-21 12:53:28.595310+00:00,51.641,0.7610664027329945,0.6486739786911907,0.0009334,0.9987560013612509,-0.049864313340154044,15.501581150000002,0.00038288
2024-10-21 16:08:26.486597+00:00,51.6412,0.7534211049605505,0.6575383172105054,0.0009341,0.9986751855019689,-0.0514574956892401,15.50164461,0.00038375999999999997
2024-10-21 18:48:38.099521+00:00,51.6396,0.7471407019428252,0.664665909687252,0.0009172,0.9995620837310681,-0.029591227875927068,15.50169657,0.00045986
2024-10-21 23:27:07.722144+00:00,51.6397,0.7359104024480441,0.677078931564672,0.0009127,0.9991799016356656,-0.0404910381114344,15.50175955,0.00035261
2024-10-22 00:52:46.000127+00:00,51.6412,0.7323088033288834,0.6809726988411642,0.0009623,0.9999853064552916,-0.005420966105468987,15.502037939999997,0.00083378
2024-10-22 09:01:46.968399+00:00,51.6405,0.7120713875720375,0.7021070708953394,0.0009214,0.9968588612731202,-0.07919855239370338,15.501885969999998,0.00033650000000000005
2024-10-22 13:22:36.240950+00:00,51.6395,0.7010275160676339,0.7131342241934847,0.0009137,0.9974793207751005,-0.07095776649560019,15.502009249999999,0.00036098000000000006
2024-10-22 13:46:21.325154+00:00,51.6414,0.699962556739481,0.7141795426660783,0.0009478,0.9973867177135,-0.07224773580321556,15.502036800000003,0.00040499000000000004
2024-10-22 19:33:55.246481+00:00,51.6395,0.6849477738888554,0.7285921678447425,0.0009124,0.9964449401193198,-0.0842465507341706,15.502164190000002,0.00040406999999999997
2024-10-23 01:43:59.000156+00:00,51.6417,0.6684974119199663,0.7437144682311263,0.0009332,0.9902393852003627,-0.13937704257878236,15.502248380000001,0.00037953
2024-10-23 08:06:48.820326+00:00,51.6411,0.6512736686189878,0.7588429406429007,0.0009522,0.9928171862518046,-0.11964127499759208,15.502437369999999,0.00042792000000000004
2024-10-23 12:35:01.515859+00:00,51.6392,0.6390027874381432,0.7692044186341387,0.0009105,0.9913101567411837,-0.13154532732776864,15.502535889999999,0.00041739
2024-10-23 12:59:36.915058+00:00,51.6408,0.6377708833329858,0.7702261358670343,0.0009281,0.9847063592262401,-0.17422223193210165,15.5024673,0.00038316
2024-10-23 17:37:58.452390+00:00,51.6414,0.6248557408655003,0.780740227673345,0.000945,0.9888981724001711,-0.1485947664744675,15.50263455,0.00042939
2024-10-23 18:46:19.762753+00:00,51.6393,0.6216906489638727,0.7832628785988002,0.0009084,0.9898968569669794,-0.14178932458720464,15.502700260000001,0.00044852
2024-10-24 04:56:32.319184+00:00,51.6366,0.5926923610944649,0.8054289323709873,0.0008927,0.9872187307520035,-0.15937119455034296,15.50286384,-2.8142000000000003e-05
2024-10-24 10:39:53.268196+00:00,51.6393,0.5758074779402809,0.8175853156387124,0.000896,0.9833229040316542,-0.18186826662932168,15.503144730000002,0.001585
2024-10-24 11:47:23.617258+00:00,51.6394,0.5725008157330146,0.8199041504865265,0.0009057,0.9839071872596135,-0.17868029230689061,15.50322567,0.00061573
2024-10-24 12:18:16.249254+00:00,51.6417,0.5709385548459474,0.8209927932633886,0.0009421,0.9810002163050283,-0.19400663805521606,15.503135120000001,0.00047486
2024-10-24 17:05:19.728112+00:00,51.642,0.5567117937038683,0.8307057112786824,0.0009267,0.9757306108737043,-0.21897437065562703,15.503337070000002,0.00054762
2024-10-25 03:33:23.283360+00:00,51.6406,0.525149380215572,0.8510100636650547,0.0008848,0.9815671905934792,-0.19111737323023398,15.503497969999998,-3.2768e-05
2024-10-25 11:22:52.684903+00:00,51.6386,0.5007646236499497,0.865583497821397,0.0009349,0.9604056025096542,-0.27860559697907744,15.503964179999999,0.0023242
2024-10-25 12:32:31.458053+00:00,51.63980000000001,0.4971693236291785,0.8676535389440333,0.0009075,0.9734787740448302,-0.2287773513356914,15.503834669999998,0.00048709999999999997
2024-10-25 13:18:20.000175+00:00,51.63880000000001,0.494789944573685,0.8690126067835666,0.0009307,0.9622360497228659,-0.2722164297277705,15.504240659999999,0.0025258000000000004
2024-10-25 16:01:12.818219+00:00,51.641,0.48620269805822774,0.8738460598989388,0.0009145,0.9679445569976124,-0.25116395955370663,15.503974900000001,0.00055036
2024-10-25 17:10:58.766868+00:00,51.6397,0.48258241690379894,0.8758505642489979,0.0009056,0.9722924535206153,-0.23376780109087333,15.503968170000002,0.0005139700000000001
2024-10-25 17:45:45.982664+00:00,51.6418,0.48067811283556994,0.876897115881239,0.0009257,0.9548987551453055,-0.2969315871071076,15.503917690000002,0.00050153
2024-10-25 23:22:14.928077+00:00,51.63980000000001,0.46291704710299336,0.886401606215515,0.0009054,0.9680133437751093,-0.25089871716159107,15.50414744,0.00053764
2024-10-26 05:45:01.421007+00:00,51.6433,0.4424702603880137,0.8967831781830898,0.0008785,0.9630987075713936,-0.2691484339064807,15.50416522,8.7527e-05
2024-10-26 09:02:12.318131+00:00,51.64,0.4318165764705787,0.9019614427929993,0.000923,0.9531605821802539,-0.30246471625265564,15.50445611,0.00061498
2024-10-26 12:15:01.982313+00:00,51.6423,0.42123685551000856,0.9069506665525089,0.0009237,0.930155707836614,-0.36716530225358635,15.50446956,0.00053567
2024-10-26 17:56:01.784836+00:00,51.6396,0.4025933222958693,0.9153789471266937,0.0009146,0.9555525196988922,-0.29482093225735884,15.50479226,0.0007258900000000001
2024-10-26 18:33:36.454160+00:00,51.6411,0.40046738146360816,0.9163110150945917,0.0009286,0.9379391826770019,-0.34679978315909826,15.5046856,0.00055457
2024-10-27 04:45:42.797662+00:00,51.6396,0.3665613097049863,0.9303938984254815,0.000912,0.9490186007706464,-0.3152200745373375,15.505207559999999,0.00079365
2024-10-27 04:51:19.304064+00:00,51.6411,0.36617805151039434,0.9305448052576786,0.0009347,0.9252527603677054,-0.3793511953743411,15.5049735,0.00055878
2024-10-27 08:11:31.252429+00:00,51.6405,0.35496990599005157,0.93487772774915,0.0009049,0.9339265004481097,-0.3574650916673502,15.505126189999999,0.00058038
2024-10-27 12:29:45.682368+00:00,51.6396,0.34048129718716463,0.9402512888934244,0.0009134,0.9422978399755497,-0.3347757171262774,15.505501810000002,0.0007807199999999999
2024-10-27 12:57:31.569409+00:00,51.6396,0.3388807831050847,0.9408293229072341,0.0009255,0.9451452012538651,-0.3266504990762922,15.50549,0.00074251
2024-10-27 17:08:11.147419+00:00,51.6396,0.32469999049805487,0.9458170627402337,0.0009103,0.9401900657480915,-0.34065031963671993,15.50572509,0.00084763
2024-10-27 17:45:00.323729+00:00,51.6403,0.3225382972800936,0.9465564150052853,0.0009136,0.9422604392905161,-0.3348809707165274,15.505467790000003,0.00060107
2024-10-27 23:16:53.999623+00:00,51.6403,0.30367888313122593,0.9527744412714749,0.0009448,0.942871976668024,-0.33315527252939153,15.506003989999998,0.00093319
2024-10-28 09:00:10.425893+00:00,51.6401,0.2700744986217288,0.9628394285623236,0.0009341,0.9263183631097779,-0.3767416756421058,15.50632685,0.0008018
2024-10-28 12:28:57.000274+00:00,51.6395,0.25794903722341456,0.9661585243610458,0.0008913,0.9219138693620655,-0.38739491152809996,15.50626309,0.00068236
2024-10-28 14:47:27.399857+00:00,51.63980000000001,0.24993050720614585,0.9682637768540547,0.0009076,0.9194485747300339,-0.39321027253482227,15.506551469999998,0.00080455
2024-10-28 15:26:40.027772+00:00,51.6392,0.24759090462688993,0.9688646675083359,0.0008998,0.9331989879344883,-0.3593600547056486,15.50637746,0.00068371
2024-10-28 20:58:39.845858+00:00,51.64,0.22826590845435246,0.9735988265386875,0.000906,0.912670902646096,-0.4086952696853249,15.50679178,0.0008079
2024-10-29 04:50:26.791012+00:00,51.6399,0.2005188226309138,0.9796898497844673,0.0009236,0.9099388324809985,-0.41474247569198563,15.507118539999999,0.0008089
2024-10-29 09:43:35.296013+00:00,51.6406,0.1832324877915641,0.9830696086329361,0.0009124,0.9093574037796972,-0.41601575954649683,15.50728255,0.0007921200000000001
2024-10-29 12:26:39.551694+00:00,51.64,0.1736344271397726,0.9848101775021636,0.0009035,0.8986348458637431,-0.438697405735943,15.50730671,0.00067338
2024-10-29 14:21:51.365099+00:00,51.6405,0.16680316436901094,0.9859902151423637,0.0008816,0.9106122678907455,-0.4132617784974473,15.507414799999998,0.0007413300000000001
2024-10-29 15:57:24.209843+00:00,51.6404,0.16112325566915942,0.9869342918769064,0.0008807,0.9093399769545384,-0.416053850255372,15.50747685,0.0007450400000000001
2024-10-30 04:19:21.664697+00:00,51.6402,0.11693421127827189,0.9931396630045185,0.0008809,0.8936793725171998,-0.4487061166702144,15.50789852,0.00072768
2024-10-30 05:27:25.052245+00:00,51.6399,0.1129136125894787,0.9936048088108235,0.0009004,0.8824439851435258,-0.4704174880720452,15.5078956,0.00068064
2024-10-30 08:52:51.842193+00:00,51.6397,0.10057356766238837,0.9949296243894132,0.0008755,0.8933439393253069,-0.4493735707301247,15.50799826,0.00068959
2024-10-30 11:38:35.625111+00:00,51.63980000000001,0.09071948716119202,0.9958764856392636,0.0009027,0.8763016350831369,-0.4817628507373943,15.508073039999998,0.00064793
2024-10-30 12:01:36.081997+00:00,51.6402,0.08925588227921474,0.9960087286156477,0.0009187,0.8853141051663499,-0.4649934786569647,15.5082347,0.00077383
2024-10-30 16:16:58.364247+00:00,51.6396,0.07404060935690596,0.9972552271941512,0.0008988,0.8719291588143732,-0.48963204757170414,15.50822734,0.00064957
2024-10-31 00:17:58.898392+00:00,51.6404,0.04516073742428533,0.9989797334257061,0.0008905,0.8783770216206179,-0.47796841725044187,15.508552540000002,0.00070609
2024-10-31 04:39:18.216565+00:00,51.6394,0.029481320105798663,0.9995653314140199,0.0009016,0.8559107804577635,-0.5171235209272367,15.508602870000002,0.00060315
2024-10-31 05:05:57.179890+00:00,51.6374,0.027808236373801174,0.9996132762172474,0.0009376,0.849833826157555,-0.5270507261340323,15.50795823,-0.0032391
2024-10-31 09:40:14.789275+00:00,51.63980000000001,0.0113234541895996,0.9999358876374105,0.0009166,0.8439620680036378,-0.5364028595850538,15.50905185,0.0030628
2024-10-31 12:23:15.130191+00:00,51.6393,0.0015934849327087612,0.9999987304020787,0.0008954,0.848294023791278,-0.5295254943815288,15.508811459999999,0.00058068
2024-10-31 13:56:02.456743+00:00,51.6392,-0.003984576138476686,0.9999920615449888,0.0008966,0.8460545608776069,-0.5330963140167073,15.508867580000002,0.00060166
2024-11-01 03:51:07.752099+00:00,51.6393,-0.0541729226084897,0.9985315690833488,0.0008951,0.8270472181192616,-0.5621324568117291,15.509268199999998,0.00060789
2024-11-01 04:17:01.631057+00:00,51.6357,-0.055795365855956125,0.9984422252434039,0.0008987,0.8316547698185859,-0.5552930252020053,15.508642960000001,-0.0038019
2024-11-01 10:28:50.718420+00:00,51.6392,-0.07804150110060226,0.9969501111419592,0.0009218,0.8110658608718679,-0.5849548438368347,15.509778409999997,0.002813
2024-11-01 11:35:03.500171+00:00,51.6394,-0.08200634739517706,0.9966318071318523,0.0008956,0.8163110242154401,-0.577612596594239,15.509443150000001,0.00053714
2024-11-01 12:11:38.003134+00:00,51.6411,-0.08425002898266098,0.9964446460373104,0.0009085,0.8112444873273023,-0.5847070905855876,15.50949482,0.00058358
2024-11-01 14:40:37.683270+00:00,51.6394,-0.09312479534504435,0.995654444318883,0.0008967,0.8114954571179678,-0.5843587280745455,15.50954753,0.00057242
2024-11-02 03:27:21.328695+00:00,51.6409,-0.13892767186482738,0.9903025305381274,0.0009766,0.7892898894723988,-0.6140207409987456,15.50983098,0.00039361
2024-11-02 04:35:40.746049+00:00,51.6394,-0.14298478647340437,0.9897248864392342,0.0008989,0.7909555607294694,-0.611873598834866,15.509907880000002,0.0004970300000000001
2024-11-02 11:10:19.459216+00:00,51.6416,-0.16654846892743527,0.9860332689610057,0.0008787,0.7676083067059308,-0.6409192519156011,15.51032387,0.0016982
2024-11-02 12:48:12.616698+00:00,51.6396,-0.17235719972088032,0.9850345149812653,0.0008991,0.7770646755002036,-0.6294207575936491,15.5102425,0.00060576
2024-11-02 14:27:19.747305+00:00,51.6411,-0.17818226926210537,0.9839974994483505,0.0009014,0.7722824983874023,-0.6352792635404622,15.51022808,0.0005748999999999999
2024-11-02 20:03:29.497247+00:00,51.6393,-0.197958448737334,0.9802104123980261,0.0008974,0.7707757308833506,-0.6371065630498847,15.51032557,0.00054826
2024-11-03 04:14:26.149060+00:00,51.6409,-0.2269147849956752,0.9739146165605927,0.0008981,0.7571717952340804,-0.6532157932123195,15.510582100000002,0.00056184
2024-11-03 08:54:46.272110+00:00,51.6408,-0.24324428262549647,0.969965060695491,0.0008834,0.759233824171374,-0.6508179470743807,15.510626469999998,0.0005022900000000001
2024-11-03 13:04:03.338960+00:00,51.639,-0.2577163252103002,0.9662206247643955,0.0008963,0.7436631291223204,-0.6685545231198418,15.51077012,0.00050413
2024-11-03 13:36:26.773037+00:00,51.6403,-0.2596416501224947,0.9657050344290787,0.0008851,0.7390775951430228,-0.6736202998407975,15.5108184,0.00055247
2024-11-03 15:14:02.919266+00:00,51.6403,-0.2653962607657245,0.9641394218532772,0.0009016,0.728080307994196,-0.6854918417538437,15.51088133,0.0005612000000000001
2024-11-03 19:15:09.520138+00:00,51.63880000000001,-0.2792173621619436,0.960227923290781,0.0008969,0.7330120170767525,-0.6802156884555595,15.511080300000001,0.0006906799999999999
2024-11-04 04:51:51.278986+00:00,51.6406,-0.3124725303974009,0.9499267959937994,0.0008988,0.6995573386587075,-0.7145764689162011,15.51126661,0.00056213
2024-11-04 09:13:24.249228+00:00,51.6406,-0.3273119044374561,0.944916354612156,0.000896,0.696752076374658,-0.717312026992161,15.51146575,0.0006135800000000001
2024-11-04 12:15:40.472629+00:00,51.63880000000001,-0.3375947364797723,0.9412915562678511,0.0008943,0.6996122121292865,-0.7145227446621739,15.511525429999999,0.00056785
2024-11-04 12:55:30.777870+00:00,51.6407,-0.3399117910966372,0.9404573218777533,0.000897,0.6919239525493979,-0.7219703898972717,15.51158419,0.00061651
2024-11-04 14:25:20.231035+00:00,51.6397,-0.34506887158724137,0.9385773670089791,0.0009122,0.6713908210848784,-0.741103478174926,15.511552740000003,0.00056879
2024-11-04 19:59:32.145205+00:00,51.63880000000001,-0.3637276325854414,0.93150534582137,0.0008917,0.682740903738855,-0.7306605630262601,15.511699470000002,0.0005124600000000001
2024-11-05 09:54:28.499028+00:00,51.6391,-0.41002650794828394,0.9120736060098088,0.0008856,0.664583753258509,-0.7472137812599773,15.51197974,0.00043945000000000003
2024-11-05 13:00:00.867734+00:00,51.639,-0.4201823414366515,0.9074396949355992,0.0008846,0.6593103847517523,-0.7518708775837086,15.512048470000002,0.00042568
2024-11-05 13:35:02.379249+00:00,51.6413,-0.4221800522472162,0.9065119985331346,0.0009023,0.6480733801259467,-0.7615778975076221,15.512088360000002,0.00047388000000000004
2024-11-05 13:36:12.282028+00:00,51.6395,-0.4223002928378297,0.9064559904755902,0.0008986,0.627314935521903,-0.7787656718623073,15.512192890000001,0.00056529
2024-11-06 00:10:55.389806+00:00,51.6411,-0.45654986982261503,0.8896978230640745,0.0009175,0.6105875667305046,-0.7919487504593473,15.51243639,0.0005323
2024-11-06 06:00:27.527913+00:00,51.6389,-0.4750591292957254,0.8799538758780413,0.0008863,0.6273815341506435,-0.7787120203302278,15.51258662,0.0005262400000000001
2024-11-06 10:38:45.443337+00:00,51.6391,-0.48973552675882803,0.8718710419725232,0.0008814,0.6179570439325108,-0.7862118619393839,15.512687339999998,0.00049672
2024-11-06 14:21:47.459789+00:00,51.6414,-0.5013823838442049,0.8652258116646212,0.0009256,0.5562927148139115,-0.8309864111072864,15.51272676,-0.00010365000000000001
2024-11-06 21:28:06.807064+00:00,51.6389,-0.5234134683041564,0.8520788350838283,0.0008815,0.595134206960177,-0.8036263284051122,15.512902579999999,0.00042035
2024-11-07 00:57:51.633231+00:00,51.6401,-0.5341472724989156,0.845391442635877,0.0008824,0.6503527103163346,-0.7596323796312252,15.512878029999998,0.00018519
2024-11-07 05:31:47.280595+00:00,51.6404,-0.5480275556288515,0.8364602789561894,0.0009028,0.5787190815045455,-0.8155269613584428,15.51308461,0.00046173
2024-11-07 08:50:54.966343+00:00,51.6407,-0.5579913540282068,0.829846762257809,0.0008957,0.5919583196297601,-0.8059685774402814,15.51312396,0.00041797000000000004
2024-11-07 12:55:45.064133+00:00,51.6387,-0.5701272534502049,0.8215563978652505,0.0008861,0.560714144626258,-0.8280094492311327,15.513181379999999,0.00038567
2024-11-07 13:32:53.826415+00:00,51.6406,-0.5719869734179814,0.8202627031873005,0.0008931,0.582989726537444,-0.812479525127739,15.513230420000001,0.00042568
2024-11-07 14:54:41.077730+00:00,51.6407,-0.5760172214551857,0.8174375576073365,0.000895,0.580188474176248,-0.8144822493050644,15.513252759999999,0.00041992
2024-11-07 20:39:33.780097+00:00,51.63880000000001,-0.5928343314913449,0.8053244410827293,0.0008882,0.5425910845318039,-0.8399969732008568,15.51332869,0.00039282
2024-11-08 00:38:42.585792+00:00,51.6405,-0.6043794391762508,0.7966966132104495,0.0008963,0.5596471597411266,-0.8287309916937402,15.513440190000003,0.00040917
2024-11-08 01:27:03.582449+00:00,51.6406,-0.6066990001445421,0.7949316468877138,0.0008983,0.5583809002344513,-0.829584697456121,15.513449690000002,0.00040463
2024-11-08 06:40:47.000044+00:00,51.6408,-0.6216017866085459,0.783333402125215,0.0009033,0.5400596562842187,-0.8416267389134994,15.513528660000002,0.00038969
2024-11-08 12:07:10.350632+00:00,51.63880000000001,-0.6368293988467386,0.7710047449688631,0.0008838,0.5121253167421821,-0.8589107403867526,15.51366755,0.00043833
2024-11-08 12:42:48.911312+00:00,51.6411,-0.6385139830683448,0.7696102217526724,0.0009126,0.5219374236903964,-0.8529837781291222,15.51367919,0.00041572
2024-11-09 00:54:09.059021+00:00,51.6382,-0.671534383607983,0.7409733946858323,0.0009355,0.43577156622014657,-0.9000572993282374,15.51191339,-0.0025406
2024-11-09 04:07:06.144969+00:00,51.6396,-0.680090302469245,0.7331283519870794,0.0010599,0.3658743239909529,-0.9306642676304723,15.51182438,-0.0014417
2024-11-09 08:37:13.206447+00:00,51.6405,-0.6921330961290262,0.7217698921698301,0.0008402,0.4013164187671344,-0.9159394805487544,15.51274625,0.0014809
2024-11-09 11:18:39.256424+00:00,51.6391,-0.6990782678359798,0.715045156224029,0.0008495,0.39878588175475327,-0.9170440668327144,15.512691019999998,0.00073535
2024-11-09 11:44:19.783092+00:00,51.6409,-0.7002093176715346,0.7139376103315778,0.0008473,0.38776496025137003,-0.9217582848020697,15.51285576,0.0012139
2024-11-09 20:35:14.839276+00:00,51.6391,-0.7226270178826365,0.6912381594111018,0.000848,0.37816718503071506,-0.9257373170429855,15.51286056,0.00054423
2024-11-10 01:40:57.554993+00:00,51.6408,-0.7352388207652704,0.6778081413200159,0.0008488,0.36464602328306367,-0.9311462171452168,15.513000729999998,0.0005655500000000001
2024-11-10 04:19:04.181670+00:00,51.639,-0.7416340709987882,0.6708046695825577,0.0008497,0.3611249641101982,-0.9325174316313921,15.51300168,0.00045635
2024-11-10 10:30:07.486541+00:00,51.63880000000001,-0.7564119928424762,0.6540954800975725,0.0008449,0.3470174965017542,-0.9378586551936571,15.51309008,0.00037529
2024-11-10 10:55:16.519595+00:00,51.6411,-0.7574362309335075,0.6529091484036981,0.0008478,0.34539320003005425,-0.9384580637263441,15.513200409999998,0.0005196300000000001
2024-11-10 18:12:26.999730+00:00,51.6407,-0.7743440535175999,0.6327647957827082,0.0008298,0.33196686921744606,-0.9432910461474587,15.513310419999998,0.00046052
2024-11-10 21:19:27.815230+00:00,51.63850000000001,-0.781389790241929,0.6240432642899643,0.0008496,0.32119650711285963,-0.9470125679305944,15.51331419,0.00041072
2024-11-10 21:39:46.304055+00:00,51.6407,-0.7821788061706553,0.6230540226797742,0.0008342,0.32330144064328287,-0.9462960311012499,15.51337974,0.00045412999999999996
2024-11-11 00:51:30.204884+00:00,51.6399,-0.7893113223587431,0.6139931892100207,0.0008443,0.3208543464696115,-0.9471285490109347,15.513412720000002,0.00043062
2024-11-11 05:03:16.307417+00:00,51.6386,-0.7984926378607273,0.6020045741372879,0.0008481,0.2959981423004492,-0.9551885152966837,15.51344621,0.00039278
2024-11-11 09:41:33.285410+00:00,51.6383,-0.808458551741168,0.5885531157988828,0.0008452,0.2921964478144393,-0.9563583198177468,15.513545349999998,0.00040876000000000004
2024-11-11 11:42:18.209661+00:00,51.6402,-0.8127470443964291,0.5826167194862065,0.0008447,0.28544750565191274,-0.9583943455160309,15.51363037,0.00042272
2024-11-11 19:13:55.901266+00:00,51.6402,-0.8282872786488208,0.5603036534135136,0.0008521,0.2736587439397397,-0.9618268512915015,15.51378358,0.00041805
2024-11-12 01:37:01.528311+00:00,51.6401,-0.8409795246304438,0.5410669451670032,0.0008516,0.2578967626391101,-0.9661724793328914,15.513886919999997,0.00040713
2024-11-12 05:47:25.801435+00:00,51.638,-0.8490030442963863,0.5283879547978628,0.0008444,0.2422690446377897,-0.9702091063323889,15.51387213,0.00033684
2024-11-12 08:52:56.822291+00:00,51.6381,-0.8548475785690729,0.518879193468569,0.0008408,0.23331977608994978,-0.9724000627752631,15.51392524,0.0003363
2024-11-12 09:32:00.271982+00:00,51.6401,-0.856087630332554,0.5168306968356198,0.0008549,0.25272293251803546,-0.9675386914121236,15.513988759999998,0.00037564
2024-11-12 18:11:14.000367+00:00,51.6399,-0.8718283011657093,0.4898116099956321,0.0008362,0.21023629345870595,-0.9776506026759995,15.514158250000001,0.00038307
2024-11-12 22:55:30.163858+00:00,51.6397,-0.8800931326608553,0.47480109292545025,0.00082,0.1882178808789478,-0.9821272979188789,15.51425645,0.00038755
2024-11-13 02:16:14.825866+00:00,51.63980000000001,-0.8857519579339548,0.4641588833752573,0.0008538,0.19626276068077486,-0.9805513391811572,15.5142668,0.00036187000000000003
2024-11-13 04:58:47.372726+00:00,51.6381,-0.8902215502814396,0.4555278162906305,0.0008389,0.18639200246957935,-0.9824754558844614,15.514301870000002,0.00034595
2024-11-13 09:37:03.429702+00:00,51.6381,-0.8977240660902894,0.44055817000972486,0.0008363,0.17327174477372473,-0.9848740541120318,15.51437269,0.00032023
2024-11-13 09:37:03.432277+00:00,51.6381,-0.8977240660902894,0.44055817000972486,0.000837,0.17250333063569726,-0.98500893443643,15.5143875,0.00035579
2024-11-13 22:09:49.223223+00:00,51.6128,-0.9167633469091542,0.39943080222226957,0.0013583,0.6446668283611625,-0.7644636553890312,15.48469507,-0.11407
2024-11-14 07:16:32.310355+00:00,51.63880000000001,-0.9293524644385052,0.3691937118127514,0.0007434,-0.6026844483880348,-0.7979796085560146,15.49777938,0.00043231000000000004
2024-11-14 09:30:27.705596+00:00,51.6334,-0.9330370753128677,0.3597802330473563,0.0006169,-0.011278078526731176,-0.999936400449921,15.485038780000002,-0.023699
2024-11-14 11:04:27.099268+00:00,51.6424,-0.934342005006669,0.3563776335295439,0.0007774,-0.6210575011518292,-0.7837650032140027,15.498005440000002,0.00059577
2024-11-14 15:00:48.797844+00:00,51.6387,-0.9392854425161395,0.3431367912032457,0.0007482,-0.6139711472403833,-0.7893284679753592,15.497857920000001,0.00030113000000000004
2024-11-14 18:23:02.152913+00:00,51.642,-0.9433941323097221,0.3316738022871064,0.0007822,-0.6124849675818668,-0.7904822354020612,15.49789762,0.00015631
2024-11-14 22:59:27.750057+00:00,51.6412,-0.9487486739735842,0.31603157062762827,0.000788,-0.6186771886572848,-0.7856452992509523,15.497831059999998,2.3337e-05
2024-11-15 05:00:22.836944+00:00,51.6413,-0.9553789478374949,0.29538291424678104,0.000817,-0.5908605606160037,-0.8067736968373113,15.49802113,0.00024466
2024-11-15 08:42:20.932117+00:00,51.6413,-0.9592286800784942,0.2826311011103873,0.0007936,-0.6069001562453439,-0.7947780824540754,15.498099509999998,0.00028188000000000003
2024-11-15 09:35:03.469339+00:00,51.6387,-0.9601269840962747,0.27956425810570246,0.0007434,-0.6540637950122814,-0.7564393908662692,15.498178059999999,0.00036172
2024-11-15 10:03:51.002797+00:00,51.6416,-0.9605993867584958,0.27793671610494697,0.0007839,-0.6165454299213583,-0.7873193334620251,15.49814552,0.00031097000000000004
2024-11-15 15:41:55.999951+00:00,51.6415,-0.9660467827706698,0.2583672067009245,0.0007831,-0.6285727372161721,-0.777750804582399,15.49822126,0.00030487
2024-11-15 21:57:52.556823+00:00,51.639,-0.9716366859249815,0.23647864716442937,0.0007401,-0.6796756194372889,-0.7335128167541025,15.498398639999998,0.00040113
2024-11-16 00:00:12.422583+00:00,51.6413,-0.9733436440343123,0.22935158734573008,0.0007688,-0.6518562260649405,-0.7583425746589553,15.498393490000002,0.00033712
2024-11-16 04:56:28.000036+00:00,51.6409,-0.9772747834857203,0.21197640803386245,0.000765,-0.6667575303474214,-0.7452747115829219,15.498457659999998,0.00032812000000000005
2024-11-16 05:42:07.913358+00:00,51.6393,-0.9778490421195822,0.2093113729012724,0.0007412,-0.6965730264458668,-0.7174859014838171,15.498489120000002,0.00034096
2024-11-16 09:13:53.988113+00:00,51.6413,-0.9804333276183278,0.1968514416895461,0.0007607,-0.682081325119216,-0.7312763266533482,15.49853668,0.00033492
2024-11-16 09:23:07.440593+00:00,51.6414,-0.9805417468024403,0.19631067922458806,0.0007607,-0.6816293784016986,-0.7316976086469833,15.49854462,0.00033810000000000003
2024-11-16 16:47:06.342129+00:00,51.641,-0.9854310609383671,0.17007534841323804,0.0007606,-0.695748587348918,-0.7182853911934901,15.49866249,0.00033800000000000003
2024-11-16 21:34:46.869308+00:00,51.6411,-0.9882222394052562,0.15302550619050564,0.0007591,-0.713414354183545,-0.7007424343115488,15.49876766,0.00035091
2024-11-17 02:15:22.521020+00:00,51.641,-0.9906607065447561,0.1363501540455479,0.0007583,-0.7199881247035386,-0.6939863833576864,15.49882713,0.00034302
2024-11-17 20:23:21.469056+00:00,51.6393,-0.9974442757641673,0.07144870009521323,0.0007338,-0.7661263338504473,-0.6426900034860299,15.499065630000002,0.0002909
2024-11-18 04:43:49.553174+00:00,51.6417,-0.9991431750977124,0.04138738522378357,0.0007265,-0.7829719982183954,-0.6220569507737158,15.499190460000001,0.00030201
2024-11-18 05:40:26.398560+00:00,51.6394,-0.9992755249244964,0.03805818291605772,0.0007335,-0.7823527651762539,-0.6228355728609835,15.49919217,0.00028693999999999996
2024-11-18 13:24:40.291494+00:00,51.6393,-0.9999480190655742,0.010196036819970734,0.0007348,-0.7941686189868638,-0.6076974614201524,15.49930498,0.00029752
2024-11-18 14:08:39.812361+00:00,51.6416,-0.9999718775332933,0.007499609492522666,0.0007224,-0.7993785588027287,-0.6008276955388062,15.49933395,0.00030793
2024-11-18 14:52:13.000239+00:00,51.6414,-0.9999882035780566,0.004857232208890215,0.0007302,-0.7962850406435987,-0.6049215933054649,15.49938616,0.00033173999999999996
2024-11-18 21:08:53.964957+00:00,51.6392,-0.9998438638373761,-0.017670538948953776,0.0007344,-0.8067355390449782,-0.590912658556075,15.4994402,0.00032819
2024-11-18 21:34:36.311248+00:00,51.6414,-0.9998135278070359,-0.01931086777049293,0.0007271,-0.804284375338417,-0.5942445991226949,15.499483949999998,0.00032942
2024-11-19 02:34:42.000388+00:00,51.6416,-0.9993028939426032,-0.037332641989798535,0.0007299,-0.806234019030247,-0.5915967431944966,15.49954355,0.00032418999999999997
2024-11-19 04:53:07.414643+00:00,51.6393,-0.998963352416182,-0.045521649019155445,0.0007362,-0.8187744599312214,-0.5741153052866093,15.49957044,0.00034966
2024-11-19 07:58:48.729227+00:00,51.6392,-0.998393550012428,-0.05665967961064861,0.0007361,-0.823245371536769,-0.5676857037510167,15.499630409999998,0.00036470999999999997
2024-11-19 11:31:26.156630+00:00,51.6414,-0.9975815504678761,-0.06950575635232156,0.0007422,-0.8205421307955945,-0.5715860491557029,15.4996559,0.00031423000000000003
2024-11-19 17:33:07.509007+00:00,51.6392,-0.9958450757708167,-0.09106363194501031,0.000736,-0.8375900211248511,-0.5462993286762042,15.4997968,0.00036470999999999997
2024-11-20 01:23:07.471961+00:00,51.6408,-0.9928674224568061,-0.119223661342781,0.0007793,-0.8780481343343671,-0.4785723286943544,15.495741190000002,-0.011832
2024-11-20 11:50:08.395886+00:00,51.639,-0.9876968030685509,-0.15638102572935178,0.00076,-0.9428737210520272,-0.3331503356586994,15.49737399,0.00039514
2024-11-20 14:57:00.000292+00:00,51.6423,-0.9858755705159719,-0.1674794299602401,0.0007574,-0.9309283931169358,-0.3652017618915878,15.49751346,0.00047816
2024-11-20 16:46:36.622274+00:00,51.63880000000001,-0.9847577050915495,-0.17393177473602936,0.0007559,-0.9225798431073975,-0.38580621183688824,15.49754585,0.00041566
2024-11-20 21:07:16.884172+00:00,51.6389,-0.9819174351018772,-0.189309668646244,0.000758,-0.9403973882089656,-0.34007756798965166,15.49757677,0.00042009
2024-11-21 03:06:33.436208+00:00,51.641,-0.9776032437268564,-0.2104564036914267,0.0007524,-0.9452967493629794,-0.3262116730648746,15.49759169,0.0002658
2024-11-21 04:44:52.580272+00:00,51.6413,-0.9763405619048158,-0.2162385423077687,0.0007521,-0.9444991362069609,-0.3285138987992817,15.49764331,0.00030213
2024-11-21 04:51:33.659408+00:00,51.63880000000001,-0.9762623748450044,-0.21659126358648934,0.0007551,-0.9493723060750254,-0.31415318629259226,15.49772682,0.00040786
2024-11-21 08:34:27.950011+00:00,51.6417,-0.9732675346513873,-0.22967434770476827,0.0007502,-0.9477828829480823,-0.3189163006034996,15.49771519,0.0003192
2024-11-21 17:14:23.920211+00:00,51.63850000000001,-0.9656352128814552,-0.25990120362050406,0.0007553,-0.9578375396939806,-0.2873103679872729,15.49798097,0.00042270000000000003
2024-11-21 20:20:06.390814+00:00,51.6384,-0.9626799383382187,-0.27064245106990026,0.0007535,-0.9616144971919096,-0.2744040065129348,15.49805834,0.00045559
2024-11-22 01:42:46.999581+00:00,51.6413,-0.9572443012702142,-0.2892807419889879,0.0007448,-0.9645546551327928,-0.26388315077257035,15.498138229999999,0.00041286000000000003
2024-11-22 03:56:01.125884+00:00,51.641,-0.9549003098623704,-0.29692658726484716,0.0007415,-0.9679344738501994,-0.25120281513617193,15.498194930000002,0.00042082999999999997
2024-11-22 04:04:22.294279+00:00,51.63850000000001,-0.9547665085145726,-0.297356543931511,0.0007566,-0.967233641421583,-0.25388793374704655,15.498231419999998,0.0005018700000000001
2024-11-22 07:47:18.384591+00:00,51.63850000000001,-0.9507085829645013,-0.3100857789025963,0.0007283,-0.9755076773845878,-0.21996538674011212,15.498575130000003,0.0011888
2024-11-22 13:17:01.999955+00:00,51.641,-0.9443597235910429,-0.3289144455007244,0.0007385,-0.9723894740584896,-0.23336390196483678,15.4983995,0.00043042000000000004
2024-11-22 13:21:28.966481+00:00,51.63850000000001,-0.9442867942642219,-0.32912376118748865,0.0007604,-0.9711484330600797,-0.23847582889037608,15.498416049999998,0.00045446
2024-11-22 14:10:11.291809+00:00,51.6411,-0.943302054067066,-0.3319355883192612,0.000741,-0.9729656548033854,-0.23094985294002557,15.49841944,0.0004317
2024-11-22 16:46:44.474294+00:00,51.6412,-0.9401377345258106,-0.34079471844598247,0.0007388,-0.9746995932259329,-0.2235189096367485,15.49848419,0.00043777
2024-11-22 21:05:44.202035+00:00,51.6384,-0.9347500422190078,-0.3553060069455104,0.0007595,-0.9757030860387496,-0.2190969828511121,15.49862814,0.00054621
2024-11-22 23:03:08.224701+00:00,51.641,-0.9321962501800899,-0.36195324442554627,0.0007431,-0.9776417954610437,-0.2102772450069356,15.49860751,0.00043521
2024-11-23 05:30:30.870991+00:00,51.6414,-0.923523806936214,-0.38354110343226894,0.0007406,-0.9790028003834026,-0.20384679747657442,15.49876152,0.00044322000000000003
2024-11-23 06:59:48.723362+00:00,51.6408,-0.9214656549328551,-0.3884598393388489,0.0007321,-0.9810502971847873,-0.19375323066633088,15.498867780000001,0.00051837
2024-11-23 11:01:22.657742+00:00,51.6386,-0.9157537688270744,-0.40174000905935336,0.0007626,-0.9835487783426545,-0.18064274306119207,15.49897124,0.00051075
2024-11-23 15:56:25.372303+00:00,51.6411,-0.9084585776657784,-0.4179748947789459,0.0007339,-0.9864899403929451,-0.16382184684444112,15.49903443,0.00047065000000000003
2024-11-23 20:47:03.014312+00:00,51.641,-0.9010202477609686,-0.4337770315781633,0.0007471,-0.9886740202731903,-0.1500789180293064,15.49913715,0.00046198
2024-11-23 21:51:18.399154+00:00,51.6386,-0.8993854149560591,-0.43715657991652995,0.0007614,-0.98868789871094,-0.14998746261786744,15.499287060000002,0.00056006
2024-11-23 22:03:04.288023+00:00,51.641,-0.899030332093383,-0.4378863573760451,0.0007493,-0.9890879785655418,-0.14732606917015886,15.49916994,0.00046369
2024-11-24 01:16:54.719890+00:00,51.6412,-0.8938719425579361,-0.448322373195563,0.00075,-0.9912890216903767,-0.1317045005918014,15.49925942,0.00047041
2024-11-24 05:35:32.032021+00:00,51.63880000000001,-0.8868439532971955,-0.46206904516554853,0.0007623,-0.9903454012751239,-0.13862173773695738,15.49949328,0.00055399
2024-11-24 13:19:45.291646+00:00,51.6389,-0.8736219410245099,-0.4866052857918498,0.0007628,-0.9931944534066564,-0.11646792572314955,15.4996991,0.0005425600000000001
2024-11-24 15:10:17.474864+00:00,51.6404,-0.8703385065847755,-0.49245394094857503,0.0007286,-0.9924218469623459,-0.12287749050109267,15.499740569999998,0.0005529199999999999
2024-11-24 18:10:12.889614+00:00,51.6416,-0.8649491556472386,-0.5018595004033789,0.0007282,-0.9942575402834074,-0.10701375420752478,15.499703240000002,0.0004889800000000001
2024-11-24 21:03:58.251453+00:00,51.6387,-0.8597167993864403,-0.5107710101921753,0.0007624,-0.993834278216433,-0.11087572972486656,15.49987349,0.0005049200000000001
2024-11-24 21:34:41.462417+00:00,51.6414,-0.8587167182665237,-0.5124505808071367,0.0007296,-0.9962903792010875,-0.086055100437761,15.49980526,0.00049563
2024-11-25 00:35:44.414319+00:00,51.6408,-0.8530985375369093,-0.5217498301412148,0.0007301,-0.9980242070511479,-0.06283058283931008,15.49988903,0.0005007000000000001
2024-11-25 01:42:29.918322+00:00,51.63880000000001,-0.8510632197020207,-0.5250632305450745,0.0007609,-0.9956084892980085,-0.09361482808688663,15.499956369999998,0.00046825
2024-11-25 01:42:29.919167+00:00,51.63880000000001,-0.8510632197020207,-0.5250632305450745,0.0007613,-0.9956485911500853,-0.09318735397493763,15.499983020000002,0.00053368
2024-11-25 22:14:59.964286+00:00,51.6371,-0.8098840056124247,-0.5865900591155412,0.0006317,-0.9982222914535789,-0.059600812453910836,15.49824909,-0.00048388
2024-11-26 02:28:03.666157+00:00,51.6387,-0.8009111597322405,-0.5987831946676172,0.0006803,-0.9998758636833774,-0.015756180483227265,15.49876734,0.00048999
2024-11-26 21:02:14.325201+00:00,51.63850000000001,-0.7590997728620076,-0.6509742966053641,0.0006823,-0.9996372098643544,0.02693415405407493,15.49914286,0.00043016
2024-11-27 09:25:00.587435+00:00,51.6389,-0.7293209850095501,-0.6841716895814233,0.0006858,-0.9981975525952711,0.06001371503923823,15.49937636,0.00041810999999999997
2024-11-27 21:47:46.167072+00:00,51.63880000000001,-0.6981004397841258,-0.7159998435566939,0.0006855,-0.9949950621337548,0.09992410284533706,15.499605409999997,0.00039860000000000004
2024-11-28 13:16:12.155807+00:00,51.63850000000001,-0.6571134781191312,-0.7537916667582483,0.0006917,-0.9910758002731688,0.13329950529877488,15.499898649999999,0.00039156000000000005
2024-11-28 13:33:46.503659+00:00,51.639,-0.6562658073807933,-0.7545297807660315,0.0006857,-0.9941194431732404,0.10828911628102993,15.49993755,0.00042064
2024-11-28 16:46:01.183601+00:00,51.6394,-0.6475149402998936,-0.7620527554496638,0.0006791,-0.9929195564040019,0.11878869689696946,15.50000833,0.00042205
2024-11-28 21:00:24.821873+00:00,51.6383,-0.635851940792757,-0.7718110580900511,0.0006779,-0.9870311314845269,0.16052895527092448,15.500031219999999,0.000371
2024-11-28 23:03:32.393389+00:00,51.63980000000001,-0.6300769500581999,-0.776532701826109,0.0006779,-0.9910592744055109,0.1334223167795488,15.500113689999997,0.00041427000000000006
2024-11-29 12:28:49.332281+00:00,51.6381,-0.5918528135184592,-0.8060460576978737,0.0006934,-0.9825290921876981,0.18610906212438386,15.50029065,0.00036368
2024-11-29 12:46:05.994894+00:00,51.63980000000001,-0.5909506744165957,-0.8067076920462397,0.0006742,-0.9822106409608988,0.18778247198069448,15.500364849999999,0.0004078
2024-11-29 17:17:35.488876+00:00,51.6397,-0.5777194465085128,-0.8162354079099348,0.0006647,-0.9790070695260257,0.20382629324516408,15.50042029,0.00039684000000000003
2024-11-29 18:40:10.941901+00:00,51.6379,-0.5737294031808782,-0.8190449144739947,0.0006872,-0.9769428420263204,0.21350101501757796,15.50038682,0.00034875
2024-11-29 21:45:51.689681+00:00,51.6382,-0.5645637094553303,-0.8253894947029781,0.000689,-0.974699203110357,0.22352061080812033,15.500425,0.00033447
2024-11-29 23:46:23.468158+00:00,51.6396,-0.5585010699456695,-0.829503800394876,0.0006704,-0.9787902260087695,0.20486506161300883,15.50052411,0.00039097
2024-11-30 08:35:43.956962+00:00,51.638,-0.5319248252826735,-0.8467915801707037,0.0006913,-0.9689644102494321,0.2472002663226118,15.5006352,0.00038818
2024-11-30 13:14:14.843629+00:00,51.63750000000001,-0.5177089875319917,-0.855556780248161,0.000692,-0.9645260945807318,0.2639875240855924,15.500670800000002,0.00032068000000000005
2024-11-30 16:33:54.729807+00:00,51.6399,-0.5073067553374029,-0.86176554583543,0.0006637,-0.9618220748988985,0.27367553094344726,15.500804779999998,0.00038106
2024-11-30 20:58:26.106524+00:00,51.6374,-0.49365957534415156,-0.8696552326474164,0.000691,-0.9564638230554622,0.2918509126011595,15.500787769999999,0.00031933
2024-11-30 21:26:28.120132+00:00,51.63980000000001,-0.4921014862644154,-0.8705378379004289,0.0006854,-0.9575758876630726,0.2881812266027727,15.50084872,0.00036363000000000004
2024-12-01 03:37:17.209631+00:00,51.63980000000001,-0.47258152787504865,-0.8812869563946153,0.000687,-0.9514714834612138,0.30773692687117865,15.500954319999998,0.00036284
2024-12-01 10:53:57.797069+00:00,51.63720000000001,-0.44942034549339366,-0.893320408955599,0.0006952,-0.9464815190790989,0.3227580115840987,15.50101135,0.00032933
2024-12-01 14:20:32.017913+00:00,51.6397,-0.43817504991560774,-0.8988896626569107,0.0006915,-0.9400008550134223,0.341172086452035,15.501132549999998,0.00036103000000000003
2024-12-01 21:43:48.691475+00:00,51.63720000000001,-0.4142135541014111,-0.9101797248888142,0.0006956,-0.9326314661342652,0.3608303595545295,15.50115151,0.00029497000000000003
2024-12-01 22:08:29.661796+00:00,51.6394,-0.4127706190897297,-0.9108350103154145,0.0006951,-0.9363827596426618,0.35098052288409554,15.501202669999998,0.00033860000000000004
2024-12-02 02:48:04.455943+00:00,51.6395,-0.39741537168825075,-0.917638830012053,0.0006964,-0.9320401268497835,0.3623550771575298,15.50127726,0.00033833
2024-12-02 13:12:09.235298+00:00,51.6364,-0.36285280082692595,-0.9318464706871273,0.00069,-0.9158469995765062,0.4015274254228608,15.501377169999998,0.00028574
2024-12-02 13:33:57.638863+00:00,51.6395,-0.36152205354006706,-0.9323635582776565,0.000696,-0.9196406237204422,0.3927608982613673,15.50144983,0.00033784
2024-12-02 16:45:20.547933+00:00,51.6392,-0.35077622750531523,-0.9364593094294804,0.0006936,-0.9182315449838246,0.39604397457431223,15.501492300000002,0.00033543
2024-12-02 20:56:19.203933+00:00,51.6363,-0.336741951840706,-0.9415969721013931,0.0006907,-0.9058817277137472,0.4235307490541346,15.50148422,0.00027391
2024-12-02 21:27:36.154082+00:00,51.6392,-0.3348546577106343,-0.9422697905639839,0.0006865,-0.9115798767246718,0.41112300878281205,15.501553899999998,0.00033144
2024-12-03 01:59:54.256693+00:00,51.6391,-0.31939597575765344,-0.947621343506897,0.0006872,-0.9064788377934919,0.4222512482309083,15.501625469999999,0.0003314
2024-12-03 08:30:05.580000+00:00,51.6391,-0.2970999103785414,-0.954846397727437,0.0007019,-0.8913770527508242,0.45326256168941903,15.501709759999999,0.00032469
2024-12-03 13:57:28.485204+00:00,51.635600000000004,-0.2783910333575104,-0.960467819630693,0.0006904,-0.8832612190462309,0.46888124181818797,15.50172495,0.00028126000000000003
2024-12-03 17:33:06.740072+00:00,51.6389,-0.26580850797006944,-0.9640258487668915,0.0006889,-0.882520329625037,0.47027424743283147,15.50182185,0.00031546000000000005
2024-12-03 21:41:37.789429+00:00,51.636,-0.25150350986343445,-0.9678563863127491,0.00069,-0.8764478999264934,0.48149670685731527,15.501855520000001,0.0003055
2024-12-03 22:09:22.358030+00:00,51.6386,-0.24977333957877088,-0.9683043317241062,0.0006895,-0.8864726947147105,0.4627809001301153,15.501881990000001,0.00031283
2024-12-04 01:28:27.957208+00:00,51.6387,-0.23817919736194867,-0.9712212260571831,0.0006952,-0.8818142851216382,0.4715968262779279,15.50192996,0.00031155
2024-12-04 02:57:01.270371+00:00,51.63880000000001,-0.2330091842301878,-0.9724745344040544,0.0006964,-0.8707910918424425,0.49165320538754426,15.501949190000001,0.00031026
2024-12-04 13:09:55.792208+00:00,51.63590000000001,-0.19717484379837907,-0.9803683394383382,0.0006954,-0.8534825899615143,0.5211213569146688,15.50209948,0.00031787
2024-12-04 13:20:21.991789+00:00,51.6389,-0.19643218485876482,-0.9805174127732827,0.0006976,-0.8555838862545687,0.5176641899740885,15.502102969999997,0.00030986
2024-12-04 18:14:52.471401+00:00,51.6387,-0.179071809324237,-0.9838360062049691,0.0006984,-0.8528562192952283,0.5221458313627042,15.502170089999998,0.00030797
2024-12-04 20:54:04.459663+00:00,51.6367,-0.16976059774047772,-0.985485331932848,0.0006993,-0.8462852279060034,0.5327300564339166,15.50223168,0.00033509
2024-12-04 23:03:39.957701+00:00,51.6384,-0.161975845451053,-0.986794723075887,0.0006992,-0.8423724594818872,0.5388957594066187,15.502249440000002,0.00031067000000000003
2024-12-05 12:44:28.337005+00:00,51.63880000000001,-0.11312864671815717,-0.993580348684352,0.0007011,-0.8198212080830332,0.5726195829495145,15.502465390000001,0.00031335
2024-12-05 13:55:10.712626+00:00,51.6361,-0.10903516398472646,-0.9940378931483567,0.0007015,-0.8158359219712771,0.578283449893974,15.50250615,0.00032645000000000005
2024-12-05 15:56:13.113870+00:00,51.6381,-0.10168311546239923,-0.9948168394382256,0.0007043,-0.8160326872471281,0.5780057554594338,15.50252031,0.00031492
2024-12-05 21:39:18.631865+00:00,51.63620000000001,-0.08128445392863175,-0.996690943848455,0.0007072,-0.8018820229084725,0.5974824025326737,15.502625970000002,0.00031195
2024-12-05 23:50:15.431414+00:00,51.63880000000001,-0.0733374133664888,-0.9973071862774843,0.0007028,-0.8011055012581355,0.5985231623370573,15.502659759999998,0.00032316
2024-12-06 13:32:24.442668+00:00,51.6396,-0.023997718604035854,-0.9997120132827261,0.0006832,-0.788730151096963,0.6147395779926341,15.502884349999999,0.00032675
2024-12-06 16:43:37.409648+00:00,51.639,-0.01252415527758549,-0.9999215696916348,0.0006866,-0.7792329655162845,0.6267343818977039,15.5029327,0.00032646
2024-12-06 20:51:41.098743+00:00,51.637,0.0022759073798225334,-0.9999974101194455,0.0007101,-0.7714547004918432,0.6362842486570295,15.50298861,0.00030146000000000003
2024-12-06 23:01:29.104901+00:00,51.6383,0.0101768391942831,-0.9999482146311446,0.0006947,-0.7649787324865415,0.6440555401852269,15.503045429999998,0.00033206999999999996
2024-12-07 13:52:44.469404+00:00,51.6367,0.06357957383711405,-0.9979767721699193,0.0007066,-0.734937083372152,0.6781352988043274,15.50323812,0.00030333
2024-12-07 14:02:40.788398+00:00,51.6387,0.06428324438694402,-0.99793169329924,0.00068,-0.7232998675858715,0.6905340697968934,15.503279640000002,0.00033
2024-12-07 20:37:24.085045+00:00,51.6381,0.08791204672623673,-0.9961282407603973,0.0006817,-0.7189723402733058,0.695038685198116,15.50337242,0.00032680999999999997
2024-12-07 22:14:53.119664+00:00,51.6391,0.09372430039180643,-0.9955981897914773,0.0006784,-0.7184480891363865,0.6955805799591265,15.50339791,0.00032618999999999997
2024-12-08 01:18:02.684719+00:00,51.63850000000001,0.10468988832845562,-0.9945049156649631,0.0006821,-0.7097502670275626,0.7044533756426351,15.50344622,0.00032663
2024-12-08 08:42:23.894764+00:00,51.63850000000001,0.13120274728222694,-0.9913555563497872,0.0006853,-0.6944172783797021,0.7195725421996918,15.50356018,0.00032552
2024-12-08 13:05:03.689387+00:00,51.6371,0.14673392733186436,-0.9891759977727761,0.0007172,-0.6897787807690076,0.7240201886693639,15.5036203,0.00033919
2024-12-08 13:30:06.429898+00:00,51.6391,0.14832033424402558,-0.9889393704619817,0.0006799,-0.6857713539833431,0.7278170443565143,15.50363706,0.00032593
2024-12-08 20:49:09.621391+00:00,51.63750000000001,0.17424973005318095,-0.9847014936397698,0.0007185,-0.6773974008048705,0.7356172655551293,15.50376027,0.00035759
2024-12-09 12:17:20.712198+00:00,51.6371,0.22888948652232005,-0.9734524143272483,0.0007048,-0.659231645402641,0.7519399162830276,15.50402113,0.00034739
2024-12-09 17:22:10.708305+00:00,51.63850000000001,0.2467808350205104,-0.9690713180496984,0.0006962,-0.6279807152646172,0.7782289002958833,15.504065849999998,0.00032321
2024-12-09 21:34:14.946246+00:00,51.6373,0.26129977207729677,-0.9652577008821803,0.0007222,-0.6143154982998825,0.7890604973945705,15.50421123,0.00038304
2024-12-09 22:16:22.831388+00:00,51.6394,0.26384443085450754,-0.9645652473042251,0.0006873,-0.6159021307930205,0.7878226737563582,15.50416579,0.00032992
2024-12-10 06:02:16.002239+00:00,51.63980000000001,0.2907305827008177,-0.9568049583287301,0.0006803,-0.6015919785827808,0.7988035373637594,15.50429917,0.00033265
2024-12-10 13:02:24.486147+00:00,51.6364,0.31470821659428716,-0.9491884630609684,0.0007197,-0.579153125221871,0.8152187789457133,15.5044623,0.00031407
2024-12-10 20:46:28.944210+00:00,51.63620000000001,0.34106708522052337,-0.9400389584369236,0.0007198,-0.5627977143172963,0.8265946604952314,15.50456561,0.00030565
2024-12-10 20:46:28.945055+00:00,51.636,0.3410539597673399,-0.9400437205401766,0.0007226,-0.5590134693791448,0.8291585741296366,15.504568650000001,0.00029766
2024-12-10 21:27:08.150975+00:00,51.6401,0.34340563256983464,-0.9391871866243234,0.0007261,-0.5532839692144772,0.8329927066969275,15.504615250000002,0.00035868
2024-12-11 00:29:28.449027+00:00,51.6393,0.35371973033765963,-0.9353514592760591,0.0007041,-0.5596587309541077,0.8287231774644883,15.504648310000002,0.00034921999999999997
2024-12-11 05:14:30.069323+00:00,51.6394,0.36968837742279836,-0.9291558015739334,0.0007055,-0.5476377032141515,0.8367155705604676,15.504729080000002,0.00034957
2024-12-11 13:47:26.008528+00:00,51.6363,0.3980575086422712,-0.917360463402205,0.0007267,-0.5218302304667859,0.8530493599850955,15.50482724,0.00030169
2024-12-11 13:56:26.011111+00:00,51.6389,0.39863382460944946,-0.9171101754299985,0.0007053,-0.5200692982255944,0.8541240688817624,15.504868759999999,0.00034772
2024-12-11 17:21:38.919180+00:00,51.6389,0.4099182579861936,-0.9121222625117559,0.0007139,-0.5000921986338046,0.8659721663342346,15.50493085,0.00034923
2024-12-11 21:31:29.791761+00:00,51.636900000000004,0.4234769922046004,-0.905906858939342,0.0007319,-0.5043678827736299,0.8634888759135498,15.504943020000002,0.00030198000000000003
2024-12-11 23:40:53.380429+00:00,51.6393,0.4305945863167558,-0.90254545715698,0.00072,-0.4833282218079501,0.8754392211935474,15.50504106,0.00035072
2024-12-12 12:59:36.799307+00:00,51.6366,0.4733258169508018,-0.880887433789276,0.000734,-0.47041440775857846,0.8824456272049547,15.50514596,0.00027525
2024-12-12 13:18:33.810320+00:00,51.6396,0.4744247167182515,-0.8802960798315569,0.0007292,-0.4481382717889154,0.8939642550784925,15.505247289999998,0.00034314
2024-12-12 16:32:36.364993+00:00,51.6399,0.4846600162181971,-0.8747026172816547,0.0007262,-0.44708946775881364,0.89448924410478,15.50528401,0.00033842000000000003
2024-12-12 20:43:40.001935+00:00,51.636900000000004,0.49770227783949805,-0.8673479363170095,0.0007316,-0.450883772102999,0.8925826707113301,15.50525942,0.00027785
2024-12-12 22:51:32.714211+00:00,51.63880000000001,0.5044477554525294,-0.8634422169542703,0.0007501,-0.4083894077890263,0.9128078064991164,15.505364339999998,0.00032977
2024-12-13 12:11:45.861228+00:00,51.6365,0.5452873161853017,-0.8382492128283991,0.0007378,-0.4126354894540565,0.9108962360461323,15.505465880000001,0.00026811
2024-12-13 12:29:45.393775+00:00,51.6382,0.5462847098893489,-0.8375995557192649,0.0007514,-0.38000673758723535,0.9249837184449822,15.50554971,0.00031874000000000003
2024-12-13 17:22:07.916729+00:00,51.6381,0.560909224190213,-0.8278773110904377,0.0007485,-0.36106474400905325,0.9325407501196271,15.505596890000001,0.00030986999999999996
2024-12-13 18:23:00.011907+00:00,51.6366,0.5638532963703855,-0.8258749664278789,0.0007388,-0.39544130558101237,0.9184912486465967,15.50554257,0.00026333
2024-12-13 22:03:32.721423+00:00,51.638,0.574833886557135,-0.8182701282984849,0.0007506,-0.35144952184772527,0.9362068326993802,15.50565218,0.00030382
2024-12-14 03:39:51.038770+00:00,51.63720000000001,0.5911660728358211,-0.8065498585505255,0.0007426,-0.35590956805751645,0.9345204007217349,15.50566691,0.00026335
2024-12-14 14:50:37.624977+00:00,51.6381,0.6232710590547518,-0.782005873983545,0.0007531,-0.2957980815951159,0.9552504880525574,15.505849250000002,0.00028884
2024-12-14 21:22:54.637806+00:00,51.6383,0.6415259488743046,-0.7671013341931581,0.0007387,-0.2850945437160953,0.958499400700549,15.505926589999998,0.00028371
2024-12-14 22:50:44.987694+00:00,51.6381,0.6455709920425854,-0.7637002646543682,0.0007433,-0.27799707179581196,0.9605819215834505,15.50594411,0.00028241
2024-12-15 06:13:48.149199+00:00,51.638,0.6656824185505581,-0.7462351624204527,0.000754,-0.2565947137530065,0.9665190907964584,15.50604037,0.00028032
2024-12-15 09:13:09.982840+00:00,51.6382,0.6736925329129942,-0.7390117530170099,0.0007546,-0.24797981187217005,0.9687652000891873,15.506080039999999,0.00027987
2024-12-15 13:41:35.811152+00:00,51.6373,0.6854422813113463,-0.7281269662570513,0.0007524,-0.2792006029805856,0.9602327964068283,15.50612824,0.00029285
2024-12-15 14:01:07.460842+00:00,51.63850000000001,0.6863833863931715,-0.7272398826270753,0.0007513,-0.2365905701066446,0.9716094390940286,15.50613257,0.00027585
2024-12-15 18:58:40.324780+00:00,51.6381,0.6992754235508543,-0.7148523498022324,0.000751,-0.22139531878447052,0.9751841430316239,15.506192869999998,0.00027389000000000005
2024-12-15 20:32:39.726257+00:00,51.6382,0.7033028940897085,-0.7108903144403081,0.0007541,-0.21623172615952874,0.9763420715108361,15.506214280000002,0.00027394
2024-12-15 21:25:37.276312+00:00,51.63750000000001,0.7054807968913499,-0.7087290351167687,0.0007555,-0.25782256515873486,0.966192281533531,15.506243230000003,0.00029887
2024-12-16 12:53:39.655399+00:00,51.6376,0.7438952869684216,-0.6682961933350883,0.0007607,-0.21783663734366648,0.9759852454985187,15.50645216,0.00029052
2024-12-16 13:25:45.081970+00:00,51.6381,0.7452665655473492,-0.6667666355459447,0.0007521,-0.18531846221950607,0.9826785168917643,15.506436170000002,0.00027234000000000004
2024-12-16 19:47:21.541644+00:00,51.6381,0.7603549557243622,-0.6495077684719431,0.0007455,-0.17634777797988044,0.9843279236116178,15.506527099999998,0.0002746
2024-12-16 20:37:40.545104+00:00,51.6379,0.7622437137204442,-0.6472901365644819,0.0007622,-0.19385767717071778,0.9810296636707647,15.506565189999998,0.00029345
2024-12-16 21:12:42.120589+00:00,51.6384,0.7636675883919832,-0.6456096455595847,0.0007464,-0.16977091770943278,0.9854835541499903,15.50654979,0.00027553
2024-12-17 11:01:09.537878+00:00,51.6383,0.7948659910839677,-0.6067850164746174,0.0007432,-0.14019102175748197,0.9901244757193881,15.50675263,0.00027953
2024-12-17 12:28:51.450797+00:00,51.63850000000001,0.7980521826823828,-0.6025883451543721,0.0007453,-0.1386096383750238,0.9903470947852299,15.506774499999999,0.00028035
2024-12-17 13:38:29.656338+00:00,51.6381,0.8005044414554049,-0.5993268217009565,0.0007666,-0.1511020955466989,0.9885181620594516,15.50685422,0.0003296
2024-12-17 13:54:03.623913+00:00,51.6384,0.8011274377396906,-0.598493799884876,0.0007442,-0.13872717415783625,0.9903306372874573,15.50680064,0.00028245
2024-12-17 17:18:32.061895+00:00,51.6382,0.8084236248727864,-0.588601089658815,0.000752,-0.13059540781064355,0.9914357465104694,15.506854950000001,0.00028537
2024-12-17 21:22:29.851378+00:00,51.6382,0.8169053845682612,-0.576771698909873,0.0007734,-0.13324069344221529,0.9910837086800679,15.50696186,0.00031349
2024-12-17 22:00:15.422675+00:00,51.6386,0.8182651118953412,-0.5748410272892016,0.0007506,-0.11352575226165845,0.9935350540234725,15.506929769999998,0.00028866000000000005
2024-12-18 02:00:53.914184+00:00,51.6382,0.8264433614728686,-0.563019866680942,0.0007735,-0.11980588867558503,0.9927973353301536,15.50700369,0.00028801
2024-12-18 02:45:19.429358+00:00,51.6386,0.827992812143092,-0.560738711914359,0.0007476,-0.10071422151883816,0.9949153961939952,15.50699795,0.00028922999999999997
2024-12-18 12:50:29.797446+00:00,51.6382,0.8477927299017998,-0.530327716723965,0.0007778,-0.08779730040724816,0.9961383608923007,15.507113519999999,0.00023891000000000003
2024-12-18 20:34:29.486193+00:00,51.6381,0.8622512442675923,-0.5064807911056342,0.0007817,-0.06747896429653068,0.9977206970778283,15.5072247,0.00025619
2024-12-19 01:12:53.231922+00:00,51.6382,0.8706048224046925,-0.4919829704427723,0.0007812,-0.05622752800046847,0.9984179811556664,15.50727578,0.00025479
2024-12-19 10:49:25.798665+00:00,51.63880000000001,0.8871784026243466,-0.461426572616828,0.0007526,-0.008853939611249846,0.999960803108482,15.50745505,0.00029048
2024-12-19 13:35:16.252519+00:00,51.6381,0.8916837921962869,-0.4526588281856978,0.0007807,-0.02312006167909939,0.999732695648169,15.50741545,0.00024028
2024-12-19 15:27:41.720819+00:00,51.6381,0.8947543948284593,-0.44655858846869967,0.0008453,-0.07628571474742887,0.9970859991622959,15.50742715,0.00024028
2024-12-19 18:13:39.798611+00:00,51.6381,0.8991334816791668,-0.4376745161915408,0.0007835,-0.012426424445464681,0.9999227890069818,15.507461829999999,0.0002324
2024-12-19 18:53:30.179892+00:00,51.6389,0.9002298769079935,-0.4354149385611601,0.0007806,-0.039830091993080304,0.999206467038631,15.50767798,0.00024028
2024-12-19 19:46:27.623731+00:00,51.6381,0.9015616160448906,-0.4326507280411362,0.0007835,-0.008873137478863003,0.9999606329407579,15.507484269999999,0.00023634
2024-12-19 20:23:39.111929+00:00,51.6394,0.9025432025566265,-0.4305993120278158,0.0007872,-0.013464808281931358,0.9999093453598336,15.50764621,0.00053354
2024-12-20 12:47:13.394689+00:00,51.6381,0.9263959329798648,-0.37655089345049475,0.0007884,0.03651289661213904,0.9993331818672846,15.507655700000003,0.00021291
2024-12-20 13:10:30.357420+00:00,51.6402,0.926964669128937,-0.3751486401237252,0.0007683,0.048072267550709195,0.9988438602166673,15.507756700000002,0.00027129
2024-12-21 01:01:53.000258+00:00,51.6395,0.9421557718265574,-0.33517532966181124,0.0007961,0.07893583275981023,0.9968796990141364,15.5078525,0.00025158000000000005
2024-12-21 07:28:35.560425+00:00,51.6435,0.9496723406052704,-0.31324502468404397,0.0008345,0.0239802703341782,0.9997124319696639,15.507967399999998,0.0002107
2024-12-21 09:13:51.307098+00:00,51.6396,0.9516212221807933,-0.3072735743521288,0.0008087,0.0411048824959256,0.9991548371673913,15.50788318,8.943900000000001e-05
2024-12-21 14:02:41.190126+00:00,51.6403,0.9568293111594297,-0.29065042457593493,0.0007877,0.1069946658133448,0.9942595946167634,15.508017389999997,0.00025222
2024-12-21 18:57:55.110822+00:00,51.6409,0.9618344929102481,-0.27363188456041776,0.0007881,0.13323896367462437,0.9910839412274381,15.50809291,0.00025657999999999996
2024-12-21 19:43:06.738520+00:00,51.6381,0.9625645951617672,-0.2710523937194859,0.0007965,0.12498518093044063,0.9921586085640668,15.508168910000002,0.00031399
2024-12-21 20:20:43.179067+00:00,51.6399,0.9631874384192306,-0.2688307245673396,0.0007955,0.13800291530773945,0.9904318226746175,15.50810844,0.00025579000000000004
2024-12-22 11:31:03.633880+00:00,51.6411,0.9764250265578951,-0.21585682178567756,0.0004048,0.29774145397651725,0.9546465453684675,15.500439659999998,0.0010441
2024-12-22 13:29:13.000134+00:00,51.6418,0.977928975167311,-0.20893759721077662,0.0005515,-0.18692697467161606,0.9823738118150936,15.501120859999999,0.0028864000000000003
2024-12-22 16:27:19.868822+00:00,51.6379,0.9801215196069119,-0.19839810181409967,0.0005356,-0.10915660780955654,0.9940245645714751,15.50099506,0.001289
2024-12-22 19:32:23.288339+00:00,51.6377,0.9822672955942376,-0.18748589281858685,0.0005268,-0.08526911139776075,0.9963579570824114,15.501074579999997,0.0010662
2024-12-23 05:55:46.424630+00:00,51.63750000000001,0.9885995086777672,-0.150568959092096,0.0005144,-0.02972555910898477,0.999558097929109,15.501099970000002,0.00052606
2024-12-23 12:42:08.000047+00:00,51.6366,0.9919822469990961,-0.1263772987471421,0.0004919,-0.024590955394888165,0.9996975967325152,15.50111921,0.00040102
2024-12-23 13:29:32.940400+00:00,51.63720000000001,0.9923297804816186,-0.123618796181255,0.000553,-0.05775917859824331,0.9983305451040032,15.50111867,0.00036373
2024-12-23 17:14:50.197075+00:00,51.636900000000004,0.9939212454292679,-0.11009340527176503,0.0005104,-0.01966684731346718,0.9998065888544387,15.501212429999999,0.00040343000000000003
2024-12-23 18:43:36.978241+00:00,51.638,0.9944912032703792,-0.10482006782020957,0.0005151,-0.010428153267429399,0.9999456253314132,15.501268000000001,0.00042093999999999996
2024-12-24 05:54:17.138894+00:00,51.6378,0.9979064852599154,-0.06467338460450534,0.0005156,0.020131012965785063,0.9997973506251011,15.50150281,0.00042839
2024-12-24 12:42:03.297317+00:00,51.6376,0.9991881492157789,-0.04028700121312431,0.0005607,0.011278078526731343,0.999936400449921,15.5015951,0.0003976
2024-12-24 13:16:38.736754+00:00,51.638,0.9992725993193025,-0.038134921655155744,0.0005134,0.03463611132083311,0.9993999898902195,15.501607149999998,0.00040406
2024-12-24 16:25:48.021322+00:00,51.6394,0.9996405398259026,-0.026810280427067623,0.0005189,0.04174835611363438,0.9991281573260805,15.50168044,0.00041052
2024-12-24 17:59:12.636386+00:00,51.6383,0.9997758691071601,-0.0211710073218692,0.0005213,0.04331598711174072,0.9990614221660926,15.501707719999999,0.0004086
2024-12-25 05:55:23.858669+00:00,51.6391,0.9997617604861967,0.021827099430308954,0.0005267,0.06595694550132987,0.9978224698512931,15.50195163,0.00041268
2024-12-25 11:54:31.088165+00:00,51.6378,0.9990610441247543,0.0433247055657144,0.0005682,0.08157843499067799,0.9966669247770148,15.50207956,0.00042581000000000004
2024-12-25 18:05:50.030609+00:00,51.6376,0.9978460048826365,0.06559992789448223,0.0005706,0.09397799375620161,0.995574274823109,15.50221396,0.00041395
2024-12-26 06:28:27.431615+00:00,51.6376,0.9939275847056471,0.11003615933500488,0.000565,0.12589770402636621,0.9920432289577352,15.502456609999998,0.00040037
2024-12-26 12:39:45.849581+00:00,51.6378,0.9912277700509297,0.13216469982510992,0.0005726,0.1425943839104495,0.9897812089937853,15.502607859999998,0.00046775
2024-12-26 16:26:11.528175+00:00,51.6386,0.9893339457618482,0.14566517690681066,0.0005485,0.15530869528300173,0.9878659874545189,15.502973070000001,0.0012612
2024-12-26 17:18:14.533927+00:00,51.6378,0.9888776746035617,0.1487311153412502,0.0005783,0.14866207829357236,0.9888880555843699,15.50270151,0.00044526
2024-12-27 11:52:08.199823+00:00,51.6383,0.9767209750942699,0.21451372173103186,0.0005797,0.20202669980449695,0.9793800143795582,15.503100829999998,0.00045083
2024-12-27 13:24:57.595685+00:00,51.6383,0.9755095969075626,0.2199568738213126,0.0005808,0.2059462973649641,0.9785632951432737,15.50313476,0.00045249
2024-12-27 14:57:46.962137+00:00,51.6383,0.9742678849165208,0.22539318627742277,0.0005826,0.2097363135877859,0.9777579857830904,15.503183710000002,0.00047502
2024-12-28 01:47:32.231910+00:00,51.6383,0.9647271596464834,0.26325179475253097,0.0005821,0.2407023953365385,0.9705989681012713,15.50343404,0.00047227000000000006
2024-12-28 05:17:53.614749+00:00,51.63980000000001,0.9613011344847588,0.27549978010574816,0.0005933,0.24787836165813193,0.9687911631624642,15.503551750000002,0.0005230500000000001
2024-12-28 12:37:16.950449+00:00,51.63850000000001,0.9537216741062197,0.30069081851634527,0.0005909,0.2741824591564233,0.9616776898165706,15.50366256,0.00045494000000000003
2024-12-28 13:01:00.236634+00:00,51.6391,0.9532555572351568,0.30216525710327913,0.0005625,0.2891938640607489,0.9572705516151706,15.50364881,0.0004426
2024-12-28 16:21:19.484939+00:00,51.6396,0.9495498037142986,0.31361627870079833,0.0005645,0.30038951845869905,0.9538166161270996,15.503725140000002,0.00044432
2024-12-28 20:21:22.765817+00:00,51.6384,0.9449660439513334,0.32716842112124234,0.0005917,0.29679992187934207,0.9549396872957038,15.503840359999998,0.00044329000000000005
2024-12-29 04:05:28.309048+00:00,51.6383,0.9354767241168509,0.35338831140206844,0.0005913,0.32018478064752914,0.9473551109492647,15.504003909999998,0.00043786000000000004
2024-12-29 11:04:24.999742+00:00,51.639,0.9262433854122584,0.37692597546473056,0.0005707,0.35288375113335124,0.935667172762866,15.504144149999998,0.00044965
2024-12-29 13:22:22.548286+00:00,51.6383,0.9231337365464686,0.38447900391276907,0.0005978,0.3434875908056348,0.9391572152534104,15.50420544,0.00044762999999999997
2024-12-29 13:59:17.983383+00:00,51.6395,0.9222394385702122,0.38661921569640056,0.0005716,0.3722411278576459,0.9281360583078688,15.50421805,0.00045346
2024-12-29 17:05:22.288146+00:00,51.63980000000001,0.9178585673064723,0.3969076094283279,0.0005753,0.3819641531053625,0.9241771398073548,15.504289229999998,0.00045437
2024-12-29 21:06:27.382167+00:00,51.6381,0.9120521358218152,0.4100742634485432,0.0005959,0.3627503367627089,0.9318863628031807,15.50438769,0.00045783
2024-12-30 08:15:42.930445+00:00,51.63980000000001,0.8947801132726851,0.4465070535744321,0.0005757,0.4193475112047446,0.907825789921385,15.50462808,0.00045596
2024-12-30 09:28:58.529576+00:00,51.6381,0.8928587193681035,0.4503368819543324,0.0006,0.3947310276003846,0.9187967217233334,15.50465299,0.00046185
2024-12-30 12:34:36.190267+00:00,51.6381,0.8877808450298945,0.460266413284748,0.000603,0.4011581497962823,0.9160088093746825,15.50474132,0.00050883
2024-12-30 13:11:59.295823+00:00,51.63980000000001,0.8866882557005565,0.4623677510409917,0.0005805,0.4196754659955553,0.9076742274855079,15.50474846,0.00046005000000000004
2024-12-30 16:16:55.987394+00:00,51.6404,0.8815095573328258,0.47216617872406497,0.0005853,0.42984777577184824,0.9029013731654166,15.50482079,0.0004614
2024-12-30 20:18:40.074605+00:00,51.6381,0.8745968600531671,0.4848508351907223,0.0006035,0.4171708526631223,0.9088280803806205,15.504911049999999,0.00046918
2024-12-31 01:15:56.315217+00:00,51.6404,0.865753004034724,0.5004715136797011,0.000586,0.44822564431830736,0.8939204504738877,15.505021349999998,0.00046121000000000004
2024-12-31 07:31:52.541171+00:00,51.6404,0.854224806682355,0.5199038176898618,0.0005861,0.46274840889805186,0.8864896559251673,15.505157679999998,0.00046011
2024-12-31 10:34:08.171898+00:00,51.6401,0.8484741929438518,0.5292367560064959,0.0005884,0.4728983533198242,0.8811169885023207,15.505226599999999,0.0004608
2024-12-31 13:19:35.611393+00:00,51.6382,0.8432282358622023,0.5375557108288574,0.0006095,0.45629674240219786,0.8898276703233847,15.505293580000002,0.00048373
2024-12-31 13:58:39.514672+00:00,51.6403,0.8419065726574537,0.5396233157640427,0.0005931,0.48420501075413314,0.8749545745697829,15.50530575,0.00046176
2024-12-31 15:18:32.086383+00:00,51.6405,0.8393068792642256,0.5436579461570912,0.0005932,0.48811863885485707,0.8727772879735596,15.50533718,0.00046219
2024-12-31 19:30:49.950443+00:00,51.6382,0.8310223331906366,0.5562390508930406,0.0006091,0.47023573977150673,0.8825408483699458,15.505440029999999,0.00048311
